t_d	Normalized Data	t_d	ΔT_ph	ΔT_e	ΔT_m
-1.13185	0.0703481248640974	-1.5	0	0	0
-0.79851	0.391052811269382	-1.49824912456228	0	0	0
-0.46517	0.107177437114668	-1.49649824912456	1.95095208730852e-06	0.00391817997167085	8.56183743107557e-06
-0.13184	11.6839959014483	-1.49474737368684	1.01551500417418e-05	0.0125457677546424	4.45087987935852e-05
0.2015	34.2914003315836	-1.49299649824912	2.76277379137992e-05	0.0225013820368823	0.000120935733195505
0.53483	41.3812498725187	-1.49124562281141	5.54497919333477e-05	0.0333176585145379	0.000242471598039569
0.86818	33.6235069600891	-1.48949474737369	9.42844371462567e-05	0.0446569649706811	0.000411958509372202
1.20155	25.0757959858957	-1.48774387193597	0.000144519468452691	0.0563087465857831	0.000631022050923184
1.53485	20.0086619384738	-1.48599299649825	0.000206366355287374	0.0681246914569386	0.000900491415137931
1.86815	17.3039834480008	-1.48424212106053	0.000279912243714838	0.079997872770354	0.00122063049677906
2.20155	15.9719210122702	-1.48249124562281	0.000365155410505272	0.0918519073780223	0.00159129858433882
2.53485	15.0040135809656	-1.48074037018509	0.000462030301451828	0.103631235858593	0.00201206527764133
2.86815	14.5724071465068	-1.47898949474737	0.00057042530102777	0.115296057146628	0.00248229242675701
3.20155	13.8250617683813	-1.47723861930965	0.000690195652393419	0.126817408196527	0.00300119373033296
3.53485	13.5258753348358	-1.47548774387194	0.000821172782357748	0.138174695541567	0.00356787777918143
3.8682	13.4662863343715	-1.47373686843422	0.000963171183131523	0.149353106416699	0.0041813797388659
4.20155	13.0226793352536	-1.4719859929965	0.00111599341904115	0.160342343390835	0.00484068437273095
4.53485	12.5004479730083	-1.47023511755878	0.00127947003642614	0.171207912770886	0.0055449019014345
4.86815	12.5132761505178	-1.46848424212106	0.00145351651846991	0.182053785532925	0.00629351737191002
0	0	-1.46673336668334	0.00163812394382233	0.192926627737555	0.00708634818260087
0	0	-1.46498249124562	0.00183331745483625	0.203847696682878	0.00792336199472836
0	0	-1.4632316158079	0.00203913998643503	0.214831855956582	0.00880460643618643
0	0	-1.46148074037019	0.00225564671325197	0.2258895124657	0.00973018486393275
0	0	-1.45972986493247	0.00248290131282879	0.237027983905631	0.0107002394773062
0	0	-1.45797898949475	0.00272097334547869	0.248252313734525	0.011714939297173
0	0	-1.45622811405703	0.00296993639513917	0.259565993349094	0.012774471579796
0	0	-1.45447723861931	0.00322986672583931	0.27097129667172	0.0138790355989937
0	0	-1.45272636318159	0.00350084231068851	0.282469712566246	0.015028838150667
0	0	-1.45097548774387	0.00378294212124702	0.294062049911582	0.0162240902673979
0	0	-1.44922461230615	0.00407623383657813	0.305725085497419	0.0174649531619719
0	0	-1.44747373686843	0.0043807396600495	0.317391033963399	0.0187513884792123
0	0	-1.44572286143072	0.00469642041972354	0.329004885470365	0.0200830895252661
0	0	-1.443971985993	0.00502320029561925	0.340548339956087	0.0214595904133718
0	0	-1.44222111055528	0.00536098822675847	0.352008806808169	0.0228803594749135
0	0	-1.44047023511756	0.00570968282351939	0.363377476683529	0.0243448203915409
0	0	-1.43871935967984	0.00606917565108253	0.374648335410223	0.0258523668458409
0	0	-1.43696848424212	0.00643935352117135	0.385817251109571	0.0274023729416717
0	0	-1.4352176088044	0.00682010012186217	0.396881556231241	0.028994200655167
0	0	-1.43346673336668	0.00721129719305336	0.407839538954617	0.0306272052143647
0	0	-1.43171585792896	0.00761282537742604	0.418690285053514	0.0323007389862196
0	0	-1.42996498249125	0.00802456484250049	0.429433364377999	0.0340141543061791
0	0	-1.42821410705353	0.00844639567412043	0.440068676937335	0.0357668052663303
0	0	-1.42646323161581	0.00887819660403758	0.450593255210707	0.0375580421661296
0	0	-1.42471235617809	0.00931984345588631	0.461003902024271	0.0393872047535869
0	0	-1.42296148074037	0.00977121041954549	0.47130022245046	0.0412536278786952
0	0	-1.42121060530265	0.0102321716989205	0.481482308000596	0.0431566486951907
0	0	-1.41945972986493	0.0107026018921642	0.491550507246479	0.0450956082752296
0	0	-1.41770885442721	0.0111823762460129	0.501505425190487	0.0470698527126526
0	0	-1.41595797898949	0.011671370834176	0.51134777748811	0.0490787339005219
0	0	-1.41420710355178	0.0121694626808193	0.521078425720199	0.051121610063054
0	0	-1.41245622811406	0.0126765298486415	0.530698269815463	0.053197846126803
0	0	-1.41070535267634	0.0131924514984651	0.540208297416368	0.0553068139627254
0	0	-1.40895447723862	0.0137171079312606	0.549609498224861	0.0574478925478322
0	0	-1.4072036018009	0.0142503806144228	0.558902917507674	0.0596204680558961
0	0	-1.40545272636318	0.0147921642640524	0.568113814744119	0.0618239868552441
0	0	-1.40370185092546	0.0153423879724793	0.577285591228043	0.0640580478462308
0	0	-1.40195097548774	0.0159010150477262	0.586443112688221	0.0663224010426596
0	0	-1.40020010005003	0.0164680266149879	0.59559705290767	0.0686168754481367
0	0	-1.39844922461231	0.0170434128325708	0.60475497144257	0.070941340848825
0	0	-1.39669834917459	0.017627170212545	0.613922306212331	0.073295696128409
0	0	-1.39494747373687	0.0182192998002117	0.623102948038722	0.0756798610715934
0	0	-1.39319659829915	0.0188198058915552	0.632299714321108	0.0780937705049029
0	0	-1.39144572286143	0.0194286951149947	0.641514610950791	0.08053737008048
0	0	-1.38969484742371	0.020045975765473	0.650749086358809	0.0830106132145488
0	0	-1.38794397198599	0.0206716573194376	0.660004149330807	0.0855134588592245
0	0	-1.38619309654827	0.0213057500784079	0.669280516023726	0.0880458698686149
0	0	-1.38444222111056	0.0219482607411643	0.678570290827266	0.0906077935192113
0	0	-1.38269134567284	0.0225991778070135	0.68784489354298	0.0931990975418836
0	0	-1.38094047023512	0.0232584629865963	0.697079245106472	0.0958195328535068
0	0	-1.3791895947974	0.0239260615709676	0.706265533927663	0.0984687793835775
0	0	-1.37743871935968	0.0246019123818162	0.715398417026124	0.101146489523828
0	0	-1.37568784392196	0.0252859499325273	0.724474247917609	0.103852297402873
0	0	-1.37393696848424	0.0259781058685976	0.733490565018192	0.106585825305281
0	0	-1.37218609304652	0.0266783099699721	0.742445767556609	0.109346688228516
0	0	-1.3704352176088	0.0273864908637714	0.751338857842566	0.112134497141212
0	0	-1.36868434217109	0.0281025765363844	0.760169290199716	0.114948861327191
0	0	-1.36693346673337	0.0288264947045955	0.768936832276429	0.117789390080282
0	0	-1.36518259129565	0.0295581730850838	0.777641494473807	0.120655693929716
0	0	-1.36343171585793	0.0302975395910609	0.786283450401885	0.123547385528418
0	0	-1.36168084042021	0.031044540856887	0.79489992292563	0.126464160962472
0	0	-1.35992996498249	0.0317991660819942	0.803538858087477	0.129405903854275
0	0	-1.35817908954477	0.0325614367627308	0.812216803086554	0.132372639499349
0	0	-1.35642821410705	0.0333313874738659	0.820943441051501	0.13536445066052
0	0	-1.35467733866933	0.0341090608304263	0.829725556007181	0.138381455911224
0	0	-1.35292646323162	0.0348945049816494	0.838567870415109	0.141423798574334
0	0	-1.3511755877939	0.0356877718817361	0.847473656491651	0.144491638887623
0	0	-1.34942471235618	0.0364889160661933	0.856445129437857	0.147585148409757
0	0	-1.34767383691846	0.0372979937721018	0.865483752137649	0.150704505986002
0	0	-1.34592296148074	0.0381150623014551	0.874590428891977	0.153849894829641
0	0	-1.34417208604302	0.0389401795565345	0.883765665890585	0.15702150039752
0	0	-1.3424212106053	0.039773403700751	0.893009668988887	0.160219508845013
0	0	-1.34067033516758	0.0406148003951558	0.902337465268129	0.163444138748714
0	0	-1.33891945972987	0.0414644585046465	0.91178074552025	0.166695709793637
0	0	-1.33716858429215	0.0423224931921301	0.921360678992984	0.169974655834595
0	0	-1.33541770885443	0.0431890337618427	0.93108465453074	0.173281471349361
0	0	-1.33366683341671	0.0440642154013341	0.940957508459684	0.176616675462446
0	0	-1.33191595797899	0.0449481769663417	0.950982313668451	0.179980802360137
0	0	-1.33016508254127	0.0458410594843247	0.961160894252816	0.183374394606621
0	0	-1.32841420710355	0.0467430051065631	0.971494179371317	0.186797998395472
0	0	-1.32666333166583	0.0476541563614251	0.981982456677572	0.190252160156352
0	0	-1.32491245622811	0.0485746556178163	0.992625548010853	0.193737424120765
0	0	-1.3231615807904	0.0495046446975844	1.00342293987818	0.197254330572864
0	0	-1.32141070535268	0.0504442645954081	1.01437387417811	0.200803414595535
0	0	-1.31965982991496	0.0513936489766296	1.02546476521759	0.204385177527608
0	0	-1.31790895447724	0.0523528725011752	1.03659110124324	0.207999860369201
0	0	-1.31615807903952	0.0533219023699326	1.04764228123591	0.211647232703535
0	0	-1.3144072036018	0.0543006342384482	1.0585859117185	0.215326752039299
0	0	-1.31265632816408	0.0552889365984394	1.06939960855163	0.219037757941731
0	0	-1.31090545272636	0.0562866595134265	1.08006773862089	0.222779509366613
0	0	-1.30915457728864	0.057293640417583	1.09057948122739	0.226551210435375
0	0	-1.30740370185093	0.0583097081514112	1.10092742803795	0.230352028771929
0	0	-1.30565282641321	0.0593346858302493	1.11110664288915	0.234181108617787
0	0	-1.30390195097549	0.0603683929108322	1.12111397011258	0.238037580298957
0	0	-1.30215107553777	0.0614106466894365	1.13094755894916	0.241920567079183
0	0	-1.30040020010005	0.0624612633952911	1.14060650571545	0.245829190144473
0	0	-1.29864932466233	0.0635200589891659	1.15009060478933	0.249762572226038
0	0	-1.29689844922461	0.0645868792398364	1.15945938755335	0.25371996966212
0	0	-1.29514757378689	0.0656616433263291	1.16880004653226	0.257700962915483
0	0	-1.29339669834917	0.0667443336390938	1.17815152021958	0.261705410393089
0	0	-1.29164582291146	0.0678349616422182	1.18753297071591	0.265733298642273
0	0	-1.28989494747374	0.0689335548924711	1.19695793393472	0.269784686164213
0	0	-1.28814407203602	0.0700401521704538	1.20643600292639	0.273859682058748
0	0	-1.2863931965983	0.071154800149775	1.21597397656911	0.27795843097475
0	0	-1.28464232116058	0.0722775510470699	1.22557663950539	0.282081102361815
0	0	-1.28289144572286	0.073408460935907	1.23524732585447	0.286227882724536
0	0	-1.28114057028514	0.0745475885258291	1.24498830792339	0.290398970009138
0	0	-1.27938969484742	0.0756949942715322	1.25480108687245	0.29459456951374
0	0	-1.27763881940971	0.0768507397206713	1.26468659339427	0.2988148909018
0	0	-1.27588794397199	0.0780148775267401	1.27462624789127	0.303060104289695
0	0	-1.27413706853427	0.0791874251507049	1.28456821004706	0.307330225060456
0	0	-1.27238619309655	0.0803683536089348	1.29447140989797	0.311625065266222
0	0	-1.27063531765883	0.0815576065055831	1.30432208611789	0.315944317618132
0	0	-1.26888444222111	0.0827551159607517	1.31411072070202	0.320287624983968
0	0	-1.26713356678339	0.0839608063028635	1.32383068892264	0.324654596290531
0	0	-1.26538269134567	0.085174596540539	1.33347742515227	0.329044817566832
0	0	-1.26363181590795	0.0863964020887588	1.34304782812262	0.3334578598029
0	0	-1.26188094047024	0.0876261359984062	1.35253985698841	0.337893284579197
0	0	-1.26013006503252	0.0888637098426702	1.36195223552331	0.342350648130822
0	0	-1.2583791895948	0.0901090343602991	1.37128424817159	0.346829504291965
0	0	-1.25662831415708	0.0913620199249257	1.38053558579042	0.351329406636626
0	0	-1.25487743871936	0.0926225769017438	1.38970626723175	0.355849910095196
0	0	-1.25312656328164	0.0938906301790986	1.39882518154666	0.36039063475696
0	0	-1.25137568784392	0.0951661363991622	1.40792686947573	0.364951341082247
0	0	-1.2496248124062	0.0964490744188967	1.41702103377022	0.369531887463511
0	0	-1.24787393696848	0.0977394313739286	1.42611449234886	0.374132169226508
0	0	-1.24612306153077	0.0990372001532975	1.4352121293202	0.378752107881463
0	0	-1.24437218609305	0.10034237773337	1.44431745103863	0.383391643725413
0	0	-1.24262131065533	0.101654964021162	1.45343298734459	0.388050730577013
0	0	-1.24087043521761	0.10297496103273	1.46256056081035	0.392729332007304
0	0	-1.23911955977989	0.10430237230076	1.47170148337353	0.397427418612171
0	0	-1.23736868434217	0.10563720244429	1.48085669259312	0.402144966030491
0	0	-1.23561780890445	0.106979456853584	1.49002685255632	0.406881953494441
0	0	-1.23386693346673	0.108329141458833	1.4992124255752	0.411638362767504
0	0	-1.23211605802901	0.109686255519288	1.50839958599413	0.416414146466486
0	0	-1.2303651825913	0.111050779521269	1.51756453165381	0.421209175136036
0	0	-1.22861430715358	0.112422675598356	1.5266943182855	0.426023239468901
0	0	-1.22686343171586	0.113801896796635	1.53578362996372	0.430856091021176
0	0	-1.22511255627814	0.115188391802629	1.5448288287331	0.435707462745223
0	0	-1.22336168084042	0.116582106398163	1.55382744223938	0.440577075321666
0	0	-1.2216108054027	0.11798298444749	1.56277782350085	0.445464641593774
0	0	-1.21985992996498	0.119390968590499	1.57167891837284	0.450369869724957
0	0	-1.21810905452726	0.120806000738027	1.58053009845309	0.455292465463716
0	0	-1.21635817908954	0.122228022429123	1.58933104592249	0.460232133777031
0	0	-1.21460730365183	0.123656975090385	1.59808166724248	0.465188580032249
0	0	-1.21285642821411	0.125092800224708	1.60678203413946	0.470161510852923
0	0	-1.21110555277639	0.126535444813481	1.61544291054068	0.475150657842333
0	0	-1.20935467733867	0.127984881910615	1.62410570010392	0.480155867814448
0	0	-1.20760380190095	0.129441124127353	1.63280814712471	0.48517716134239
0	0	-1.20585292646323	0.130904208890117	1.64156211063399	0.490214667541682
0	0	-1.20410205102551	0.132374183556238	1.65037579447528	0.495268559033538
0	0	-1.20235117558779	0.133851102228393	1.65925492031045	0.500339038271153
0	0	-1.20060030015008	0.135335023627737	1.66820344006348	0.505426328060241
0	0	-1.19884942471236	0.136826009609517	1.67722404794209	0.510530664807965
0	0	-1.19709854927464	0.13832412410581	1.68631852617448	0.515652293686208
0	0	-1.19534767383692	0.139829432362953	1.69548799956231	0.520791465137105
0	0	-1.1935967983992	0.141342000387992	1.70473311027903	0.525948432340164
0	0	-1.19184592296148	0.142861894544456	1.71405415055047	0.531123449368905
0	0	-1.19009504752376	0.144389181256844	1.72345115374341	0.536316769849653
0	0	-1.18834417208604	0.145923935456076	1.7329413624151	0.541528683999352
0	0	-1.18659329664832	0.147466251996237	1.7425476735184	0.546759568461297
0	0	-1.18484242121061	0.149016241128442	1.75227820261475	0.552009866050391
0	0	-1.18309154577289	0.150574019072219	1.76213705953337	0.557280044428111
0	0	-1.18134067033517	0.152139705183405	1.77212684021219	0.562570583903316
0	0	-1.17958979489745	0.153713420649324	1.78224906990148	0.567881971701754
0	0	-1.17783891945973	0.15529528758941	1.79250451663997	0.573214697920354
0	0	-1.17608804402201	0.156885428420035	1.80289340192382	0.57856925265002
0	0	-1.17433716858429	0.158483965399888	1.81341555627494	0.583946123916097
0	0	-1.17258629314657	0.160091020303041	1.82407052531991	0.589345796203724
0	0	-1.17083541770885	0.161706714182874	1.83485765066534	0.594768749401473
0	0	-1.16908454227114	0.163331167202144	1.84577612507976	0.600215458049459
0	0	-1.16733366683342	0.164964478747093	1.85678534254316	0.60568630407204
0	0	-1.1655827913957	0.166606686876038	1.86780317552306	0.611181399406205
0	0	-1.16383191595798	0.168257761519373	1.87877551592892	0.616700557473254
0	0	-1.16208104052026	0.169917635281206	1.88968177604438	0.622243428830091
0	0	-1.16033016508254	0.171586223557204	1.9005075981617	0.627809588810449
0	0	-1.15857928964482	0.17326342994623	1.91124292444577	0.633398560992205
0	0	-1.1568284142071	0.174949149910523	1.92188075647159	0.63900983360831
0	0	-1.15507753876938	0.176643273345945	1.93241628668187	0.644642871256324
0	0	-1.15332666333167	0.178345686420439	1.9428462917974	0.650297123313988
0	0	-1.15157578789395	0.180056272903154	1.95316869938489	0.655972030028222
0	0	-1.14982491245623	0.181774915131875	1.96338227782779	0.661667026938409
0	0	-1.14807403701851	0.183501494720308	1.97348641079137	0.667381548098408
0	0	-1.14632316158079	0.18523590010328	1.98349504646917	0.673115059263921
0	0	-1.14457228614307	0.186978076356051	1.99350759807189	0.678867276366594
0	0	-1.14282141070535	0.188728069774638	2.00362727517657	0.684638359687714
0	0	-1.14107053526763	0.190485993366223	2.01388421642472	0.690428760827968
0	0	-1.13931965982991	0.192251985364441	2.02429919063509	0.69623904128332
0	0	-1.1375687843922	0.194026201048047	2.03488663961102	0.702069837477822
0	0	-1.13581790895448	0.195808807306353	2.04565649389505	0.70792183660281
0	0	-1.13406703351676	0.197599978855249	2.05661548271632	0.713795759420167
0	0	-1.13231615807904	0.1993998955462	2.06776801539473	0.719692347955495
0	0	-1.13056528264132	0.201208740426882	2.07911682945546	0.725612356611153
0	0	-1.1288144072036	0.203026698334724	2.09066343686002	0.731556545730138
0	0	-1.12706353176588	0.204853954870323	2.10240845999333	0.737525676914298
0	0	-1.12531265632816	0.206690695647605	2.11435186533827	0.743520509621096
0	0	-1.12356178089045	0.20853711806534	2.12651788772149	0.749541852759013
0	0	-1.12181090545273	0.210393448534134	2.13894098878609	0.755590639895817
0	0	-1.12006003001501	0.212259937300512	2.15163494029697	0.761667905949739
0	0	-1.11830915457729	0.214136844153298	2.16460569933778	0.767774724493064
0	0	-1.11655827913957	0.216024433184811	2.17785677131967	0.773912185110878
0	0	-1.11480740370185	0.217922970677983	2.19138993693052	0.780081384164197
0	0	-1.11305652826413	0.219832723655043	2.20520575481561	0.786283418290564
0	0	-1.11130565282641	0.221753958854976	2.21930390587439	0.792519379792399
0	0	-1.10955477738869	0.223686942003635	2.23368344200602	0.798790353348848
0	0	-1.10780390195098	0.225631937290696	2.24834296082859	0.805097413673662
0	0	-1.10605302651326	0.22758920699392	2.26328073391518	0.811441623850358
0	0	-1.10430215107554	0.229559011210539	2.27849479893033	0.817824034160015
0	0	-1.10255127563782	0.231541583889578	2.29393527430613	0.824245576918693
0	0	-1.1008004002001	0.233537061750235	2.30945758013138	0.830706755259507
0	0	-1.09904952476238	0.235545449472444	2.32494225182243	0.837207492624503
0	0	-1.09729864932466	0.237566671844184	2.3403491080026	0.843747363119148
0	0	-1.09554777388694	0.239600619855655	2.35565006524002	0.850325792790924
0	0	-1.09379689844922	0.241647161238024	2.37082531089402	0.856942105028828
0	0	-1.09204602301151	0.243706147537179	2.38586092703423	0.863595552160596
0	0	-1.09029514757379	0.245777419066074	2.40074720389657	0.870285337995448
0	0	-1.08854427213607	0.247860808441222	2.41547747977919	0.877010634012197
0	0	-1.08679339669835	0.249956143138772	2.43004730267717	0.883770591077709
0	0	-1.08504252126063	0.25206324735451	2.4444538386426	0.890564347962091
0	0	-1.08329164582291	0.254181943365062	2.45869543659135	0.89739103755087
0	0	-1.08154077038519	0.256312052762397	2.47277179095778	0.904249792417421
0	0	-1.07978989494747	0.258453408021807	2.48670451811502	0.911139795677369
0	0	-1.07803901950976	0.260605865492886	2.50051936051274	0.918060337731782
0	0	-1.07628814407204	0.262769298410642	2.51422389573691	0.925010785189229
0	0	-1.07453726863432	0.264943586766523	2.52782373462054	0.931990536538504
0	0	-1.0727863931966	0.267128615580217	2.54132317981774	0.938999014799565
0	0	-1.07103551775888	0.269324273767697	2.55472560100647	0.946035662473088
0	0	-1.06928464232116	0.271530453357278	2.56803370879487	0.95309993793663
0	0	-1.06753376688344	0.273747048932047	2.58124973282538	0.960191312850424
0	0	-1.06578289144572	0.275973957226014	2.59437555595875	0.967309270262886
0	0	-1.064032016008	0.27821107682842	2.60741280227926	0.974453303215353
0	0	-1.06228114057029	0.28045830796452	2.62036290679583	0.981622913702269
0	0	-1.06053026513257	0.282715552331942	2.63322716026567	0.988817611890082
0	0	-1.05877938969485	0.284982780234412	2.64614182651648	0.996037210691977
0	0	-1.05702851425713	0.287260141771532	2.659331067385	1.00328231171979
0	0	-1.05527763881941	0.289547958100318	2.67291322191714	1.01055426325809
0	0	-1.05352676338169	0.291846634303025	2.68693859749936	1.01785477735866
0	0	-1.05177588794397	0.294156616789128	2.70144170680161	1.0251857448352
0	0	-1.05002501250625	0.296478379606693	2.71644604612727	1.03254917556872
0	0	-1.04827413706853	0.298812415106112	2.73196728243708	1.03994715654488
0	0	-1.04652326163082	0.301159227360534	2.74801545196516	1.04738182189916
0	0	-1.0447723861931	0.303519327450403	2.76459652805735	1.05485533137405
0	0	-1.04302151075538	0.305893230054063	2.78171352387935	1.06236985475061
0	0	-1.04127063531766	0.308281450967055	2.79936729934875	1.06992756055823
0	0	-1.03951975987994	0.31068450529288	2.81755713615735	1.07753060788304
0	0	-1.03776888444222	0.313102882467939	2.83623366082965	1.08518103662109
0	0	-1.0360180090045	0.31553695952186	2.85522204567735	1.09288038744284
0	0	-1.03426713356678	0.317986947690759	2.87436608856476	1.10062947014446
0	0	-1.03251625812906	0.320452954170784	2.89361467039712	1.1084286367618
0	0	-1.03076538269135	0.322935042584397	2.91293154830507	1.11627804577146
0	0	-1.02901450725363	0.325433245962687	2.93229060521388	1.12417771788502
0	0	-1.02726363181591	0.327947575427774	2.95167294845231	1.13212757481963
0	0	-1.02551275637819	0.330478026264782	2.97106483638697	1.14012746698119
0	0	-1.02376188094047	0.333024582257986	2.99045626634434	1.14817719336592
0	0	-1.02201100550275	0.335587218828717	3.00983994588714	1.15627651600155
0	0	-1.02026013006503	0.338165905323023	3.02921057499464	1.16442517047418
0	0	-1.01850925462731	0.340760606691349	3.04856431207146	1.17262287364535
0	0	-1.01675837918959	0.343371284725388	3.06789839642228	1.18086932932141
0	0	-1.01500750375188	0.345997903508711	3.08721997264875	1.18916425233878
0	0	-1.01325662831416	0.348640436031332	3.10653956307794	1.19750739756941
0	0	-1.01150575287644	0.351298862234356	3.12586039019638	1.20589855120999
0	0	-1.00975487743872	0.353973164572738	3.14518415984112	1.21433751138154
0	0	-1.008004002001	0.35666332696447	3.16451208240431	1.22282408365491
0	0	-1.00625312656328	0.359369334360132	3.18384502560243	1.2313580791602
0	0	-1.00450225112556	0.36209117245647	3.20318362044609	1.23993931327195
0	0	-1.00275137568784	0.364828827498384	3.22252832840618	1.24856760468081
0	0	-1.00100050025013	0.367582286139093	3.24187949182368	1.25724277472905
0	0	-0.999249624812406	0.370351535340005	3.26123736512955	1.26596464692991
0	0	-0.997498749374687	0.373136562298268	3.28060214087227	1.27473304661686
0	0	-0.995747873936969	0.37593735439399	3.29997396445516	1.28354780068562
0	0	-0.99399699849925	0.378753908295057	3.31937131255329	1.292408777531
0	0	-0.992246123061531	0.381586249858367	3.33883423912522	1.30131597410092
0	0	-0.990495247623812	0.384434438664787	3.35839024562429	1.31026953514881
0	0	-0.988744372186093	0.387298552905724	3.37804917387367	1.3192696866327
0	0	-0.986993496748374	0.390178678868055	3.39781772753229	1.32831668988018
0	0	-0.985242621310655	0.393074908205895	3.41770044417692	1.33741082977672
0	0	-0.983491745872937	0.395987336096262	3.43770032045731	1.34655240650906
0	0	-0.981740870435218	0.398916059944393	3.45781924848069	1.35574172967525
0	0	-0.979989994997499	0.401861178458281	3.47805832333653	1.36497911405588
0	0	-0.97823911955978	0.404822790980489	3.49841806065065	1.37426487656
0	0	-0.976488244122061	0.407800997002868	3.51889855489787	1.38359933401305
0	0	-0.974737368684342	0.410795895812993	3.53949959219674	1.39298280155286
0	0	-0.972986493246624	0.413807587400872	3.5602230734468	1.40241559657865
0	0	-0.971235617808905	0.416836179465031	3.58108283707506	1.41189806944981
0	0	-0.969484742371186	0.41988179341877	3.60209279730891	1.42143062962478
0	0	-0.967733866933467	0.422944559209868	3.62325638755663	1.43101372270894
0	0	-0.965982991495748	0.426024609336219	3.64457562216751	1.44064780429584
0	0	-0.964232116058029	0.42912207761062	3.66605155159142	1.45033333469379
0	0	-0.96248124062031	0.432237098336628	3.68768454024254	1.46007077528297
0	0	-0.960730365182591	0.435369805734968	3.7094744656943	1.46986058593496
0	0	-0.958979489744873	0.438520333537337	3.73142085556397	1.47970322318175
0	0	-0.957228614307154	0.441688814696168	3.75352298668656	1.48959913891167
0	0	-0.955477738869435	0.444875381176978	3.77577995545298	1.4995487794442
0	0	-0.953726863431716	0.448080163809879	3.79819072922008	1.50955258487693
0	0	-0.951975987993997	0.451303292184268	3.82075418372753	1.51961098863107
0	0	-0.950225112556278	0.45454486678758	3.84341332151927	1.52972429519103
0	0	-0.948474237118559	0.457804917614864	3.86608406400675	1.53989249928904
0	0	-0.94672336168084	0.461083413266839	3.88872780480929	1.55011532722238
0	0	-0.944972486243122	0.464380293771907	3.91132589911231	1.56039238093645
0	0	-0.943221610805403	0.467695483588536	3.93386522244875	1.57072319435428
0	0	-0.941470735367684	0.471028896387704	3.95633653006725	1.58110725433317
0	0	-0.939719859929965	0.474380438336189	3.97873333657851	1.59154401547344
0	0	-0.937968984492246	0.477750010420054	4.00105115019756	1.60203291072086
0	0	-0.936218109054527	0.481137510116247	4.02328691963082	1.61257335902221
0	0	-0.934467233616809	0.484542832605679	4.04543864881019	1.62316477088085
0	0	-0.93271635817909	0.487965871659896	4.06750511088254	1.6338065524075
0	0	-0.930965482741371	0.491406520290996	4.08948564701049	1.64449810827807
0	0	-0.929214607303652	0.494864680945127	4.11139952660464	1.65523888653561
0	0	-0.927463731865933	0.498340289993068	4.13329523230755	1.66602848582429
0	0	-0.925712856428214	0.501833326365386	4.1552092830277	1.67686669254106
0	0	-0.923961980990495	0.505343793684263	4.17715442806498	1.68775340202177
0	0	-0.922211105552776	0.508871706333854	4.19913961180182	1.69868855777578
0	0	-0.920460230115058	0.512417086144687	4.22117116833798	1.7096721371726
0	0	-0.918709354677339	0.515979960162903	4.24325357087373	1.72070414145429
0	0	-0.91695847923962	0.519560359086155	4.26538996191685	1.73178458860047
0	0	-0.915207603801901	0.523158316145091	4.28758251932314	1.74291350819477
0	0	-0.913456728364182	0.526773866293859	4.30983272043689	1.75409093770158
0	0	-0.911705852926463	0.530407045620146	4.3321415290833	1.76531691975414
0	0	-0.909954977488744	0.534057890912778	4.35450953297948	1.77659150017103
0	0	-0.908204102051026	0.537726441364056	4.37694109955477	1.78791473536853
0	0	-0.906453226613307	0.541412785867306	4.39953178616686	1.79928689983829
0	0	-0.904702351175588	0.545117115364057	4.42239078800806	1.81070871445346
0	0	-0.902951475737869	0.548839690095507	4.44554780441337	1.82218120092235
0	0	-0.90120060030015	0.552580794802303	4.46902289668847	1.83370548572669
0	0	-0.899449724862431	0.556340730298655	4.49282962115708	1.84528276421138
0	0	-0.897698849424712	0.56011980787195	4.51697688083301	1.85691427576116
0	0	-0.895947973986994	0.563918345378747	4.54147027583497	1.86860128611095
0	0	-0.894197098549275	0.567736664466371	4.5663130075636	1.88034507468598
0	0	-0.892446223111556	0.571575088569764	4.59150655070759	1.89214692546452
0	0	-0.890695347673837	0.575433941459879	4.61705111310306	1.904008120374
0	0	-0.888944472236118	0.579313546185685	4.64294598599926	1.91592993450238
0	0	-0.887193596798399	0.583214224303952	4.6691897858449	1.92791363263694
0	0	-0.88544272136068	0.587136275597524	4.69574103516522	1.93996038021946
0	0	-0.883691845922961	0.591079943455594	4.72252892044316	1.95207109198756
0	0	-0.881940970485243	0.595045415242511	4.74951280299588	1.96424643472955
0	0	-0.880190095047524	0.599032848712527	4.77667457514733	1.97648694346
0	0	-0.878439219609805	0.603042385885698	4.80400091910546	1.98879308177517
0	0	-0.876688344172086	0.607074157214873	4.83148185605109	2.00116526004037
0	0	-0.874937468734367	0.61112828442852	4.85910978950693	2.01360384821704
0	0	-0.873186593296648	0.61520488254135	4.88687884314568	2.0261091850789
0	0	-0.87143571785893	0.619304061303556	4.91478439017522	2.03868158489632
0	0	-0.869684842421211	0.62342592625766	4.94282272214729	2.05132134232493
0	0	-0.867933966983492	0.627570579516161	4.97099080609782	2.064028736006
0	0	-0.866183091545773	0.631738120337525	4.99928611239041	2.07680403123436
0	0	-0.864432216108054	0.635928647231511	5.0277098511215	2.08964748930247
0	0	-0.862681340670335	0.640142265171868	5.05627397754249	2.10255939918463
0	0	-0.860930465232616	0.644379090538668	5.08498959784022	2.11554009907588
0	0	-0.859179589794898	0.648639246332306	5.11385907586467	2.12858995525434
0	0	-0.857428714357179	0.652922857207639	5.14288366257268	2.14170934041916
0	0	-0.85567783891946	0.657230048504382	5.17206386257282	2.1548986295735
0	0	-0.853926963481741	0.661560945609164	5.20139965146284	2.16815819720544
0	0	-0.852176088044022	0.66591567351616	5.23089063423648	2.18148841530558
0	0	-0.850425212606303	0.670294356518814	5.26053614957571	2.19488965197074
0	0	-0.848674337168584	0.674697117991484	5.29033534865215	2.208362270417
0	0	-0.846923461730866	0.679124080234766	5.32028724719136	2.22190662828583
0	0	-0.845172586293147	0.683575364366117	5.35039076681318	2.23552307715975
0	0	-0.843421710855428	0.688051090243487	5.38064476172374	2.24921196223071
0	0	-0.841670835417709	0.692551385306098	5.41106590302832	2.26297366110945
0	0	-0.83991995997999	0.697076395945934	5.44167582022005	2.27680863348491
0	0	-0.838169084542271	0.701626282381947	5.47248085646155	2.29071739826065
0	0	-0.836418209104552	0.706201209373042	5.503484141957	2.30470049288307
0	0	-0.834667333666834	0.710801343843694	5.53468741403117	2.31875846316186
0	0	-0.832916458229115	0.715426853684075	5.56609142172579	2.33289185800004
0	0	-0.831165582791396	0.720077906922103	5.59769621613473	2.34710122567159
0	0	-0.829414707353677	0.724754671139216	5.62950134469461	2.3613871111798
0	0	-0.827663831915958	0.729457313053229	5.66150599589649	2.37575005437279
0	0	-0.825912956478239	0.734185998219724	5.69370909757594	2.39019058860257
0	0	-0.82416208104052	0.738940890817937	5.72610939251194	2.40470923977341
0	0	-0.822411205602801	0.74372215349835	5.75870548978208	2.4193065256745
0	0	-0.820660330165083	0.748529954977559	5.79151137581172	2.43398298932351
0	0	-0.818909454727364	0.753364486133468	5.82455792738854	2.44873926939739
0	0	-0.817158579289645	0.758225963043345	5.85786516019961	2.4635761130719
0	0	-0.815407703851926	0.763114614640557	5.891439273953	2.47849432167987
0	0	-0.813656828414207	0.768030674463462	5.92528396410854	2.49349471478995
0	0	-0.811905952976488	0.77297437848179	5.95940119579139	2.50857812082598
0	0	-0.810155077538769	0.777945963626823	5.99379170394485	2.52374537052145
0	0	-0.808404202101051	0.782945666761767	6.02845534457937	2.53899729227127
0	0	-0.806653326663332	0.78797372394893	6.06339134163745	2.55433470881826
0	0	-0.804902451225613	0.793030369924433	6.09859846372357	2.56975843488637
0	0	-0.803151575787894	0.798115837720832	6.13407515127154	2.58526927549381
0	0	-0.801400700350175	0.80323035839654	6.16981960916329	2.60086802475829
0	0	-0.799649824912456	0.808374160328142	6.20582884004557	2.61655546280075
0	0	-0.797898949474737	0.813547466237536	6.24209506759737	2.63233234273504
0	0	-0.796148074037019	0.818750490795769	6.27861048590892	2.64819938026792
0	0	-0.7943971985993	0.823983442578155	6.31537123161467	2.66415726240019
0	0	-0.792646323161581	0.82924652630008	6.35237393136266	2.68020665724197
0	0	-0.790895447723862	0.834539943252704	6.38961554905397	2.69634821591696
0	0	-0.789144572286143	0.839863891599462	6.42709329526937	2.7125825739246
0	0	-0.787393696848424	0.845218566589812	6.46480456224818	2.72891035215468
0	0	-0.785642821410705	0.850604160718558	6.50274688003779	2.74533215765788
0	0	-0.783891945972987	0.856020863847803	6.54091788445262	2.76184858424567
0	0	-0.782141070535268	0.861468863302428	6.57931529477207	2.7784602129673
0	0	-0.780390195097549	0.866948343946647	6.61793689712775	2.79516761249853
0	0	-0.77863931965983	0.872459488246717	6.65678053265828	2.81197133946544
0	0	-0.776888444222111	0.87800247050088	6.69583239388011	2.8288719131662
0	0	-0.775137568784392	0.883577448428201	6.73507346119223	2.84586977886942
0	0	-0.773386693346673	0.889184565371529	6.77449437121781	2.86296531780392
0	0	-0.771635817908955	0.894823957078862	6.81408961882254	2.88015887695621
0	0	-0.769884942471236	0.900495754255829	6.85385483489314	2.89745078015541
0	0	-0.768134067033517	0.90620008355511	6.89378645760563	2.91484133244483
0	0	-0.766383191595798	0.911937068265092	6.93388150604756	2.93233082321674
0	0	-0.764632316158079	0.917706828804591	6.97413742495339	2.94991952849537
0	0	-0.76288144072036	0.923509483085243	7.01455197221466	2.96760771262097
0	0	-0.761130565282641	0.929345146780333	7.05512314000831	2.98539562950516
0	0	-0.759379689844923	0.935213933526799	7.09584909630702	3.00328352357781
0	0	-0.757628814407204	0.941115955078514	7.13672814323336	3.02127163050886
0	0	-0.755877938969485	0.947051322116942	7.17776007735092	3.03936018080674
0	0	-0.754127063531766	0.953020146206398	7.2189471226516	3.05754940841378
0	0	-0.752376188094047	0.959022540631789	7.26029074822999	3.07583955435436
0	0	-0.750625312656328	0.965058619069608	7.3017905164208	3.09423086089443
0	0	-0.748874437218609	0.971128494492832	7.34344572473997	3.11272356678747
0	0	-0.74712356178089	0.977232278942944	7.38525549416187	3.13131790631781
0	0	-0.745372686343172	0.983370083382583	7.42721882392748	3.15001410866184
0	0	-0.743621810905453	0.989542017597118	7.46933463008932	3.16881239745705
0	0	-0.741870935467734	0.99574819012873	7.51160177224512	3.18771299051659
0	0	-0.740120060030015	1.00198870823288	7.55401907249448	3.20671609964572
0	0	-0.738369184592296	1.00826367785063	7.5965853291264	3.22582193053128
0	0	-0.736618309154577	1.01457320359232	7.63929932629146	3.24503068268335
0	0	-0.734867433716858	1.02091738906613	7.68216051759598	3.26434255089249
0	0	-0.73311655827914	1.02729634221857	7.72517840708956	3.283757748675
0	0	-0.731365682841421	1.03371018100127	7.76836379333775	3.30327653300281
0	0	-0.729614807403702	1.04015902967988	7.81171875643202	3.32289918792493
0	0	-0.727863931965983	1.04664301392956	7.855244334649	3.34262600312327
0	0	-0.726113056528264	1.05316225992589	7.89894086415728	3.36245727005718
0	0	-0.724362181090545	1.05971689374305	7.94280818106463	3.38239327931288
0	0	-0.722611305652826	1.0663070409371	7.98684576876066	3.40243431873098
0	0	-0.720860430215108	1.07293282625225	8.03105285714531	3.42258067208391
0	0	-0.719109554777389	1.07959437341229	8.07542849624498	3.44283261813941
0	0	-0.71735867933967	1.08629180497252	8.11997160698286	3.46319043000222
0	0	-0.715607803901951	1.09302524221508	8.16468101962913	3.48365437465534
0	0	-0.713856928464232	1.09979480507598	8.20955550065491	3.5042247126475
0	0	-0.712106053026513	1.1066006148175	8.25459924111885	3.52490170983462
0	0	-0.710355177588795	1.11344279858282	8.29982013198011	3.54568565730584
0	0	-0.708604302151076	1.1203214891193	8.34522178774468	3.56657687003819
0	0	-0.706853426713357	1.12723682118079	8.39080491357244	3.5875756711023
0	0	-0.705102551275638	1.13418892972389	8.43656956722119	3.60868238384668
0	0	-0.703351675837919	1.14117794934936	8.48251535656919	3.62989732948669
0	0	-0.7016008004002	1.14820401392362	8.52864157169436	3.65122082542696
0	0	-0.699849924962481	1.15526725631509	8.57494727696925	3.67265318408304
0	0	-0.698099049524763	1.16236780820852	8.62143137665198	3.69419471205498
0	0	-0.696348174087044	1.16950579997439	8.66809266172403	3.71584570955177
0	0	-0.694597298649325	1.17668136057761	8.71492984381744	3.73760646999634
0	0	-0.692846423211606	1.18389461751465	8.76194157999246	3.75947727976159
0	0	-0.691095547773887	1.19114570128159	8.80913554923792	3.78145843779599
0	0	-0.689344672336168	1.19843476254252	8.85654485674274	3.8035503308609
0	0	-0.687593796898449	1.20576198312983	8.90419918288969	3.8257534813026
0	0	-0.68584292146073	1.21312756355162	8.95210658659652	3.84806849181591
0	0	-0.684092046023012	1.22053171059016	9.00027212271334	3.87049599127541
0	0	-0.682341170585293	1.22797463468049	9.04869879265362	3.8930366235126
0	0	-0.680590295147574	1.23545654815104	9.09738812905722	3.91569103950871
0	0	-0.678839419709855	1.24297766399232	9.14634061766803	3.93845989183027
0	0	-0.677088544272136	1.25053819497943	9.19555598564549	3.96134383064931
0	0	-0.675337668834417	1.25813835304045	9.24503341404386	3.98434350088294
0	0	-0.673586793396698	1.26577834880066	9.2947716859558	4.0074595401399
0	0	-0.67183591795898	1.27345839125298	9.34476929835646	4.03069257724952
0	0	-0.670085042521261	1.28117868752107	9.39502454060045	4.05404323121707
0	0	-0.668334167083542	1.28893947277377	9.44559597966678	4.0775122425261
0	0	-0.666583291645823	1.29674104790653	9.49655738337431	4.10110063766038
0	0	-0.664832416208104	1.30458376124352	9.54793046804295	4.12480964754773
0	0	-0.663081540770385	1.31246797763069	9.59972744495582	4.14864057219498
0	0	-0.661330665332666	1.32039407118281	9.65195600302724	4.17259474962573
0	0	-0.659579789894948	1.32836242137772	9.70462060084833	4.19667353867956
0	0	-0.657828914457229	1.3363734103402	9.75772340020569	4.22087830676848
0	0	-0.65607803901951	1.34442742091047	9.81126489439548	4.24521042111682
0	0	-0.654327163581791	1.35252483525306	9.86524437636534	4.26967124245079
0	0	-0.652576288144072	1.36066603385091	9.91966025989925	4.29426212045402
0	0	-0.650825412706353	1.36885139477497	9.97451032537775	4.31898439049275
0	0	-0.649074537268634	1.37708129315608	10.0297918895771	4.34383937127214
0	0	-0.647323661830915	1.3853560801032	10.0854603604241	4.36882827231724
0	0	-0.645572786393197	1.39367604053089	10.1414284581678	4.39395200951431
0	0	-0.643821910955478	1.40204138656524	10.197638489052	4.41921117755831
0	0	-0.642071035517759	1.41045228949228	10.2540670013943	4.44460619070317
0	0	-0.64032016008004	1.41890890023147	10.3106967482822	4.47013737200588
0	0	-0.638569284642321	1.42741135475401	10.3675148065372	4.49580497686683
0	0	-0.636818409204602	1.43595977778356	10.4245113577872	4.52160920966834
0	0	-0.635067533766884	1.44455428542207	10.4816788305646	4.54755023578108
0	0	-0.633316658329165	1.45319498704919	10.5390112955943	4.57362819030226
0	0	-0.631565782891446	1.46188198671275	10.5965040322683	4.59984318446914
0	0	-0.629814907453727	1.47061538415537	10.6541532147518	4.62619531039622
0	0	-0.628064032016008	1.47939527557749	10.7119556838648	4.65268464459496
0	0	-0.626313156578289	1.4882217566724	10.7699137294427	4.67931126142021
0	0	-0.62456228114057	1.49709493974999	10.8280585835723	4.70607530824616
0	0	-0.622811405702851	1.50601496876978	10.886422644694	4.73297707101314
0	0	-0.621060530265133	1.51498200776939	10.9450139167126	4.76001692296036
0	0	-0.619309654827414	1.52399622711746	11.0038374748559	4.78719526453654
0	0	-0.617558779389695	1.53305780094851	11.06289641167	4.81451251248475
0	0	-0.615807903951976	1.54216690545666	11.1221924003536	4.84196909228414
0	0	-0.614057028514257	1.55132371770643	11.1817261066002	4.8695654327644
0	0	-0.612306153076538	1.56052841478695	11.2414974643214	4.89730196225485
0	0	-0.610555277638819	1.5697811732035	11.3015058823524	4.92517910581225
0	0	-0.608804402201101	1.57908216843828	11.3617503850688	4.9531972832269
0	0	-0.607053526763382	1.58843157463237	11.4222297212847	4.98135690758841
0	0	-0.605302651325663	1.59782956435661	11.4829424382528	5.00965838426218
0	0	-0.603551775887944	1.6072763176957	11.543905517459	5.03810215075711
0	0	-0.601800900450225	1.61677203609927	11.6051452565137	5.06668873725635
0	0	-0.600050025012506	1.6263169394937	11.6666727839593	5.09541875349622
0	0	-0.598299149574787	1.63591125513694	11.7284921594224	5.12429283985199
0	0	-0.596548274137069	1.64555521306636	11.7906055699162	5.15331164763335
0	0	-0.59479739869935	1.65524904447699	11.8530138818782	5.18247583202129
0	0	-0.593046523261631	1.66499298060657	11.9157170220706	5.2117860470824
0	0	-0.591295647823912	1.67478725194773	11.9787142393014	5.24124294221591
0	0	-0.589544772386193	1.68463208768429	12.0420042957078	5.2708471596123
0	0	-0.587793896948474	1.69452771528649	12.1055856004663	5.30059933243854
0	0	-0.586043021510755	1.70447436022013	12.169456310128	5.33050008354708
0	0	-0.584292146073037	1.71447224573887	12.2336143994224	5.36055002456788
0	0	-0.582541270635318	1.72452159997097	12.2980722448368	5.39074978702864
0	0	-0.580790395197599	1.73462267436072	12.3628648040153	5.42110010310964
0	0	-0.57903951975988	1.74477575047602	12.4280180347454	5.4516018349721
0	0	-0.577288644322161	1.75498112607734	12.4935390059165	5.48225591332558
0	0	-0.575537768884442	1.76523910408678	12.5594318082751	5.51306328932943
0	0	-0.573786893446723	1.77554998999309	12.6256984750643	5.54402492344442
0	0	-0.572036018009004	1.78591409009514	12.6923395673655	5.57514177763557
0	0	-0.570285142571286	1.7963317102678	12.7593545923769	5.60641480981135
0	0	-0.568534267133567	1.80680315508081	12.82674229497	5.63784496984705
0	0	-0.566783391695848	1.81732872716515	12.8945008703804	5.66943319673487
0	0	-0.565032516258129	1.82790872675669	12.9626281155527	5.70118041654852
0	0	-0.56328164082041	1.8385434513683	13.0311215418938	5.73308754099892
0	0	-0.561530765382691	1.84923319464823	13.0999766325559	5.7651554624386
0	0	-0.559779889944973	1.85997821317949	13.1691242001905	5.79738490819863
0	0	-0.558029014507254	1.87077868894565	13.2384845272753	5.82977627685542
0	0	-0.556278139069535	1.88163475201929	13.3080340496428	5.8623297391442
0	0	-0.554527263631816	1.89254651201202	13.3777556298042	5.89504537568477
0	0	-0.552776388194097	1.90351406372839	13.447636505015	5.92792320110465
0	0	-0.551025512756378	1.91453749095863	13.51766707481	5.9609631808994
0	0	-0.549274637318659	1.92561686915061	13.5878400064829	5.99416524359642
0	0	-0.547523761880941	1.93675226733503	13.6581496360942	6.02752928958458
0	0	-0.545772886443222	1.94794374953322	13.7285915169763	6.06105519759359
0	0	-0.544022011005503	1.95919137579437	13.7991621114497	6.09474282947076
0	0	-0.542271135567784	1.97049520296665	13.8698585519697	6.12859203372955
0	0	-0.540520260130065	1.98185528527234	13.9406784770929	6.16260264819297
0	0	-0.538769384692346	1.9932716946282	14.0116598495817	6.19677458926695
0	0	-0.537018509254627	2.00474455353488	14.0828662536315	6.23110799577812
0	0	-0.535267633816908	2.01627403228635	14.1543299464559	6.26560321570485
0	0	-0.53351675837919	2.02786032356544	14.2260638153456	6.30026069455615
0	0	-0.531765882941471	2.03950363040866	14.2980764385844	6.3350809231316
0	0	-0.530015007503752	2.05120416245466	14.370373364651	6.37006442118904
0	0	-0.528264132066033	2.06296213336772	14.4429579732422	6.40521172587791
0	0	-0.526513256628314	2.07477775901001	14.5158320734667	6.44052338342704
0	0	-0.524762381190595	2.08665125612392	14.5889963349798	6.47599994313249
0	0	-0.523011505752876	2.09858284137474	14.6624505926897	6.51164195299255
0	0	-0.521260630315158	2.11057273065159	14.7361940728721	6.54744995653274
0	0	-0.519509754877439	2.12262113855678	14.810225554259	6.58342449049976
0	0	-0.51775887943972	2.13472828965249	14.8845668302242	6.61956613419188
0	0	-0.516008004002001	2.14689445949358	14.9592990072798	6.65587568920903
0	0	-0.514257128564282	2.15911999916053	15.0344929378851	6.69235428586801
0	0	-0.512506253126563	2.17140530489359	15.1101688563756	6.72900324894951
0	0	-0.510755377688845	2.18375078904518	15.1863399362281	6.765823970792
0	0	-0.509004502251125	2.19615687390069	15.263014480927	6.80281788479294
0	0	-0.507253626813407	2.20862398749445	15.3401972884239	6.83998644682208
0	0	-0.505502751375688	2.22115256065844	15.4178906379481	6.87733112187579
0	0	-0.503751875937969	2.2337430249023	15.4960949717893	6.9148533744556
0	0	-0.50200100050025	2.2463958108755	15.5748093979441	6.95255466159517
0	0	-0.500250125062531	2.2591113472476	15.6540320451962	6.99043642780719
0	0	-0.498499249624813	2.27189005989118	15.733760330195	7.02850010142438
0	0	-0.496748374187093	2.28473237128752	15.8139911482276	7.0667470919665
0	0	-0.494997498749375	2.29763870550299	15.8947318797914	7.10517881199322
0	0	-0.493246623311656	2.31060949488948	15.9759928183163	7.14379670639252
0	0	-0.491495747873937	2.32364517684397	16.0577747955166	7.18260223797549
0	0	-0.489744872436218	2.33674618796157	16.1400764335183	7.22159686191156
0	0	-0.487993996998499	2.34991296243362	16.2228954299767	7.26078201890403
0	0	-0.48624312156078	2.36314593125831	16.3062288272458	7.30015913179333
0	0	-0.484492246123062	2.37644552169782	16.3900732071879	7.33972960319256
0	0	-0.482741370685343	2.38981215690072	16.4744248250571	7.37949481385421
0	0	-0.480990495247624	2.40324625563935	16.559279709144	7.41945612155673
0	0	-0.479239619809905	2.41674823213013	16.6446337308867	7.45961486036872
0	0	-0.477488744372186	2.43031849591371	16.7304826576951	7.49997234018639
0	0	-0.475737868934467	2.44395745177933	16.816822190872	7.5405298464722
0	0	-0.473986993496748	2.45766549032382	16.9036291173781	7.58128859889282
0	0	-0.47223611805903	2.471442969058	16.9908612310971	7.62224966874319
0	0	-0.470485242621311	2.48529020970255	17.0784899447135	7.66341396776274
0	0	-0.468734367183592	2.499207512697	17.1665020373848	7.704782312115
0	0	-0.466983491745873	2.51319516638526	17.2548870666982	7.74635546248826
0	0	-0.465232616308154	2.52725344945619	17.3436365496919	7.78813413475191
0	0	-0.463481740870435	2.5413826326325	17.4327434261932	7.8301190075927
0	0	-0.461730865432716	2.55558297988574	17.5222016799968	7.87231072810772
0	0	-0.459979989994998	2.56985474932872	17.6120060687887	7.91470991594589
0	0	-0.458229114557279	2.58419819388046	17.7021519302854	7.95731716640983
0	0	-0.45647823911956	2.59861356176714	17.7926350400219	8.00013305280273
0	0	-0.454727363681841	2.61310109690376	17.8834515081322	8.04315812822329
0	0	-0.452976488244122	2.62766103618515	17.9745916706414	8.08639291377471
0	0	-0.451225612806403	2.6422935917821	18.066016093697	8.12983782102876
0	0	-0.449474737368684	2.65699893631476	18.1576854261592	8.17349308755858
0	0	-0.447723861930966	2.67177721581118	18.2495862431741	8.21735883443133
0	0	-0.445972986493247	2.68662856440848	18.3417084184189	8.26143513057559
0	0	-0.444222111055528	2.7015531072576	18.4340441076085	8.30572200526274
0	0	-0.442471235617809	2.71655096250258	18.5265871269415	8.35021945694197
0	0	-0.44072036018009	2.73162224269155	18.6193324972256	8.39492745967285
0	0	-0.438969484742371	2.74676705580444	18.7122761319627	8.43984596784293
0	0	-0.437218609304652	2.76198550601224	18.8054146040085	8.48497491966548
0	0	-0.435467733866934	2.77727769424295	18.8987449824673	8.53031423978858
0	0	-0.433716858429215	2.79264371860718	18.9922647079457	8.57586384125833
0	0	-0.431965982991496	2.80808367472033	19.0859715044588	8.62162362700402
0	0	-0.430215107553777	2.82359767644136	19.1799044759643	8.66759358092094
0	0	-0.428464232116058	2.83918588621684	19.2741221730169	8.71377390050775
0	0	-0.426713356678339	2.85484850803079	19.3686494507091	8.76016496495578
0	0	-0.42496248124062	2.87058576345401	19.463497089837	8.80676723002309
0	0	-0.423211605802902	2.8863978825452	19.5586721108379	8.85358118865335
0	0	-0.421460730365183	2.9022851005765	19.6541788601883	8.90060735666692
0	0	-0.419709854927464	2.9182476557629	19.7500197653044	8.94784626255325
0	0	-0.417958979489745	2.93428578764175	19.8461958547442	8.99529844010833
0	0	-0.416208104052026	2.95039973589925	19.942707140827	9.04296442308993
0	0	-0.414457228614307	2.96658973951537	20.0395528877411	9.0908447413299
0	0	-0.412706353176588	2.9828560361381	20.136731814533	9.13893991790267
0	0	-0.41095547773887	2.99919886162614	20.2342422382906	9.18725046707045
0	0	-0.409204602301151	3.01561844980127	20.3320823578602	9.23577689317648
0	0	-0.407453726863432	3.03211503242499	20.4302504245895	9.28451969054091
0	0	-0.405702851425713	3.04868883910407	20.5287444309283	9.33347934305392
0	0	-0.403951975987994	3.06534009700416	20.6275620410795	9.38265632294057
0	0	-0.402201100550275	3.08206903063752	20.7267008126907	9.43205108986447
0	0	-0.400450225112556	3.09887586177817	20.8261582312035	9.48166409059515
0	0	-0.398699349674838	3.11576080940783	20.9259317360494	9.5314957588099
0	0	-0.396948474237118	3.13272408968392	21.0260187388386	9.58154651499375
0	0	-0.3951975987994	3.14976591592346	21.12641663775	9.63181676641098
0	0	-0.393446723361681	3.16688649859897	21.2271228274868	9.68230690713016
0	0	-0.391695847923962	3.18408604534302	21.3281347072093	9.73301731808774
0	0	-0.389944972486243	3.20136476095933	21.4294496860295	9.78394836718063
0	0	-0.388194097048524	3.21872284838913	21.5310670965741	9.83510041355138
0	0	-0.386443221610806	3.23616053913962	21.6330454585973	9.88647394116534
0	0	-0.384692346173086	3.25367812740673	21.7354524572369	9.93806970774644
0	0	-0.382941470735368	3.27127594898476	21.8383041832861	9.98988865106974
0	0	-0.381190595297649	3.2889543524761	21.9416110021734	10.0419317629461
0	0	-0.37943971985993	3.30671369425064	22.0453793629725	10.0942000678101
0	0	-0.377688844422211	3.32455433505241	22.1496128748746	10.1466946077285
0	0	-0.375937968984492	3.34247663760655	22.2543131107971	10.1994164315974
0	0	-0.374187093546773	3.3604809648983	22.3594801469487	10.252366587338
0	0	-0.372436218109055	3.37856767892126	22.4651129752651	10.3055461162201
0	0	-0.370685342671336	3.39673713976421	22.571209784794	10.3589560487391
0	0	-0.368934467233617	3.41498970494264	22.6777681832334	10.41259740162
0	0	-0.367183591795898	3.43332572891194	22.7847853483115	10.4664711756574
0	0	-0.365432716358179	3.45174555801279	22.8922487071365	10.5205783335357
0	0	-0.36368184092046	3.47024952240461	23.000139239743	10.5749197645834
0	0	-0.361930965482741	3.48883793647706	23.1084452061132	10.6294962868772
0	0	-0.360180090045023	3.50751110486828	23.2171595831502	10.6843086737531
0	0	-0.358429214607304	3.52626932536237	23.3262763193922	10.7393576664549
0	0	-0.356678339169585	3.54511288975069	23.4357900592872	10.7946439779458
0	0	-0.354927463731866	3.56404208443777	23.5456959596607	10.8501682956975
0	0	-0.353176588294147	3.58305719088602	23.6559895608445	10.9059312837802
0	0	-0.351425712856428	3.60215848595014	23.7666666940886	10.9619335844558
0	0	-0.349674837418709	3.62134624213399	23.8777234155579	11.0181758194146
0	0	-0.34792396198099	3.64062072779108	23.98915595706	11.0746585907511
0	0	-0.346173086543272	3.65998220728404	24.1009606909266	11.1313824817489
0	0	-0.344422211105553	3.67943094354927	24.2131389953494	11.188348068215
0	0	-0.342671335667834	3.69896720723561	24.325705579192	11.245555958593
0	0	-0.340920460230115	3.71859128239723	24.4386732054448	11.3030068187413
0	0	-0.339169584792396	3.73830345994363	24.5520434443385	11.3607013430185
0	0	-0.337418709354677	3.75810403128915	24.6658164395302	11.4186402265823
0	0	-0.335667833916958	3.77799328710539	24.7799913549349	11.4768241600992
0	0	-0.33391695847924	3.7979715164824	24.8945666508811	11.5352538260635
0	0	-0.332166083041521	3.81803900634236	25.009540287515	11.5939298961839
0	0	-0.330415207603802	3.83819604102412	25.1249098637015	11.652853029533
0	0	-0.328664332166083	3.85844290198771	25.2406727222163	11.7120238712435
0	0	-0.326913456728364	3.8787798676057	25.3568260223915	11.7714430516001
0	0	-0.325162581290645	3.89920721301744	25.4733667969858	11.8311111854229
0	0	-0.323411705852927	3.91972521003002	25.5902919912071	11.8910288716634
0	0	-0.321660830415208	3.9403341025845	25.7075493396912	11.9511965857533
0	0	-0.319909954977489	3.96103407520909	25.8250725536066	12.0116145418765
0	0	-0.31815907953977	3.98182526695415	25.9428374251747	12.0722827552466
0	0	-0.316408204102051	4.00270779704033	26.0608287669568	12.1332011546034
0	0	-0.314657328664332	4.02368177139601	26.1790350462448	12.1943696103749
0	0	-0.312906453226613	4.04474728585256	26.2974473845155	12.2557879487989
0	0	-0.311155577788895	4.06590442840816	26.4160588294888	12.317455962193
0	0	-0.309404702351176	4.08715328087337	26.5348638593061	12.37937341649
0	0	-0.307653826913457	4.1084939200867	26.6538580078244	12.4415400568269
0	0	-0.305902951475738	4.12992641881981	26.7730376048943	12.5039556117111
0	0	-0.304152076038019	4.15145084645784	26.8923995745175	12.5666197961503
0	0	-0.3024012006003	4.1730672695129	27.0119412940554	12.629532314013
0	0	-0.300650325162581	4.19477575473271	27.1316659430962	12.692692871752
0	0	-0.298899449724863	4.21657637502397	27.251582788317	12.7561012043852
0	0	-0.297148574287144	4.23846921064865	27.37169739506	12.8197570806099
0	0	-0.295397698849425	4.26045434507891	27.4920107453302	12.8836602845687
0	0	-0.293646823411706	4.28253186233281	27.6125231385144	12.9478106042625
0	0	-0.291895947973987	4.3047018463765	27.7332344015934	13.0122078289891
0	0	-0.290145072536268	4.32696438072134	27.8541440238637	13.0768517475476
0	0	-0.288394197098549	4.34931954814162	27.9752512530137	13.1417421469598
0	0	-0.286643321660831	4.37176743047411	28.0965551629294	13.2068788115553
0	0	-0.284892446223111	4.39430810847483	28.2180547026475	13.2722615223209
0	0	-0.283141570785393	4.41694166171725	28.3397487322961	13.3378900564382
0	0	-0.281390695347674	4.43966816852044	28.4616360489632	13.403764186962
0	0	-0.279639819909955	4.46248771119809	28.5837260509492	13.4698837058592
0	0	-0.277888944472236	4.4854004102056	28.7060860954259	13.5362485737512
0	0	-0.276138069034517	4.50840645349331	28.8287843593026	13.6028590477532
0	0	-0.274387193596799	4.53150607197784	28.9518389408661	13.6697155727311
0	0	-0.27263631815908	4.55469951140211	29.0752620415546	13.736818658171
0	0	-0.270885442721361	4.57798702713183	29.1990617739863	13.8041688559615
0	0	-0.269134567283642	4.60136888060823	29.3232432674978	13.8717667446608
0	0	-0.267383691845923	4.62484533682168	29.4478094901287	13.9396129180626
0	0	-0.265632816408204	4.64841666247736	29.5727618109436	14.0077079768524
0	0	-0.263881940970485	4.67208312464866	29.6981004274462	14.0760525224797
0	0	-0.262131065532766	4.69584498978463	29.823824663477	14.1446471526533
0	0	-0.260380190095048	4.71970252297566	29.9499332012256	14.2134924580273
0	0	-0.258629314657329	4.74365598741142	30.0764242440467	14.2825890197709
0	0	-0.25687843921961	4.76770559599581	30.2031992464569	14.3519371971568
0	0	-0.255127563781891	4.79185144095251	30.3301152665957	14.4215368199326
0	0	-0.253376688344172	4.81609351116112	30.4571087666786	14.4913872667629
0	0	-0.251625812906453	4.84043174809478	30.5841483881488	14.5614877108972
0	0	-0.249874937468734	4.86486606658939	30.7112112926699	14.6318372101668
0	0	-0.248124062031016	4.88939636231475	30.838280782899	14.7024347397167
0	0	-0.246373186593297	4.91402251703071	30.9653446271306	14.773279215703
0	0	-0.244622311155578	4.93874440239522	31.0923938977866	14.844369512656
0	0	-0.242871435717859	4.9635618827676	31.2194221056597	14.9157044763093
0	0	-0.24112056028014	4.98847481728887	31.3464245900607	14.9872829331216
0	0	-0.239369684842421	5.01348306143663	31.4733980508212	15.0591036973804
0	0	-0.237618809404703	5.03858646819027	31.6003402166228	15.1311655765089
0	0	-0.235867933966983	5.06378490387194	31.7272796469195	15.2034674407296
0	0	-0.234117058529265	5.08907828837761	31.8542948286462	15.2760083993177
0	0	-0.232366183091546	5.11446661115161	31.9814462640972	15.3487878695383
0	0	-0.230615307653827	5.13994990176671	32.1087535502656	15.4218054467735
0	0	-0.228864432216108	5.16552820641883	32.2362305919278	15.4950608018817
0	0	-0.227113556778389	5.19120158290313	32.3638872971595	15.5685536595667
0	0	-0.22536268134067	5.2169700971551	32.4917306555158	15.6422837829233
0	0	-0.223611805902951	5.24283382077016	32.619765525118	15.7162509621443
0	0	-0.221860930465233	5.26879282919068	32.7479951831779	15.7904550062179
0	0	-0.220110055027514	5.29484720036616	32.8764217370445	15.8648957367782
0	0	-0.218359179589795	5.32099701375718	33.0050464177913	15.9395729835379
0	0	-0.216608304152076	5.34724234959151	33.1338698040494	16.0144865808824
0	0	-0.214857428714357	5.37358328874411	33.2628928601624	16.0896363672479
0	0	-0.213106553276638	5.40001992477741	33.3921403311097	16.1650222378968
0	0	-0.211355677838919	5.42655237744692	33.5216402251182	16.2406442038049
0	0	-0.209604802401201	5.45318078374005	33.6513992504049	16.3165023518205
0	0	-0.207853926963482	5.47990528598278	33.7814217187195	16.3925967925629
0	0	-0.206103051525763	5.50672602972383	33.9117102751191	16.4689276513988
0	0	-0.204352176088044	5.53364316228487	34.042266340782	16.5454950620302
0	0	-0.202601300650325	5.56065683172364	34.1730904487548	16.6222991618187
0	0	-0.200850425212606	5.58776718607922	34.3041824722265	16.6993400883681
0	0	-0.199099549774888	5.61497437281702	34.4355418013386	16.7766179770141
0	0	-0.197348674337169	5.64227853841999	34.5671674655048	16.8541329589823
0	0	-0.19559779889945	5.66967982808676	34.6990582303302	16.9318851600382
0	0	-0.193846923461731	5.69717838550991	34.831212665189	17.0098746995052
0	0	-0.192096048024012	5.7247743118014	34.9635470039472	17.088101509958
0	0	-0.190345172586293	5.75246759581787	35.0959200752225	17.1665650325441
0	0	-0.188594297148574	5.78025811749949	35.2282550386403	17.2452642339181
0	0	-0.186843421710855	5.80814570247178	35.3605197805161	17.3241978464456
0	0	-0.185092546273137	5.83613014929337	35.4926911764187	17.4033644867314
0	0	-0.183341670835418	5.86421123736733	35.6247525531824	17.4827626900594
0	0	-0.181590795397699	5.89238873249193	35.7566919527078	17.5623909353085
0	0	-0.17983991995998	5.92066239088394	35.888500903634	17.6422476632507
0	0	-0.178089044522261	5.94903196214333	36.0201735194967	17.7223312900853
0	0	-0.176338169084542	5.97749719145681	36.15170584966	17.8026402174987
0	0	-0.174587293646824	6.00605782124592	36.2830953900126	17.88317284017
0	0	-0.172836418209105	6.03471359240306	36.4143407271767	17.9639275513791
0	0	-0.171085542771386	6.0634642517911	36.5454544647066	18.0449027760419
0	0	-0.169334667333667	6.09230957568651	36.6764822792993	18.1260970734999
0	0	-0.167583791895948	6.12124938342682	36.8074641110631	18.2075091967642
0	0	-0.165832916458229	6.15028352096001	36.9384126789568	18.2891380197538
0	0	-0.16408204102051	6.17941184548008	37.0693374256499	18.3709824701084
0	0	-0.162331165582792	6.20863422251884	37.2002454997916	18.4530415167004
0	0	-0.160580290145073	6.23795052394682	37.3311423647985	18.5353141606902
0	0	-0.158829414707354	6.26736062653576	37.4620322503785	18.6177994289472
0	0	-0.157078539269635	6.29686441090258	37.5929184634048	18.7004963691762
0	0	-0.155327663831916	6.32646176072316	37.7238036244959	18.7834040462713
0	0	-0.153576788394197	6.35615256214263	37.8546898338858	18.8665215395736
0	0	-0.151825912956478	6.38593670332962	37.985578801047	18.9498479407947
0	0	-0.150075037518759	6.41581407413828	38.1164719361438	19.0333823524384
0	0	-0.148324162081041	6.44578455063359	38.2473398515514	19.1171238197929
0	0	-0.146573286643322	6.47584797543874	38.3781445599958	19.2010712450308
0	0	-0.144822411205603	6.5060041664419	38.50887420885	19.2852234260384
0	0	-0.143071535767884	6.53625293254257	38.6395221966447	19.3695791254264
0	0	-0.141320660330165	6.56659407743989	38.7700840103915	19.454137086772
0	0	-0.139569784892446	6.59702740146285	38.9005566628357	19.5388960426475
0	0	-0.137818909454727	6.62755270287067	39.0309382766414	19.6238547204672
0	0	-0.136068034017009	6.65816977879948	39.1612278011489	19.7090118467742
0	0	-0.13431715857929	6.68887842596078	39.2914247941816	19.7943661504057
0	0	-0.132566283141571	6.71967844115952	39.4215292715113	19.8799163648313
0	0	-0.130815407703852	6.75056962168028	39.5515415869744	19.9656612298856
0	0	-0.129064532266133	6.78155176557476	39.6814623498513	20.0515994930453
0	0	-0.127313656828414	6.81262465995747	39.8112684116686	20.1377298580475
0	0	-0.125562781390696	6.84378805671198	39.9409116546496	20.2240508785668
0	0	-0.123811905952976	6.87504166867218	40.0703613577115	20.3105609422081
0	0	-0.122061030515258	6.90638518856526	40.19960729763	20.3972583539549
0	0	-0.120310155077539	6.93781830107846	40.3286426404532	20.4841413887558
0	0	-0.11855927963982	6.96934068584741	40.4574629752201	20.5712083044229
0	0	-0.116808404202101	7.00095201954662	40.5860656673857	20.658457350937
0	0	-0.115057528764382	7.0326519774022	40.7144493927179	20.7458867772698
0	0	-0.113306653326663	7.06444023430418	40.8426137991099	20.8334948364086
0	0	-0.111555777888944	7.09631646563041	40.9705592581446	20.9212797890679
0	0	-0.109804902451226	7.12828034785909	41.0982866808061	21.0092399064313
0	0	-0.108054027013507	7.16033155902448	41.2257973799768	21.0973734721717
0	0	-0.106303151575788	7.19246977319259	41.3530811887008	21.1856787581956
0	0	-0.104552276138069	7.22469462247547	41.4800631540062	21.2741538580289
0	0	-0.10280140070035	7.25700566436053	41.606667684685	21.3627965444835
0	0	-0.101050525262631	7.28940240943615	41.7328755237337	21.4516043925435
0	0	-0.0992996498249126	7.32188435289646	41.858673780811	21.5405749172241
0	0	-0.0975487743871937	7.35445098018552	41.9840540312023	21.6297055976211
0	0	-0.0957978989494748	7.38710177089003	42.1090111442964	21.7189938941192
0	0	-0.094047023511756	7.41983620154069	42.2335423975528	21.8084372610108
0	0	-0.0922961480740371	7.45265374766556	42.3576468683369	21.8980331557781
0	0	-0.0905452726363182	7.48555388531081	42.4813249622174	21.9877790459584
0	0	-0.0887943971985994	7.51853609217029	42.6045780846148	22.0776724142174
0	0	-0.0870435217608805	7.55159984842716	42.7274083789051	22.167710762099
0	0	-0.0852926463231616	7.5847446373789	42.849818543934	22.2578916127787
0	0	-0.0835417708854428	7.61796993031695	42.9717803751874	22.3482124446605
0	0	-0.0817908954477241	7.65127516426329	43.0932519595573	22.4386705940326
0	0	-0.080040020010005	7.68465974813408	43.2142175612947	22.5292632828108
0	0	-0.0782891445722862	7.71812308103177	43.3346717944812	22.6199876988028
0	0	-0.0765382691345673	7.75166455892466	43.4546120430515	22.7108410245658
0	0	-0.0747873936968484	7.78528357707319	43.5740377044279	22.8018204479289
0	0	-0.0730365182591296	7.81897953174736	43.6929496436417	22.8929231696154
0	0	-0.0712856428214107	7.85275182147188	43.8113498126419	22.9841464087966
0	0	-0.069534767383692	7.88659984793893	43.9292409605432	23.0754874071486
0	0	-0.067783891945973	7.92052301667818	44.0466264283743	23.1669434318025
0	0	-0.0660330165082543	7.95452073754847	44.1635099890681	23.2585117774767
0	0	-0.0642821410705352	7.98859242509577	44.279895733064	23.3501897679959
0	0	-0.0625312656328164	8.0227374887872	44.3957678382321	23.4419747133466
0	0	-0.0607803901950977	8.05695530793625	44.5110800977462	23.5338637997945
0	0	-0.0590295147573786	8.09124522299858	44.6257993255552	23.6258540523629
0	0	-0.05727863931966	8.12560655480563	44.7399178468754	23.7179424196287
0	0	-0.0555277638819409	8.16003861924652	44.853431613094	23.8101258377387
0	0	-0.0537768884442222	8.19454073046671	44.9663391524002	23.9024012440838
0	0	-0.0520260130065034	8.22911220309294	45.0786408840285	23.9947655871092
0	0	-0.0502751375687843	8.26375235383568	45.1903386132746	24.0872158334697
0	0	-0.0485242621310656	8.29846050266012	45.301435171628	24.1797489732525
0	0	-0.0467733866933466	8.33323597364656	45.4119341454906	24.27236202379
0	0	-0.0450225112556279	8.36807809562216	45.5218396798558	24.365052032425
0	0	-0.043271635817909	8.40298620262327	45.6311563267669	24.457816078498
0	0	-0.0415207603801902	8.43795963374795	45.7398879669046	24.5506512726323
0	0	-0.0397698849424713	8.47299771885211	45.848010443479	24.6435546938654
0	0	-0.0380190095047523	8.50809976258254	45.9554956649502	24.7365233198678
0	0	-0.0362681340670336	8.54326505474191	46.0623403479995	24.8295540728985
0	0	-0.0345172586293147	8.57849288401492	46.1685437663242	24.9226438798255
0	0	-0.0327663831915959	8.61378254022842	46.2741069734609	25.0157896816232
0	0	-0.031015507753877	8.64913331589772	46.3790323327997	25.1089884400952
0	0	-0.0292646323161581	8.68454450732865	46.4833231538165	25.2022371427385
0	0	-0.0275137568784393	8.72001541541451	46.5869834467915	25.29553280625
0	0	-0.0257628814407206	8.75554534621535	46.6900177272578	25.3888724790475
0	0	-0.0240120060030015	8.79113361137666	46.792430883273	25.4822532430583
0	0	-0.0222611305652827	8.8267795284299	46.8942280658361	25.5756722149651
0	0	-0.0205102551275638	8.86248242100369	46.9954146151797	25.6691265470433
0	0	-0.0187593796898449	8.89824162435668	47.0960068241462	25.7626134513493
0	0	-0.0170085042521263	8.93405649456574	47.1960284853382	25.8561302397952
0	0	-0.0152576288144072	8.96992640804177	47.2954949109997	25.9496743216105
0	0	-0.0135067533766885	9.00585075439776	47.3944156649833	26.0432431718441
0	0	-0.0117558779389695	9.04182893295265	47.4927991843127	26.136834316033
0	0	-0.0100050025012506	9.07786035171948	47.5906530762654	26.2304453256768
0	0	-0.00825412706353194	9.11394442667217	47.6879843212088	26.3240738148295
0	0	-0.00650325162581287	9.15008058119279	47.7847994185803	26.4177174374712
0	0	-0.00475237618809421	9.18626824564494	47.8811044938896	26.5113738854486
0	0	-0.00300150075037514	9.2225068570384	47.976905377352	26.6050408868346
0	0	-0.00125062531265648	9.25879585876119	48.0722076630605	26.6987162045976
0	0	0.000500250125062389	9.29513470036208	48.1670167530487	26.7923976355067
0	0	0.00225112556278146	9.33152282745873	48.2613179747611	26.8860829656954
0	0	0.00400200100050012	9.3679596451368	48.355043259861	26.9797698101333
0	0	0.00575287643821919	9.40444449558677	48.448133183948	27.0734555154316
0	0	0.00750375187593785	9.44097668498321	48.5405735970554	27.1671372786589
0	0	0.00925462731365692	9.47755550897019	48.6323557367353	27.2608122587049
0	0	0.0110055027513756	9.51418025744188	48.7234746518756	27.3544775966569
0	0	0.0127563781890944	9.55085021785938	48.8139282069102	27.4481304304502
0	0	0.0145072536268133	9.58756467764571	48.9037163338742	27.5417679056265
0	0	0.0162581290645322	9.6243229259452	48.9928405098355	27.6353871832547
0	0	0.0180090045022512	9.66112425492673	49.0813033547243	27.7289854457816
0	0	0.0197598799399699	9.69796796075079	49.1691083458383	27.8225599013412
0	0	0.0215107553776888	9.73485334428738	49.2562595926092	27.9161077869188
0	0	0.0232616308154076	9.77177971164565	49.3427616761095	28.0096263706495
0	0	0.0250125062531265	9.80874633662266	49.4285432895431	28.103112786903
0	0	0.0267633816908454	9.84575241250702	49.5135124272117	28.1965638256839
0	0	0.0285142571285642	9.88279707441098	49.5976427920778	28.2899760322232
0	0	0.0302651325662831	9.91987943889362	49.6809214143465	28.3833458806826
0	0	0.032016008004002	9.95699861355105	49.763340626047	28.476669815288
0	0	0.0337668834417208	9.99415370167169	49.8448966707456	28.5699442707032
0	0	0.0355177588794397	10.0313438055751	49.9255886572659	28.6631656869696
0	0	0.0372686343171586	10.0685680290585	50.0054178421891	28.7563305205075
0	0	0.0390195097548772	10.1058254792096	50.0843870676673	28.8494352522553
0	0	0.0407703851925963	10.1431152677532	50.1625003711008	28.9424763936761
0	0	0.042521260630315	10.1804365120527	50.2397626702395	29.0354504911823
0	0	0.044272136068034	10.2177883358513	50.3161795441844	29.1283541293647
0	0	0.0460230115057529	10.2551698701406	50.3917576986161	29.2211839347367
0	0	0.0477738869434716	10.2925802542112	50.4665048615877	29.3139365802459
0	0	0.0495247623811906	10.3300186360367	50.5404285416833	29.4066087868232
0	0	0.0512756378189093	10.3674841719661	50.6135358837959	29.4991973218919
0	0	0.0530265132566284	10.4049760265389	50.6858340633801	29.591698998426
0	0	0.054777388694347	10.4424933724902	50.7573302676558	29.6841106748306
0	0	0.0565282641320659	10.4800353907405	50.8280316762191	29.7764292547395
0	0	0.058279139569785	10.5176012703695	50.8979454474899	29.8686516867429
0	0	0.0600300150075036	10.5551902085781	50.9670787070443	29.9607749640605
0	0	0.0617808904452227	10.5928014106411	51.0354385388455	30.0527961241739
0	0	0.0635317658829413	10.6304340898513	51.1030319788479	30.1447122484272
0	0	0.0652826413206602	10.668087467459	51.1698660093838	30.2365204616047
0	0	0.0670335167583791	10.7057607641872	51.2359306390252	30.328217894528
0	0	0.0687843921960979	10.7434531465222	51.3011250032645	30.419801448345
0	0	0.070535267633817	10.7811636810659	51.3653476868082	30.5112675955478
0	0	0.0722861430715357	10.8188913733014	51.4285757064139	30.6026125517236
0	0	0.0740370185092546	10.8566352112119	51.4907944747779	30.6938324663844
0	0	0.0757878939469734	10.8943941727524	51.5519953286199	30.7849234547098
0	0	0.0775387693846923	10.9321672310302	51.6121740034285	30.8758816203884
0	0	0.0792896448224111	10.9699533580515	51.6713294651606	30.9667030724505
0	0	0.08104052026013	11.0077515274806	51.729463108155	31.0573839376984
0	0	0.0827913956978487	11.0455607166902	51.7865781234404	31.147920369928
0	0	0.0845422711355677	11.0833799082895	51.8426790601541	31.2383085567519
0	0	0.0862931465732866	11.1212080912627	51.8977714693385	31.3285447246396
0	0	0.0880440220110055	11.1590442618147	51.9518616573049	31.4186251426058
0	0	0.0897948974487243	11.1968873678859	52.0048437398444	31.5085458785458
0	0	0.0915457728864432	11.2347362281636	52.0565616659658	31.5983024451537
0	0	0.0932966483241621	11.2725895536507	52.1069531505341	31.6878898971914
0	0	0.0950475237618807	11.3104460130804	52.1559927552534	31.7773031187259
0	0	0.0967983991995998	11.3483042565034	52.2036644897789	31.8665369251938
0	0	0.0985492746373187	11.3861629236207	52.2499592937894	31.9555860996813
0	0	0.100300150075038	11.4240206497363	52.2948732095885	32.044445419517
0	0	0.102051025512756	11.4618760701225	52.3384061022863	32.1331096759251
0	0	0.103801900950475	11.4997278232612	52.380560677363	32.2215736886197
0	0	0.105552776388194	11.5375745532607	52.4213417828611	32.3098323166359
0	0	0.107303651825913	11.5754149116631	52.4607558590752	32.3978804663624
0	0	0.109054527263632	11.6132475587905	52.4988105453389	32.4857130974589
0	0	0.110805402701351	11.651071178439	52.5355418784229	32.5733252873015
0	0	0.112556278139069	11.6888845128162	52.5710276789586	32.6607123838653
0	0	0.114307153576788	11.7266863747601	52.6053284517328	32.7478700581523
0	0	0.116058029014507	11.764475622173	52.6384708709188	32.8347941911379
0	0	0.117808904452226	11.8022511386911	52.6704771503877	32.9214807891411
0	0	0.119559779889945	11.8400118296818	52.7013662852212	33.0079259663816
0	0	0.121310655327664	11.8777566194056	52.7311548543509	33.0941259320967
0	0	0.123061530765383	11.9154844489145	52.7598576153005	33.1800769807815
0	0	0.124812406203101	11.953194274461	52.7874879280019	33.2657754847129
0	0	0.126563281640821	11.9908850662727	52.8140580752603	33.3512178881457
0	0	0.128314157078539	12.0285558076001	52.8395794971544	33.4364007027607
0	0	0.130065032516258	12.0662054939652	52.8640629708575	33.5213205040467
0	0	0.131815907953977	12.1038331323769	52.8875183680121	33.6059739275716
0	0	0.133566783391696	12.1414377373612	52.9099485033947	33.6903576513045
0	0	0.135317658829415	12.1790183268532	52.9313550303047	33.7744683774487
0	0	0.137068534267134	12.2165739243455	52.9517451032937	33.8583028417898
0	0	0.138819409704852	12.254103561811	52.971126212806	33.9418578262979
0	0	0.140570285142571	12.2916062799857	52.98950605122	34.0251301601094
0	0	0.14232116058029	12.3290811285275	53.006892439535	34.1081167200533
0	0	0.144072036018009	12.3665271661005	53.0232932684051	34.1908144308844
0	0	0.145822911455728	12.4039434604131	53.0387164625573	34.2732202653083
0	0	0.147573786893446	12.4413290882218	53.0531699495844	34.3553312438593
0	0	0.149324662331166	12.4786831353125	53.0666616423793	34.4371444346716
0	0	0.151075537768884	12.5160046964634	53.0791994215154	34.518656953173
0	0	0.152826413206603	12.5532928753969	53.0907911267386	34.5998659617222
0	0	0.154577288644322	12.5905467798721	53.1014348039715	34.6807686479181
0	0	0.156328164082041	12.6277655134191	53.1111217356343	34.7613621882957
0	0	0.15807903951976	12.6649481757322	53.1198508080456	34.8416437501726
0	0	0.159829914957479	12.7020938690395	53.1276260534299	34.9216105195287
0	0	0.161580790395198	12.7392017011743	53.1344524351859	35.0012597142184
0	0	0.163331665832916	12.776270786382	53.1403355784073	35.0805885873342
0	0	0.165082541270635	12.813300245874	53.1452815792974	35.1595944295467
0	0	0.166833416708354	12.850289208212	53.1492968713942	35.2382745707218
0	0	0.168584292146073	12.8872368095763	53.1523881231518	35.3166263810121
0	0	0.170335167583792	12.9241421939477	53.1545621658395	35.3946472715581
0	0	0.172086043021511	12.9610045132267	53.1558259361473	35.4723346949022
0	0	0.17383691845923	12.9978229273047	53.1561864362171	35.5496861451843
0	0	0.175587793896948	13.0345965879347	53.155618219231	35.6266990872051
0	0	0.177338669334667	13.0713245800339	53.1540104668529	35.7033706990561
0	0	0.179089544772386	13.1080058862827	53.1512668934454	35.7796977183371
0	0	0.180840420210105	13.1446394305368	53.1473637705662	35.8556766341048
0	0	0.182591295647824	13.1812241186414	53.1422859539534	35.9313038652711
0	0	0.184342171085543	13.2177588460694	53.1360244140624	36.0065757932023
0	0	0.186093046523262	13.2542425032575	53.1285746643634	36.0814887853141
0	0	0.18784392196098	13.2906739794844	53.1199355763123	36.156039212515
0	0	0.189594797398699	13.3270521657385	53.1101085453731	36.230223462138
0	0	0.191345672836418	13.3633759568562	53.0990968475565	36.3040379475627
0	0	0.193096548274137	13.3996442531206	53.086905178809	36.3774791153635
0	0	0.194847423711856	13.4358559614574	53.0735392914936	36.4505434506083
0	0	0.196598299149575	13.4720099963256	53.0590057326735	36.5232274807541
0	0	0.198349174587294	13.50810528873	53.0433284151229	36.5955278151509
0	0	0.200100050025012	13.5441407971703	53.0265358827882	36.6674411927798
0	0	0.201850925462731	13.5801155028853	53.0086425087277	36.7389644608931
0	0	0.20360180090045	13.6160284015744	52.9896603714201	36.8100945385681
0	0	0.205352676338169	13.6518785016951	52.9696005996517	36.8808284092662
0	0	0.207103551775888	13.6876648236001	52.948473601615	36.9511631168657
0	0	0.208854427213607	13.7233863988955	52.926289236421	37.0210957625911
0	0	0.210605302651326	13.7590422699454	52.9030569295911	37.0906235025858
0	0	0.212356178089044	13.7946314894792	52.8787857641275	37.1597435459526
0	0	0.214107053526763	13.8301531202741	52.8534845423011	37.2284531531395
0	0	0.215857928964482	13.8656062348931	52.8271618369584	37.2967496345843
0	0	0.217608804402201	13.9009899154639	52.7998260258485	37.364630349555
0	0	0.21935967983992	13.9363032551988	52.7714887543509	37.4320927126393
0	0	0.221110555277639	13.9715453617204	52.7421650930557	37.4991342081244
0	0	0.222861430715358	14.0067153574617	52.7118674990419	37.5657523914765
0	0	0.224612306153076	14.0418123768472	52.680605424285	37.6319448767578
0	0	0.226363181590795	14.0768355644844	52.6483877636851	37.6977093285796
0	0	0.228114057028514	14.1117840746505	52.6152229866212	37.7630434597208
0	0	0.229864932466233	14.1466570709025	52.5811192285845	37.8279450292484
0	0	0.231615807903952	14.1814537257699	52.5460843566085	37.8924118409898
0	0	0.233366683341671	14.2161732205044	52.5101260192414	37.9564417422677
0	0	0.23511755877939	14.2508147448722	52.4732516824159	38.0200326228278
0	0	0.236868434217108	14.2853774969777	52.4354686579971	38.0831824139145
0	0	0.238619309654827	14.3198606831116	52.3967841242009	38.1458890874587
0	0	0.240370185092546	14.3542635141234	52.3571981223457	38.2081506400122
0	0	0.242121060530265	14.3885851835316	52.3166738878772	38.2699649966109
0	0	0.243871935967984	14.4228248490564	52.2751744868893	38.3313299302069
0	0	0.245622811405703	14.4569816482413	52.2326945484095	38.3922431308122
0	0	0.247373686843422	14.4910547159726	52.189232022268	38.4527022820788
0	0	0.249124562281141	14.5250431874305	52.1447871961026	38.5127050737597
0	0	0.250875437718859	14.5589462001259	52.0993620882975	38.5722492106286
0	0	0.252626313156578	14.5927628953665	52.0529599824422	38.6313324190085
0	0	0.254377188594297	14.626492419328	52.0055851070714	38.6899524515444
0	0	0.256128064032016	14.6601339238438	51.9572423834076	38.7481070906955
0	0	0.257878939469735	14.6936865669838	51.9079372496653	38.8057941512695
0	0	0.259629814907454	14.7271495134794	51.8576755185987	38.8630114822433
0	0	0.261380690345173	14.7605219350294	51.8064632783767	38.9197569680424
0	0	0.263131565782891	14.7938029726068	51.7542306360675	38.9760283629736
0	0	0.26488244122061	14.8269916817566	51.7008740197907	39.0318230520436
0	0	0.266633316658329	14.8600870471906	51.6463530389523	39.0871381167528
0	0	0.268384192096048	14.8930880266328	51.5906516621319	39.1419705275978
0	0	0.270135067533767	14.9259935664336	51.5337601296376	39.1963172115997
0	0	0.271885942971486	14.9588026071024	51.4756732845186	39.2501750763884
0	0	0.273636818409205	14.9915140872625	51.4163893615387	39.3035410278668
0	0	0.275387693846924	15.0241269465515	51.3559091375718	39.3564119832721
0	0	0.277138569284642	15.0566401277767	51.294235279995	39.4087848808797
0	0	0.278889444722361	15.0890525785226	51.2313718827295	39.4606566872081
0	0	0.28064032016008	15.1213632523532	51.167324100842	39.5120244023639
0	0	0.282391195597799	15.1535711097084	51.1020978886577	39.5628850639799
0	0	0.284142071035518	15.1856751392913	51.0357414252883	39.6132358410684
0	0	0.285892946473236	15.2176744099392	50.968364807514	39.6630742610799
0	0	0.287643821910956	15.249568088296	50.900051552119	39.7123982857815
0	0	0.289394697348674	15.2813554002131	50.8308345029238	39.761206140746
0	0	0.291145572786393	15.3130356017024	50.7607396059241	39.8094961883498
0	0	0.292896448224112	15.3446079727729	50.6897878376086	39.8572669010884
0	0	0.294647323661831	15.3760718130746	50.6179964631158	39.904516841994
0	0	0.29639819909955	15.4074264386929	50.5453799674083	39.9512446499443
0	0	0.298149074537269	15.4386711797419	50.4719507222264	39.9974490285497
0	0	0.299899949974988	15.4698053785356	50.3977194900156	40.0431287376667
0	0	0.301650825412706	15.5008283881849	50.3226957930724	40.0882825868748
0	0	0.303401700850425	15.5317395715153	50.2468881972333	40.132909430423
0	0	0.305152576288144	15.56253830107	50.1703062223024	40.1770081670053
0	0	0.306903451725863	15.5932239792652	50.09299892148	40.2205778280201
0	0	0.308654327163582	15.6237960606558	50.0150204336005	40.2636176745568
0	0	0.310405202601301	15.6542540368923	49.9363895566557	40.3061271304099
0	0	0.312156078039019	15.6845974170863	49.857121319152	40.3481056959278
0	0	0.313906953476738	15.7148257244344	49.7772280628652	40.3895529335056
0	0	0.315657828914457	15.7449384938427	49.6967201069575	40.4304684569737
0	0	0.317408704352176	15.7749352701779	49.6156062616312	40.470851923615
0	0	0.319159579789895	15.8048156069546	49.5338941810517	40.5107030281215
0	0	0.320910455227614	15.8345790653333	49.4515906424745	40.5500214979665
0	0	0.322661330665333	15.864225213352	49.3687017412388	40.5888070898414
0	0	0.324412206103052	15.8937536253296	49.2852330485735	40.627059586885
0	0	0.32616308154077	15.9231638814006	49.2011897226666	40.6647787965181
0	0	0.327913956978489	15.9524555264944	49.1164949164851	40.7019643702526
0	0	0.329664832416208	15.9816280015228	49.0310157728794	40.7386155026572
0	0	0.331415707853927	16.0106806472063	48.9446833610919	40.7747309503159
0	0	0.333166583291646	16.0396127575403	48.8574716518253	40.8103092670005
0	0	0.334917458729365	16.0684236057478	48.7693628856521	40.8453489164931
0	0	0.336668334167084	16.0971124516007	48.6803453137129	40.8798483043708
0	0	0.338419209604802	16.1256785466154	48.5904116272713	40.9138058012527
0	0	0.340170085042521	16.1541211378556	48.4995578355651	40.9472197600333
0	0	0.34192096048024	16.1824394707609	48.4077824282501	40.9800885287314
0	0	0.343671835917959	16.2106327912637	48.3150857673528	41.0124104600986
0	0	0.345422711355678	16.2387003473822	48.221469621028	41.0441839188173
0	0	0.347173586793397	16.2666413904184	48.1269368222939	41.0754072868835
0	0	0.348924462231116	16.2944552112696	48.0315621474036	41.1060791230779
0	0	0.350675337668834	16.3221412615735	47.9355916651264	41.1361986938143
0	0	0.352426213106553	16.3496992224535	47.839237754459	41.1657662712434
0	0	0.354177088544272	16.3771289159077	47.7425688554123	41.1947827412756
0	0	0.355927963981991	16.4044302235084	47.6456358651344	41.2232492479994
0	0	0.35767883941971	16.4316030707602	47.5484771751317	41.2511671265261
0	0	0.359429714857428	16.4586474161498	47.4511218686045	41.2785378541814
0	0	0.361180590295148	16.4855632431569	47.3535921204034	41.3053630141927
0	0	0.362931465732866	16.5123505543091	47.2559048816939	41.3316442685117
0	0	0.364682341170585	16.5390093667062	47.1580731749611	41.3573833373146
0	0	0.366433216608304	16.5655397086317	47.0601070188534	41.3825819834852
0	0	0.368184092046023	16.5919416169703	46.9620141562977	41.4072420008136
0	0	0.369934967483742	16.6182151352363	46.8638005773806	41.4313652050098
0	0	0.371685842921461	16.6443602714604	46.7653893633647	41.4549532485921
0	0	0.373436718359179	16.6703769453889	46.6666806243067	41.4780073900856
0	0	0.375187593796899	16.6962650114444	46.5676436708644	41.5005285964781
0	0	0.376938469234617	16.7220242999131	46.4682606956604	41.5225177237981
0	0	0.378689344672336	16.7476546262505	46.3685189820467	41.5439755570181
0	0	0.380440220110055	16.7731557955727	46.2684095654448	41.564902829831
0	0	0.382191095547774	16.7985276058728	46.16792623455	41.5853002392114
0	0	0.383941970985493	16.8237698503828	46.0670648491335	41.6051684562216
0	0	0.385692846423212	16.8488823193358	45.9658228089174	41.624508134099
0	0	0.38744372186093	16.8738648012873	45.8641986862037	41.6433199143268
0	0	0.389194597298649	16.898717084112	45.7621919297185	41.661604431212
0	0	0.390945472736368	16.923438955758	45.6598026602062	41.6793623153366
0	0	0.392696348174087	16.9480302071778	45.5570362434109	41.6965942065282
0	0	0.394447223611806	16.9724906374257	45.4539030489384	41.7133007762402
0	0	0.396198099049525	16.9968200545628	45.3504102610384	41.7294827314204
0	0	0.397948974487243	17.0210182723129	45.2465615783827	41.7451407998004
0	0	0.399699849924962	17.0450851080621	45.1423602477635	41.7602757211975
0	0	0.401450725362682	17.0690203824514	45.0378091960889	41.7748882457634
0	0	0.4032016008004	17.0928239190926	44.9329111103937	41.7889791327038
0	0	0.404952476238119	17.1164955443594	44.8276684988778	41.8025491493131
0	0	0.406703351675838	17.1400350872287	44.722083730953	41.8155990702353
0	0	0.408454227113557	17.1634423791589	44.616159069297	41.8281296768869
0	0	0.410205102551276	17.186717253992	44.5098966910655	41.8401417570005
0	0	0.411955977988994	17.2098595478771	44.4032987056039	41.8516361042562
0	0	0.413706853426713	17.2328691000965	44.2963689553461	41.8626135218899
0	0	0.415457728864432	17.2557457586295	44.1891207248889	41.8730748470695
0	0	0.417208604302151	17.2784893848835	44.0815673375956	41.8830209714832
0	0	0.41895947973987	17.3010998496292	43.9737139186536	41.8924528233007
0	0	0.420710355177589	17.3235770284092	43.8655646597027	41.90137134706
0	0	0.422461230615308	17.3459208007025	43.7571230883178	41.9097775000857
0	0	0.424212106053026	17.3681310493386	43.648392234643	41.9176722498788
0	0	0.425962981490745	17.3902076600674	43.5393747581162	41.9250565721626
0	0	0.427713856928464	17.4121505212366	43.4300730349767	41.9319314494074
0	0	0.429464732366183	17.4339595235458	43.3204892263329	41.9382978697042
0	0	0.431215607803902	17.4556345598574	43.2106253260356	41.9441568258987
0	0	0.432966483241621	17.4771755250492	43.1004831987733	41.9495093149194
0	0	0.434717358679339	17.4985823158994	42.9900646071034	41.9543563372515
0	0	0.436468234117059	17.5198548470503	42.8794034897405	41.9586989670034
0	0	0.438219109554777	17.5409930747301	42.7685491747857	41.9625384555781
0	0	0.439969984992496	17.5619969912613	42.6575244993077	41.9658762067655
0	0	0.441720860430215	17.5828666061254	42.5463410035665	41.9687136935538
0	0	0.443471735867934	17.6036019387535	42.4350073802591	41.971052426872
0	0	0.445222611305653	17.6242030160099	42.3235302388915	41.9728939445895
0	0	0.446973486743372	17.6446698703942	42.2119146514936	41.9742398034374
0	0	0.448724362181091	17.6650025387201	42.1001645361518	41.9750915730054
0	0	0.450475237618809	17.6852010611271	41.9882829467894	41.9754508312454
0	0	0.452226113056528	17.705265480337	41.8762722803285	41.9753191610889
0	0	0.453976988494247	17.7251958410898	41.7641344372077	41.97469814789
0	0	0.455727863931966	17.7449921897143	41.6518709372382	41.973589377489
0	0	0.457478739369685	17.7646545670603	41.5394694700786	41.9719944051549
0	0	0.459229614807403	17.7841829914395	41.4268973164151	41.9699146808777
0	0	0.460980490245122	17.8035774526456	41.3141302155869	41.9673515236395
0	0	0.462731365682842	17.8228379244495	41.2011604610916	41.9643061765799
0	0	0.46448224112056	17.8419643741051	41.0879826323775	41.9607798485136
0	0	0.466233116558279	17.8609567643781	40.9745929349655	41.9567737226812
0	0	0.467983991995998	17.8798150549587	40.8609887731456	41.9522889630794
0	0	0.469734867433717	17.8985392034861	40.7471684365077	41.947326719136
0	0	0.471485742871436	17.9171291663041	40.6331308766761	41.9418881291857
0	0	0.473236618309155	17.9355848990253	40.5188755403126	41.9359743230701
0	0	0.474987493746873	17.9539063569535	40.4044022472736	41.9295864240902
0	0	0.476738369184592	17.9720934954017	40.2897110980526	41.9227255504757
0	0	0.478489244622311	17.9901462706416	40.174803831476	41.9153928196092
0	0	0.48024012006003	18.0080646726228	40.0597462863081	41.9075894916786
0	0	0.481990995497749	18.0258487621336	39.9446146741618	41.8993171319099
0	0	0.483741870935467	18.0434986483057	39.8294295749272	41.8905775105516
0	0	0.485492746373186	18.0610144578481	39.7142059302959	41.8813724681265
0	0	0.487243621810905	18.0783963300214	39.5989547442844	41.8717038940885
0	0	0.488994497248624	18.0956444131808	39.483684101175	41.861573711533
0	0	0.490745372686343	18.1127588622828	39.3683999462858	41.8509838659193
0	0	0.492496248124062	18.1297398370485	39.2531066130188	41.8399363167149
0	0	0.494247123561781	18.1465875005926	39.1378072381225	41.8284330311502
0	0	0.4959979989995	18.1633020183941	39.0225040455349	41.8164759795403
0	0	0.497748874437219	18.1798835575183	38.9071985773814	41.8040671317636
0	0	0.499499749874937	18.1963322860285	38.7918918515358	41.7912084546134
0	0	0.501250625312656	18.2126483948663	38.6766293500321	41.7779020078138
0	0	0.503001500750375	18.228832135046	38.561486665517	41.7641501066466
0	0	0.504752376188094	18.2448838151179	38.4465040486388	41.7499553095943
0	0	0.506503251625813	18.2608037716585	38.3316981377799	41.7353202885546
0	0	0.508254127063532	18.276592354816	38.2170806866998	41.7202477660148
0	0	0.51000500250125	18.2922499240025	38.1026599130511	41.7047404963344
0	0	0.511755877938969	18.3077768448456	37.9884414344978	41.6888012521212
0	0	0.513506753376688	18.3231734869642	37.8744289332978	41.6724328141795
0	0	0.515257628814407	18.33844022232	37.7606246498251	41.6556379640484
0	0	0.517008504252126	18.3535774239871	37.647029739288	41.6384194784444
0	0	0.518759379689845	18.3685854652269	37.5336445427734	41.6207801251111
0	0	0.520510255127564	18.3834647187934	37.4204687857794	41.6027226597227
0	0	0.522261130565283	18.398215550804	37.307490469304	41.5842497989684
0	0	0.524012006003001	18.412838301139	37.1946699559005	41.5653641346917
0	0	0.52576288144072	18.4273332721279	37.0819725909003	41.5460680848506
0	0	0.527513756878439	18.4417007424354	36.969386558322	41.5263639549874
0	0	0.529264632316158	18.4559409799824	36.8569028490688	41.5062539947741
0	0	0.531015507753877	18.4700542444436	36.7445144333305	41.4857404087835
0	0	0.532766383191596	18.4840407889764	36.6322157412988	41.4648253642585
0	0	0.534517258629315	18.497900861471	36.5200022792151	41.4435109968662
0	0	0.536268134067033	18.5116347054755	36.407870360856	41.4217994149917
0	0	0.538019009504752	18.5252425608871	36.2958169051643	41.3996927029758
0	0	0.539769884942471	18.5387246644747	36.183839291128	41.3771929235718
0	0	0.54152076038019	18.5520812502762	36.0719352465888	41.3543021198252
0	0	0.543271635817909	18.5653125499019	35.9601027671138	41.3310223165197
0	0	0.545022511255628	18.5784188167279	35.848388188053	41.3073556264756
0	0	0.546773386693347	18.5914003560647	35.7368499685173	41.2833043823802
0	0	0.548524262131066	18.6042575106743	35.6255052756399	41.2588710722607
0	0	0.550275137568784	18.6169906365249	35.5143642564232	41.2340582332737
0	0	0.552026013006503	18.6296000974874	35.4034338401462	41.2088684290375
0	0	0.553776888444222	18.6420862625144	35.2927185950265	41.1833042372524
0	0	0.555527763881941	18.6544495036286	35.1822213688852	41.1573682406594
0	0	0.55727863931966	18.6666901944534	35.0719437239116	41.1310630203992
0	0	0.559029514757379	18.6788087091258	34.96188627426	41.1043911511006
0	0	0.560780390195098	18.6908054214876	34.8520489178629	41.0773551972435
0	0	0.562531265632816	18.702680704481	34.7424310226622	41.0499577104612
0	0	0.564282141070535	18.7144349296967	34.633031554103	41.022201227546
0	0	0.566033016508254	18.7260684889398	34.5238931839595	40.994088365129
0	0	0.567783891945973	18.7375818383257	34.4151033137891	40.9656220126515
0	0	0.569534767383692	18.7489755048013	34.3067175314588	40.936805359613
0	0	0.571285642821411	18.7602500520819	34.1987551151132	40.9076417455486
0	0	0.573036518259129	18.7714060591729	34.0912291600725	40.878134566467
0	0	0.574787393696849	18.782444114918	33.9841483430647	40.8482872513154
0	0	0.576538269134567	18.793364814187	33.8775181020618	40.8181032450053
0	0	0.578289144572286	18.8041687551166	33.7713414847299	40.7875859959623
0	0	0.580040020010005	18.8148565370794	33.6656197637701	40.7567389469489
0	0	0.581790895447724	18.8254287591769	33.5603528877099	40.7255655282732
0	0	0.583541770885443	18.8358860191171	33.4555398153572	40.6940691527581
0	0	0.585292646323162	18.8462289123749	33.3511787645784	40.6622532120184
0	0	0.587043521760881	18.856458029471	33.2472631905356	40.6301210645195
0	0	0.588794397198599	18.8665739437441	33.1437667289228	40.5976759819987
0	0	0.590545272636318	18.8765772014442	33.0406629712764	40.5649211063937
0	0	0.592296148074037	18.8864683298967	32.9379419212584	40.5318594861181
0	0	0.594047023511756	18.8962478466684	32.8355953742762	40.4984941162547
0	0	0.595797898949475	18.9059162611694	32.7336163766577	40.464827945485
0	0	0.597548774387193	18.9154740757539	32.6319988987151	40.4308638810861
0	0	0.599299649824912	18.9249217865156	32.5307375911034	40.3966047926531
0	0	0.601050525262631	18.9342598838782	32.4298276185239	40.3620535149034
0	0	0.60280140070035	18.9434888530405	32.3292645329544	40.3272128498234
0	0	0.604552276138069	18.9526091743168	32.2290441851802	40.29208556833
0	0	0.606303151575788	18.9616213234002	32.1291626556985	40.2566744115761
0	0	0.608054027013507	18.9705257715686	32.0296162059435	40.2209820919894
0	0	0.609804902451226	18.9793229998721	31.9304294121355	40.1850113556716
0	0	0.611555777888945	18.9880135196195	31.8316395980653	40.148765072036
0	0	0.613306653326663	18.9965978672527	31.7332609770313	40.1122462107378
0	0	0.615057528764382	19.0050765882493	31.6352987526123	40.0754577710907
0	0	0.616808404202101	19.0134502312999	31.5377557280901	40.038402756961
0	0	0.61855927963982	19.0217193462082	31.4406329766907	40.0010841676707
0	0	0.620310155077539	19.0298844824164	31.34393031656	39.9635049914512
0	0	0.622061030515258	19.0379461879429	31.247646640733	39.9256682006931
0	0	0.623811905952976	19.0459050086051	31.1517801645304	39.8875767484867
0	0	0.625562781390695	19.0537614874502	31.0563286000279	39.8492335661057
0	0	0.627313656828414	19.0615161643351	30.9612892908085	39.8106415611844
0	0	0.629064532266133	19.0691695756204	30.8666593074013	39.7718036164107
0	0	0.630815407703852	19.0767222473745	30.7724223213145	39.732722559756
0	0	0.632566283141571	19.0841746789335	30.678542398773	39.6934010925698
0	0	0.63431715857929	19.091527337239	30.5849918894418	39.6538417653172
0	0	0.636068034017008	19.0987806689767	30.4917591412256	39.6140470312346
0	0	0.637818909454727	19.1059351098457	30.3988348575453	39.574019286878
0	0	0.639569784892446	19.1129910866468	30.3062114115843	39.533760881218
0	0	0.641320660330165	19.1199490187373	30.2138824057386	39.4932741222259
0	0	0.643071535767884	19.126809319086	30.1218423505657	39.4525612817586
0	0	0.644822411205603	19.1335723950559	30.0300864385066	39.4116245992199
0	0	0.646573286643322	19.1402386489923	29.938610375309	39.3704662843354
0	0	0.64832416208104	19.146808478669	29.8474102586927	39.3290885192764
0	0	0.650075037518759	19.1532822776312	29.7564824860732	39.2874934603028
0	0	0.651825912956478	19.1596604337455	29.6658202437879	39.2456832315222
0	0	0.653576788394197	19.165943300503	29.5753622901199	39.2036597990813
0	0	0.655327663831916	19.1721311664636	29.485040596706	39.1614248379832
0	0	0.657078539269635	19.1782242755037	29.3948346337543	39.1189798221359
0	0	0.658829414707354	19.1842228533362	29.3047291574274	39.0763261405533
0	0	0.660580290145072	19.1901271121988	29.2147126000549	39.0334651174079
0	0	0.662331165582791	19.1959372540671	29.1247760994577	38.9903980263379
0	0	0.66408204102051	19.201653472961	29.0349127673094	38.947126100958
0	0	0.665832916458229	19.207275956636	28.9451171924957	38.9036505426256
0	0	0.667583791895948	19.2128048878408	28.8553850580414	38.8599725262381
0	0	0.669334667333666	19.2182404452581	28.7657128767534	38.8160932045785
0	0	0.671085542771386	19.2235828042146	28.6760977816417	38.7720137115971
0	0	0.672836418209105	19.2288321372176	28.5865373807846	38.7277351648961
0	0	0.674587293646823	19.2339886535688	28.4971083948825	38.68325883971
0	0	0.676338169084542	19.2390526639295	28.4079378959769	38.6385864512594
0	0	0.678089044522261	19.2440245746746	28.3190910546834	38.5937201279206
0	0	0.67983991995998	19.248904837788	28.2305949140253	38.5486621909946
0	0	0.681590795397699	19.2536939273228	28.1424683105804	38.5034150524889
0	0	0.683341670835418	19.2583923321959	28.054724207433	38.4579811837718
0	0	0.685092546273136	19.2630005511497	27.9673712927498	38.4123630929861
0	0	0.686843421710855	19.2675190891155	27.8804151054374	38.366563308544
0	0	0.688594297148574	19.2719484545452	27.7938588603203	38.3205843669826
0	0	0.690345172586293	19.2762891574377	27.7077040394864	38.274428803993
0	0	0.692096048024012	19.2805417078717	27.6219508374655	38.2280991477745
0	0	0.693846923461731	19.2847066149111	27.5365984834437	38.1815979141116
0	0	0.69559779889945	19.2887843924634	27.4516588957907	38.1349276320268
0	0	0.697348674337169	19.292775582535	27.3671779445937	38.0880909456537
0	0	0.699099549774888	19.2966807691326	27.2831953270223	38.041090674539
0	0	0.700850425212606	19.3005005605026	27.1997212854156	37.9939297351425
0	0	0.702601300650325	19.3042355722688	27.1167620058705	37.9466110671839
0	0	0.704352176088044	19.3078864238643	27.0343208288816	37.8991376183932
0	0	0.706103051525763	19.3114537360753	26.9523990182347	37.8515123336668
0	0	0.707853926963482	19.3149381292833	26.8709963254776	37.8037381471976
0	0	0.7096048024012	19.318340222187	26.7901113860641	37.7558179767492
0	0	0.711355677838919	19.321660630865	26.7097420158027	37.7077547194782
0	0	0.713106553276639	19.3248999680861	26.629885423056	37.6595512488947
0	0	0.714857428714357	19.3280588428035	26.5505383707453	37.6112104126601
0	0	0.716608304152076	19.3311378597835	26.4716972932557	37.5627350310091
0	0	0.718359179589795	19.3341376080794	26.3933357749575	37.5141278462266
0	0	0.720110055027514	19.337058646466	26.3154210389371	37.4653914591205
0	0	0.721860930465233	19.3399015098332	26.2379395302501	37.4165283576697
0	0	0.723611805902952	19.342666720739	26.1608814714414	37.3675409677656
0	0	0.72536268134067	19.3453547921918	26.0842386751627	37.3184316652604
0	0	0.727113556778389	19.3479662290513	26.0080041169633	37.2692027822464
0	0	0.728864432216108	19.3505015290288	25.9321716232959	37.2198566116859
0	0	0.730615307653827	19.3529611834232	25.8567356595796	37.1703954108687
0	0	0.732366183091546	19.3553456776721	25.7816911693966	37.1208214040345
0	0	0.734117058529264	19.3576554917702	25.7070334633996	37.0711367843839
0	0	0.735867933966983	19.3598911005912	25.6327581323663	37.0213437156423
0	0	0.737618809404702	19.3620529741378	25.5588609869151	36.9714443332922
0	0	0.739369684842421	19.3641415726525	25.4853277916379	36.9214407232328
0	0	0.74112056028014	19.3661573364289	25.4121339163228	36.8713348773163
0	0	0.742871435717859	19.3681006843127	25.3392621472809	36.8211286872029
0	0	0.744622311155578	19.3699720217077	25.2667038522435	36.7708239797242
0	0	0.746373186593297	19.3717717457011	25.1944519454215	36.720422539312
0	0	0.748124062031016	19.3735002464302	25.1225004470137	36.6699261140106
0	0	0.749874937468734	19.3751579080438	25.0508441905758	36.6193364198533
0	0	0.751625812906453	19.3767451094025	24.9794786139705	36.5686551441198
0	0	0.753376688344172	19.3782622246007	24.9083996088633	36.5178839477879
0	0	0.755127563781891	19.3797096233612	24.8376034110879	36.4670244674026
0	0	0.75687843921961	19.3810876713361	24.767086519962	36.4160783165176
0	0	0.758629314657329	19.3823967303396	24.6968456384738	36.3650470868199
0	0	0.760380190095047	19.383637158003	24.6268765697078	36.313932346706
0	0	0.762131065532766	19.3848093047336	24.5571699085637	36.2627356280352
0	0	0.763881940970485	19.3859135111518	24.4877163203444	36.2114584150473
0	0	0.765632816408204	19.3869501104492	24.4185111299209	36.1601021548873
0	0	0.767383691845923	19.3879194310462	24.3495502820028	36.1086682693005
0	0	0.769134567283642	19.3888217971453	24.2808301606967	36.0571581570667
0	0	0.770885442721361	19.3896575291184	24.2123474778954	36.0055731957825
0	0	0.772636318159079	19.3904269437927	24.1440991900047	35.9539147432099
0	0	0.774387193596798	19.3911303546659	24.0760824408019	35.9021841383085
0	0	0.776138069034517	19.3917680720716	24.0082945177103	35.850382702044
0	0	0.777888944472236	19.3923404033089	23.9407328214162	35.7985117380283
0	0	0.779639819909955	19.3928476527448	23.8733948418763	35.7465725330376
0	0	0.781390695347673	19.3932901218977	23.8062781416982	35.6945663574396
0	0	0.783141570785393	19.3936681447128	23.7394510662734	35.6424946200896
0	0	0.784892446223112	19.3939821386029	23.6730134771428	35.5903590913961
0	0	0.786643321660831	19.3942325912418	23.6070070360548	35.5381618437085
0	0	0.788394197098549	19.394420020045	23.5414507874082	35.4859050734927
0	0	0.790145072536268	19.3945449574069	23.4763574794787	35.4335910374883
0	0	0.791895947973987	19.3946079452003	23.4117353426418	35.3812220286778
0	0	0.793646823411706	19.3946095309264	23.3475893392994	35.3288003590033
0	0	0.795397698849425	19.394550264943	23.2839220298141	35.2763283468038
0	0	0.797148574287143	19.3944306984395	23.2207342143988	35.2238083076247
0	0	0.798899449724862	19.3942513819481	23.1580253859448	35.1712425474768
0	0	0.800650325162581	19.3940128642432	23.0957940745476	35.1186333578848
0	0	0.8024012006003	19.3937156915286	23.0340380928511	35.0659830122575
0	0	0.804152076038019	19.3933604029315	22.9727468822666	35.013293746097
0	0	0.805902951475738	19.3929475204551	22.9118980669856	34.9605677130312
0	0	0.807653826913456	19.3924775454264	22.8514739693346	34.9078069695709
0	0	0.809404702351176	19.3919509654651	22.7914661352079	34.8550135059232
0	0	0.811155577788895	19.3913682598117	22.7318674197175	34.8021892693131
0	0	0.812906453226613	19.3907299004919	22.6726715967709	34.7493361690782
0	0	0.814657328664332	19.3900363531195	22.6138731138659	34.6964560803468
0	0	0.816408204102051	19.3892880774778	22.5554669157839	34.6435508467739
0	0	0.81815907953977	19.3884855279508	22.4974483216573	34.5906222826075
0	0	0.819909954977489	19.3876291538508	22.4398129350744	34.5376721742761
0	0	0.821660830415207	19.3867193996697	22.3825565792483	34.4847022816273
0	0	0.823411705852926	19.3857567052755	22.3256752491851	34.4317143389111
0	0	0.825162581290645	19.384741506429	22.2691657995979	34.3787100571552
0	0	0.826913456728364	19.3836742426978	22.2130401139826	34.3256911589929
0	0	0.828664332166083	19.3825553660678	22.1573122892498	34.2726594163251
0	0	0.830415207603802	19.3813853356436	22.1019835426861	34.2196166268529
0	0	0.832166083041521	19.380164610483	22.0470537012254	34.1665645827902
0	0	0.833916958479239	19.3788936483769	21.9925216474542	34.1135050657609
0	0	0.835667833916959	19.3775729050365	21.9383855836889	34.0604398432738
0	0	0.837418709354677	19.3762028335272	21.8846432303362	34.0073706662281
0	0	0.839169584792396	19.3747838838678	21.8312919580817	33.9542992671539
0	0	0.840920460230115	19.3733165027452	21.7783288901659	33.9012273589782
0	0	0.842671335667834	19.3718011333132	21.7257509710852	33.8481566341715
0	0	0.844422211105553	19.3702382150505	21.6735550219307	33.795088764172
0	0	0.846173086543272	19.3686281836647	21.6217377770758	33.7420253990153
0	0	0.84792396198099	19.3669714551397	21.5702640003802	33.6889680973789
0	0	0.849674837418709	19.3652683989695	21.5190767464533	33.6359182096215
0	0	0.851425712856428	19.3635193396902	21.4681439375551	33.5828768854561
0	0	0.853176588294147	19.3617245777281	21.4174502375282	33.5298451656823
0	0	0.854927463731866	19.359884399728	21.3669839023844	33.4768240271469
0	0	0.856678339169585	19.3579990817066	21.3167357476848	33.4238143965417
0	0	0.858429214607304	19.3560688912525	21.2666984502876	33.3708171603458
0	0	0.860180090045022	19.3540940891145	21.2168660568296	33.3178331721114
0	0	0.861930965482741	19.3520749303685	21.167233628075	33.2648632578562
0	0	0.86368184092046	19.3500116652863	21.1177969834254	33.2119082200853
0	0	0.865432716358179	19.3479045399861	21.0685525116398	33.1589688408159
0	0	0.867183591795898	19.3457537969242	21.0194970328214	33.1060458838653
0	0	0.868934467233617	19.3435596799016	20.9706369995924	33.0531401169287
0	0	0.870685342671336	19.3413224510228	20.9220032726461	33.000252385965
0	0	0.872436218109054	19.3390424010303	20.873622981088	32.9473836601116
0	0	0.874187093546773	19.3367198373247	20.8255029726165	32.8945349787523
0	0	0.875937968984492	19.3343550724205	20.7776474568523	32.8417074011176
0	0	0.877688844422211	19.3319484216273	20.7300588212967	32.7889019963933
0	0	0.87943971985993	19.3295002014804	20.68273813693	32.7361198367703
0	0	0.881190595297649	19.3270107286315	20.6356855265568	32.6833619924423
0	0	0.882941470735368	19.3244803190506	20.5889004190842	32.6306295279941
0	0	0.884692346173087	19.3219092874456	20.5423817385338	32.577923499782
0	0	0.886443221610805	19.3192979468399	20.4961280375205	32.5252449540363
0	0	0.888194097048524	19.3166466082634	20.4501375985262	32.4725949254907
0	0	0.889944972486243	19.3139555805285	20.4044085062768	32.4199744364014
0	0	0.891695847923962	19.3112251906106	20.3589799663019	32.3673845860175
0	0	0.893446723361681	19.3084558097073	20.3139022649928	32.31482666439
0	0	0.8951975987994	19.3056478411763	20.2691903024895	32.2623020985738
0	0	0.896948474237119	19.3028016992468	20.2248519455249	32.2098123593659
0	0	0.898699349674837	19.2999178038038	20.1808919847656	32.1573589389509
0	0	0.900450225112556	19.2969965777163	20.1373129912854	32.1049433391709
0	0	0.902201100550275	19.2940384449606	20.0941159404639	32.0525670630939
0	0	0.903951975987994	19.2910438292721	20.0513006366918	32.0002316089215
0	0	0.905702851425713	19.288013153164	20.0088660332252	31.9479384655614
0	0	0.907453726863432	19.2849468372118	19.966810454082	31.8956891094122
0	0	0.909204602301151	19.2818452995284	19.9251317653981	31.8434850020288
0	0	0.910955477738869	19.2787089553815	19.8838274952994	31.7913275884411
0	0	0.912706353176588	19.2755382292487	19.8429197023884	31.7392183500867
0	0	0.914457228614307	19.2723335788767	19.8024541443864	31.6871589100879
0	0	0.916208104052026	19.2690954981135	19.7624584592655	31.63515104495
0	0	0.917958979489745	19.2658244982207	19.7229410418026	31.5831966023279
0	0	0.919709854927463	19.2625210963509	19.6839067464699	31.5312974508983
0	0	0.921460730365183	19.2591858124557	19.6453579371649	31.4794554670237
0	0	0.923211605802902	19.2558191671584	19.6072951815059	31.4276725252994
0	0	0.92496248124062	19.2524216802404	19.5697177445274	31.3759504917488
0	0	0.926713356678339	19.2489938695478	19.5326239412746	31.3242912189085
0	0	0.928464232116058	19.2455362501977	19.4960113929867	31.2726965422742
0	0	0.930215107553777	19.2420493339989	19.4598772136246	31.2211682777372
0	0	0.931965982991496	19.2385336290319	19.4242181481943	31.1697082197492
0	0	0.933716858429214	19.2349896298948	19.3890116914031	31.1183180985428
0	0	0.935467733866933	19.2314177664354	19.354151646268	31.0669993554375
0	0	0.937218609304652	19.2278183626805	19.3195332692819	31.0157529641815
0	0	0.938969484742371	19.2241916731569	19.2851232411097	30.9645795919675
0	0	0.94072036018009	19.2205379233096	19.250897137809	30.9134797762884
0	0	0.942471235617809	19.2168573173447	19.2168366815973	30.8624539585524
0	0	0.944222111055528	19.2131500435588	19.1829280621291	30.8115025078411
0	0	0.945972986493246	19.2094162781292	19.1491607044905	30.7606257381778
0	0	0.947723861930966	19.2056561878673	19.1155264259888	30.7098239211593
0	0	0.949474737368685	19.2018699322463	19.0820188046307	30.6590972952883
0	0	0.951225612806403	19.1980576649042	19.0486327375358	30.6084460728985
0	0	0.952976488244122	19.1942195347684	19.0153641025849	30.5578704453289
0	0	0.954727363681841	19.1903556868984	18.9822095195252	30.507370586801
0	0	0.95647823911956	19.1864662681701	18.9491763043489	30.4569466794982
0	0	0.958229114557279	19.1825514350436	18.9162766606263	30.4065989476073
0	0	0.959979989994997	19.1786113520008	18.8835147531957	30.356327650287
0	0	0.961730865432716	19.1746461860196	18.8508917768141	30.3061330574679
0	0	0.963481740870435	19.1706561046767	18.8184081956622	30.2560154416942
0	0	0.965232616308154	19.1666412755117	18.7860639621383	30.2059750753691
0	0	0.966983491745873	19.1626018655959	18.7538586670923	30.1560122288231
0	0	0.968734367183592	19.15853804123	18.7217916412687	30.106127168942
0	0	0.970485242621311	19.1544499677301	18.6898620302942	30.0563201581915
0	0	0.972236118059029	19.1503378092745	18.6580688453499	30.0065914539225
0	0	0.973986993496748	19.1462017287945	18.6264110029346	29.9569413078804
0	0	0.975737868934467	19.1420418878976	18.5948873509302	29.9073699658632
0	0	0.977488744372186	19.1378584578932	18.5635189460446	29.8578777161178
0	0	0.979239619809905	19.1336516471319	18.5323594749273	29.8084650090215
0	0	0.980990495247624	19.129421710304	18.5014485445582	29.7591324970355
0	0	0.982741370685343	19.1251689279118	18.4707987618182	29.7098809441601
0	0	0.984492246123062	19.1208935905074	18.4404185013427	29.6607111571674
0	0	0.98624312156078	19.116595994983	18.4103131830224	29.6116239696235
0	0	0.987993996998499	19.1122764420351	18.3804860930727	29.5626202305814
0	0	0.989744872436218	19.1079352343609	18.3509389713797	29.5137007964156
0	0	0.991495747873937	19.1035726753547	18.321672426362	29.464866524895
0	0	0.993246623311656	19.0991890681563	18.2926862367353	29.4161182708592
0	0	0.994997498749375	19.0947847149525	18.2639795703442	29.367456883061
0	0	0.996748374187093	19.0903599164645	18.235551145499	29.3188832018622
0	0	0.998499249624812	19.0859149713603	18.2073989264054	29.2703980566317
0	0	1.00025012506253	19.0814501728187	18.1795147119923	29.2220022506704
0	0	1.00200100050025	19.0769658050092	18.1518893993835	29.1736965458697
0	0	1.00375187593797	19.0724621451414	18.1245188933717	29.1254816718464
0	0	1.00550275137569	19.0679394662413	18.097399603392	29.0773583381316
0	0	1.00725362681341	19.0633980376053	18.0705282838921	29.0293272361308
0	0	1.00900450225113	19.0588381251061	18.0439019439635	28.9813890405281
0	0	1.01075537768884	19.054259991414	18.0175177795508	28.9335444103369
0	0	1.01250625312656	19.0496638961618	17.9913731298898	28.8857939897004
0	0	1.01425712856428	19.0450500960713	17.9654654433376	28.838138408518
0	0	1.016008004002	19.040418845053	17.9397922554802	28.790578282944
0	0	1.01775887943972	19.0357703942852	17.9143511707799	28.7431142157953
0	0	1.01950975487744	19.0311049922797	17.8891398512235	28.6957467968913
0	0	1.02126063031516	19.0264228624727	17.8641108851358	28.6484765047489
0	0	1.02301150575288	19.0217241656494	17.8391865965237	28.6013035423608
0	0	1.0247623811906	19.0170090023728	17.8143245761057	28.5542278491351
0	0	1.02651325662831	19.0122774423996	17.7895058629063	28.5072492302567
0	0	1.02826413206603	19.0075295391977	17.7647166327159	28.4603674198116
0	0	1.03001500750375	19.0027653344399	17.7399467046881	28.4135821003909
0	0	1.03176588294147	18.9979848611203	17.7151885307937	28.3668929171179
0	0	1.03351675837919	18.9931881457906	17.6904364893115	28.3202994878435
0	0	1.03526763381691	18.9883752101906	17.6656863728507	28.2738014106184
0	0	1.03701850925463	18.9835460724502	17.6409350238108	28.2273982692025
0	0	1.03876938469235	18.9787007479813	17.6161800632918	28.1810896371488
0	0	1.04052026013006	18.9738392501421	17.591419695745	28.1348750808403
0	0	1.04227113556778	18.9689616019607	17.5666751090338	28.0887542110257
0	0	1.0440220110055	18.9640678764307	17.5420253886326	28.0427268594072
0	0	1.04577288644322	18.9591582207507	17.5175402212708	27.9967931838331
0	0	1.04752376188094	18.9542328274367	17.4932408010769	27.9509535405594
0	0	1.04927463731866	18.949291906598	17.4691417868888	27.9052083631138
0	0	1.05102551275638	18.9443356801955	17.4452533212891	27.8595581376717
0	0	1.0527763881941	18.9393643781465	17.4215822817711	27.8140033857092
0	0	1.05452726363182	18.9343782355659	17.3981331897562	27.7685446514743
0	0	1.05627813906953	18.9293774907732	17.3749088369735	27.7231824928853
0	0	1.05802901450725	18.9243623838366	17.3519107500453	27.6779174748722
0	0	1.05977988994497	18.9193331555025	17.3291395176684	27.6327501644916
0	0	1.06153076538269	18.9142900464055	17.3065950386274	27.5876811273336
0	0	1.06328164082041	18.9092332964844	17.2842766982675	27.5427109248807
0	0	1.06503251625813	18.9041631134171	17.2621209681736	27.4978399759217
0	0	1.06678339169585	18.8990796333545	17.2400485446428	27.4530683851006
0	0	1.06853426713357	18.8939829397116	17.2180337202223	27.4083960267128
0	0	1.07028514257129	18.8888730947078	17.1960599933033	27.3638226829067
0	0	1.072036018009	18.8837501464308	17.1741152715731	27.3193480739555
0	0	1.07378689344672	18.8786141326736	17.152190645799	27.2749718752226
0	0	1.07553776888444	18.8734650836331	17.1302794958105	27.2306937294016
0	0	1.07728864432216	18.8683030238549	17.1083768877321	27.1865132554155
0	0	1.07903951975988	18.8631279736565	17.0864791197703	27.1424300549515
0	0	1.0807903951976	18.8579399501765	17.0645834107639	27.0984437172795
0	0	1.08254127063532	18.8527389681547	17.0426876581334	27.0545538228285
0	0	1.08429214607304	18.8475250405129	17.020790271517	27.0107599458456
0	0	1.08604302151076	18.8422982049284	16.9989425408081	26.9670617711017
0	0	1.08779389694847	18.8370585752798	16.9772460554644	26.9234593189786
0	0	1.08954477238619	18.8318063478622	16.9557644011437	26.8799529711309
0	0	1.09129564782391	18.8265417623767	16.9345212212925	26.8365432987419
0	0	1.09304652326163	18.8212650780255	16.9135328838819	26.7932309584343
0	0	1.09479739869935	18.8159765671475	16.892810653397	26.7500166646915
0	0	1.09654827413707	18.8106765108475	16.8723621144398	26.7069011702852
0	0	1.09829914957479	18.805365195885	16.8521921801397	26.6638852521259
0	0	1.10005002501251	18.8000429124196	16.8323038084608	26.6209697009679
0	0	1.10180090045023	18.7947099523616	16.8126985197353	26.5781553138752
0	0	1.10355177588794	18.7893666081584	16.7933767733217	26.535442888693
0	0	1.10530265132566	18.7840131718989	16.7743382440059	26.4928332199838
0	0	1.10705352676338	18.7786499253237	16.7555632903311	26.4503270551033
0	0	1.1088044022011	18.7732770835894	16.7369386631228	26.4079248476097
0	0	1.11055527763882	18.76789474811	16.7183502862378	26.365626551952
0	0	1.11230615307654	18.762502945876	16.6997638242293	26.3234317977755
0	0	1.11405702851426	18.7571016745168	16.6811547573179	26.2813400870388
0	0	1.11580790395198	18.7516909109395	16.6625053098188	26.2393508309564
0	0	1.11755877938969	18.746270617167	16.6438025895496	26.1974633759658
0	0	1.11930965482741	18.7408407444682	16.6250372229863	26.1556770225042
0	0	1.12106053026513	18.735401236343	16.6062024273968	26.1139910386657
0	0	1.12281140570285	18.7299520307083	16.5872933152463	26.0724046702255
0	0	1.12456228114057	18.7244930615086	16.5683064118807	26.0309171480244
0	0	1.12631315657829	18.7190242599125	16.54923928451	25.9895276934374
0	0	1.12806403201601	18.7135455552015	16.5300902832922	25.9482355224272
0	0	1.12981490745373	18.7080569366479	16.5109812912012	25.907040117226
0	0	1.13156578289145	18.702558540448	16.4920849022	25.8659416061659
0	0	1.13331665832916	18.6970506244372	16.4734719790544	25.8249406498452
0	0	1.13506753376688	18.6915334992823	16.4551779575168	25.7840381392301
0	0	1.1368184092046	18.6860075049011	16.437227621856	25.7432350937383
0	0	1.13856928464232	18.6804730011844	16.4196381557672	25.7025326205544
0	0	1.14032016008004	18.6749303615379	16.4024212795207	25.6619318855027
0	0	1.14207103551776	18.6693799682561	16.3855847175165	25.6214340919634
0	0	1.14382191095548	18.6638222091569	16.3691332795529	25.5810404654868
0	0	1.1455727863932	18.6582574751158	16.3530696169311	25.5407522425215
0	0	1.14732366183092	18.6526861582459	16.3373947953118	25.5005706621248
0	0	1.14907453726863	18.6471086505546	16.3221086983947	25.4604969598636
0	0	1.15082541270635	18.6415253235148	16.3071713091072	25.4205322780374
0	0	1.15257628814407	18.6359364779175	16.2924818673449	25.3806774460791
0	0	1.15432716358179	18.6303423253004	16.2779632429989	25.3409329005862
0	0	1.15607803901951	18.6247430244768	16.2635877505386	25.3012988465242
0	0	1.15782891445723	18.6191387102892	16.2493352019769	25.2617753827257
0	0	1.15957978989495	18.6135295001907	16.2351906207048	25.2223625302914
0	0	1.16133066533267	18.6079154987324	16.2211427957427	25.1830602526832
0	0	1.16308154077038	18.6022968007534	16.2071832439725	25.1438684702795
0	0	1.1648324162081	18.5966734936934	16.1933054877573	25.1047870709961
0	0	1.16658329164582	18.5910456592902	16.1795045256674	25.0658159181063
0	0	1.16833416708354	18.5854133748362	16.1657764552034	25.026954856025
0	0	1.17008504252126	18.5797767141135	16.1521181911281	24.9882037146147
0	0	1.17183591795898	18.5741357460656	16.1385231885782	24.9495623034977
0	0	1.1735867933967	18.56849050407	16.1249266749644	24.9110302773568
0	0	1.17533766883442	18.5628409533679	16.1112568864107	24.8726069939779
0	0	1.17708854427214	18.5571870130216	16.097493203466	24.8342916118303
0	0	1.17883941970985	18.5515285846955	16.0836211363527	24.7960832160726
0	0	1.18059029514757	18.5458655580466	16.0696304018174	24.7579808415684
0	0	1.18234117058529	18.5401978143685	16.0555137672367	24.7199834890497
0	0	1.18409204602301	18.5345252291709	16.0412661961581	24.6820901367992
0	0	1.18584292146073	18.5288476740413	16.0268842692922	24.6442997491322
0	0	1.18759379689845	18.5231650180082	16.012365748226	24.6066112826095
0	0	1.18934467233617	18.5174771285435	15.9977092734874	24.5690236905958
0	0	1.19109554777389	18.511783872304	15.9829141318465	24.531535926621
0	0	1.19284642321161	18.5060851156815	15.9679800936864	24.4941469468546
0	0	1.19459729864932	18.5003807533944	15.952963894611	24.4568558356262
0	0	1.19634817408704	18.4946707547471	15.937958056454	24.4196620076486
0	0	1.19809904952476	18.4889551593808	15.9230106372778	24.3825651878492
0	0	1.19984992496248	18.4832340414261	15.908142627697	24.3455652538085
0	0	1.2016008004002	18.4775074926401	15.8933689195497	24.3086621625165
0	0	1.20335167583792	18.4717756170817	15.8787000920533	24.271855927137
0	0	1.20510255127564	18.4660385274316	15.8641436209517	24.2351466004424
0	0	1.20685342671336	18.4602963423647	15.849704719555	24.1985342628235
0	0	1.20860430215108	18.4545491846411	15.8353869482513	24.1620190135413
0	0	1.21035517758879	18.4487971797075	15.8211926455914	24.1256009643095
0	0	1.21210605302651	18.4430404546643	15.8071232499924	24.0892802345659
0	0	1.21385692846423	18.4372791375022	15.7931795290293	24.05305694798
0	0	1.21560780390195	18.4315133595867	15.7793678867463	24.016931243271
0	0	1.21735867933967	18.425743265966	15.7657097540406	23.9809033192972
0	0	1.21910955477739	18.4199690214235	15.7522236237362	23.9449734612563
0	0	1.22086043021511	18.4141908024222	15.7389147695256	23.9091420050545
0	0	1.22261130565283	18.4084087894687	15.7257865128787	23.873409303932
0	0	1.22436218109055	18.4026231654053	15.7128408178251	23.8377757211244
0	0	1.22611305652826	18.3968341142446	15.7000786685347	23.8022416246899
0	0	1.22786393196598	18.3910418203431	15.6875003413129	23.7668073837834
0	0	1.2296148074037	18.3852464678055	15.6751055959032	23.7314733659651
0	0	1.23136568284142	18.3794482400517	15.6628938151872	23.6962399352485
0	0	1.23311655827914	18.3736473195009	15.6508641060696	23.661107450686
0	0	1.23486743371686	18.3678438873418	15.6390153740488	23.6260762653475
0	0	1.23661830915458	18.3620381233646	15.6273463780459	23.591146725588
0	0	1.2383691845923	18.3562302099105	15.6158639445948	23.5563191883885
0	0	1.24012006003001	18.3504203369661	15.6045770321215	23.5215940436179
0	0	1.24187093546773	18.3446086997249	15.5934875480754	23.4869717031741
0	0	1.24362181090545	18.3387954943378	15.5825959800034	23.4524525823884
0	0	1.24537268634317	18.3329809168564	15.5719021808782	23.4180370955113
0	0	1.24712356178089	18.3271651626862	15.5614055504134	23.383725653332
0	0	1.24887443721861	18.3213484262072	15.5511051660025	23.3495186614916
0	0	1.25062531265633	18.3155309005053	15.5409998724834	23.3154165192898
0	0	1.25237618809405	18.309712777181	15.5310883487436	23.2814196188386
0	0	1.25412706353177	18.3038942462133	15.5213691545085	23.24752834447
0	0	1.25587793896948	18.2980754958633	15.5118407656358	23.2137430723265
0	0	1.2576288144072	18.2922567126082	15.5025015993426	23.1800641700864
0	0	1.25937968984492	18.2864380705298	15.4933288112402	23.1464919504152
0	0	1.26113056528264	18.2806197107432	15.484279558597	23.1130265810081
0	0	1.26288144072036	18.2748017391083	15.4753264743172	23.0796680752381
0	0	1.26463231615808	18.2689842419863	15.4664581916932	23.046416361549
0	0	1.2663831915958	18.263167295851	15.4576663252137	23.0132713253393
0	0	1.26813406703352	18.2573509698995	15.4489445847199	22.9802328203066
0	0	1.26988494247124	18.2515353278489	15.4402881930845	22.9473006765219
0	0	1.27163581790895	18.2457204292202	15.4316934754005	22.914474706289
0	0	1.27338669334667	18.2399063302727	15.4231575662218	22.8817547084314
0	0	1.27513756878439	18.2340930846912	15.4146781992036	22.8491404714521
0	0	1.27688844422211	18.2282807440959	15.4062535532619	22.8166317758776
0	0	1.27863931965983	18.2224693584233	15.3978821405061	22.7842283960038
0	0	1.28039019509755	18.2166589738034	15.3895578865805	22.7519300906356
0	0	1.28214107053527	18.2108496186852	15.381251456094	22.719736542297
0	0	1.28389194597299	18.2050412922719	15.3729336298193	22.6876473069289
0	0	1.28564282141071	18.1992339746553	15.3645954166838	22.6556618588165
0	0	1.28739369684842	18.1934276383059	15.3562304404946	22.6237796408589
0	0	1.28914457228614	18.1876222503698	15.3478341274805	22.5920000744043
0	0	1.29089544772386	18.1818177742266	15.3394032093216	22.560322566171
0	0	1.29264632316158	18.1760141705937	15.3309353593625	22.5287465132496
0	0	1.2943971985993	18.1702113983241	15.3224289436997	22.4972713067379
0	0	1.29614807403702	18.1644094149915	15.3138828353506	22.4658963344033
0	0	1.29789894947474	18.1586081773202	15.305296284448	22.4346209826385
0	0	1.29964982491246	18.1528076415047	15.2966688191038	22.4034446379045
0	0	1.30140070035017	18.1470077634456	15.2880001755705	22.3723666877943
0	0	1.30315157578789	18.1412085007535	15.2792939133929	22.3413865298365
0	0	1.30490245122561	18.1354098154652	15.2705552194312	22.3105035833675
0	0	1.30665332666333	18.1296116733824	15.261786322116	22.2797172865384
0	0	1.30840420210105	18.1238140420782	15.2529884381065	22.2490270875577
0	0	1.31015507753877	18.1180168902335	15.2441625053505	22.2184324418169
0	0	1.31190595297649	18.112220187394	15.2353092643805	22.1879328108073
0	0	1.31365682841421	18.1064239038011	15.2264293143301	22.1575276613433
0	0	1.31540770385193	18.1006280102726	15.2175231509076	22.1272164649955
0	0	1.31715857928964	18.0948324781146	15.208591194259	22.0969986976721
0	0	1.31890945472736	18.089037279057	15.1996338080424	22.0668738393051
0	0	1.32066033016508	18.0832423852055	15.190651314097	22.0368413736136
0	0	1.3224112056028	18.0774477690053	15.1816440023552	22.0069007879218
0	0	1.32416208104052	18.0716534219921	15.1726498575194	21.9770516554388
0	0	1.32591295647824	18.0658594004549	15.1637607661833	21.9472938351052
0	0	1.32766383191596	18.0600658403846	15.1550445402794	21.9176275357426
0	0	1.32941470735368	18.0542729231903	15.1465244726885	21.8880531648116
0	0	1.3311655827914	18.0484808496246	15.1382167334575	21.8585712146465
0	0	1.33291645822911	18.0426898335485	15.1301325327	21.8291822355385
0	0	1.33466733366683	18.0369000976741	15.1222795044101	21.7998868167147
0	0	1.33641820910455	18.0311118705423	15.1146626954016	21.7706855726075
0	0	1.33816908454227	18.0253253843389	15.1072852589701	21.7415791328823
0	0	1.33991995997999	18.0195408732981	15.100148960384	21.7125681351479
0	0	1.34167083541771	18.0137585725306	15.0932545397671	21.6836532196135
0	0	1.34342171085543	18.0079787171582	15.0866019813746	21.6548350251625
0	0	1.34517258629315	18.0022015390694	15.0801854752583	21.6261141750342
0	0	1.34692346173087	17.9964272161984	15.0739031193298	21.5974910542429
0	0	1.34867433716858	17.9906558177845	15.0676394418355	21.5689655707884
0	0	1.3504252126063	17.9848873388221	15.0613617987685	21.5405373087556
0	0	1.35217608804402	17.97912174646	15.055047027867	21.5122057314195
0	0	1.35392696348174	17.9733589883497	15.0486784330401	21.4839702168124
0	0	1.35567783891946	17.9675989982508	15.0422439953273	21.4558300826019
0	0	1.35742871435718	17.9618416999811	15.035735051641	21.4277846040361
0	0	1.3591795897949	17.9560870102624	15.0291454072795	21.3998330269578
0	0	1.36093046523262	17.9503348407984	15.0224706659821	21.3719745773347
0	0	1.36268134067034	17.9445850998026	15.0157077713277	21.3442084682606
0	0	1.36443221610805	17.9388376931298	15.0088546507047	21.3165339051277
0	0	1.36618309154577	17.9330925251148	15.0019099704637	21.2889500894498
0	0	1.36793396698349	17.9273495295601	14.9949339264162	21.2614563549575
0	0	1.36968484242121	17.9216087209492	14.9880278763806	21.2340523915412
0	0	1.37143571785893	17.9158701914489	14.9812458369359	21.2067382304612
0	0	1.37318659329665	17.910134071519	14.9746105547667	21.1795140712004
0	0	1.37493746873437	17.904400510577	14.9681379926786	21.1523801974691
0	0	1.37668834417209	17.8986696710778	14.9618393324071	21.1253369514145
0	0	1.3784392196098	17.8929417244345	14.9557223188512	21.0983847152827
0	0	1.38019009504752	17.8872168481125	14.9497921981565	21.0715238981727
0	0	1.38194097048524	17.881495223523	14.9440523927867	21.044754926395
0	0	1.38369184592296	17.875777034483	14.9385049812361	21.0180782364157
0	0	1.38544272136068	17.8700624660814	14.9331510529893	20.9914942696731
0	0	1.3871935967984	17.8643517038408	14.9279909633041	20.9650034687626
0	0	1.38894447223612	17.8586449134543	14.9229850678227	20.9386061884067
0	0	1.39069534767384	17.8529421755352	14.918002765463	20.9123024095961
0	0	1.39244622311156	17.8472434493675	14.9129319003855	20.8860915824717
0	0	1.39419709854927	17.8415486201067	14.9077364258959	20.8599728349593
0	0	1.39594797398699	17.8358575425055	14.9023909389085	20.8339451637891
0	0	1.39769884942471	17.8301700502518	14.8968773868861	20.8080074746067
0	0	1.39944972486243	17.8244859623006	14.8911830219195	20.7821586102021
0	0	1.40120060030015	17.8188050873555	14.8852989204049	20.7563973708766
0	0	1.40295147573787	17.8131272271039	14.8792189634972	20.7307225292275
0	0	1.40470235117559	17.80745217858	14.8729390833088	20.7051328409647
0	0	1.40645322661331	17.801779735902	14.8664567329382	20.6796270528505
0	0	1.40820410205103	17.7961096915575	14.8597704853615	20.6542039085491
0	0	1.40995497748874	17.7904418373535	14.8528797491451	20.628862152938
0	0	1.41170585292646	17.784776006542	14.8458677423785	20.6036007170742
0	0	1.41345672836418	17.7791121269041	14.838840258047	20.5784189500149
0	0	1.4152076038019	17.7734501967172	14.8318321316092	20.5533165115636
0	0	1.41695847923962	17.7677902423206	14.824864660542	20.5282931863266
0	0	1.41870935467734	17.7621323079953	14.8179531283469	20.5033488402831
0	0	1.42046023011506	17.7564764507385	14.8111084982139	20.4784833977028
0	0	1.42221110555278	17.7508227366059	14.8043386357806	20.4536968245608
0	0	1.4239619809905	17.7451712380873	14.7976491352971	20.4289891165265
0	0	1.42571285642821	17.7395220321941	14.7910439368067	20.4043602901808
0	0	1.42746373186593	17.7338751990563	14.7845257510552	20.3798103765675
0	0	1.42921460730365	17.7282308208846	14.7780963861974	20.3553394164328
0	0	1.43096548274137	17.7225889812018	14.7717569739699	20.3309474567059
0	0	1.43271635817909	17.7169497565852	14.7654927110959	20.3066345141585
0	0	1.43446723361681	17.7113132008317	14.7592729540896	20.2824005060646
0	0	1.43621810905453	17.7056793424325	14.7530778727925	20.2582452395696
0	0	1.43796898449225	17.700048196122	14.7468998915484	20.2341684625302
0	0	1.43971985992996	17.6944197701559	14.7407335493581	20.2101698951992
0	0	1.44147073536768	17.6887940681632	14.7345748583857	20.1862492382368
0	0	1.4432216108054	17.6831710904086	14.728420890464	20.1624061783748
0	0	1.44497248624312	17.6775508346889	14.7222694843683	20.1386403925041
0	0	1.44672336168084	17.6719332969804	14.7161190400611	20.1149515506496
0	0	1.44847423711856	17.6663184719139	14.7099683703108	20.0913393181511
0	0	1.45022511255628	17.6607063531239	14.7038165932932	20.06780335727
0	0	1.451975987994	17.6550969335084	14.6976630542861	20.0443433283792
0	0	1.45372686343172	17.6494902069278	14.6915102926357	20.0209588974556
0	0	1.45547773886943	17.6438861762597	14.6853738278648	19.9976497714102
0	0	1.45722861430715	17.6382848597671	14.6792689512329	19.9744157258122
0	0	1.45897948974487	17.6326862855347	14.67320002163	19.9512565802468
0	0	1.46073036518259	17.6270904852836	14.6671700409481	19.9281721712694
0	0	1.46248124062031	17.6214974931787	14.661181083003	19.9051623473108
0	0	1.46423211605803	17.6159073450276	14.6552345520364	19.8822269651119
0	0	1.46598299149575	17.6103200777158	14.6493313725548	19.8593658871577
0	0	1.46773386693347	17.6047357288016	14.6434721170897	19.8365789798201
0	0	1.46948474237119	17.5991543362203	14.6376571027142	19.8138661120025
0	0	1.4712356178089	17.5935759380684	14.6318864567566	19.7912271541474
0	0	1.47298649324662	17.5880005724443	14.6261601683209	19.7686619775078
0	0	1.47473736868434	17.582428277331	14.6204781230812	19.7461704536118
0	0	1.47648824412206	17.5768590922054	14.6148435375364	19.723752461312
0	0	1.47823911955978	17.5712930604093	14.6092610448484	19.7014078971328
0	0	1.4799899949975	17.5657302284396	14.6037324260114	19.6791366720701
0	0	1.48174087043522	17.5601706439727	14.5982583724284	19.6569387029191
0	0	1.48349174587294	17.5546143551407	14.5928392448507	19.6348139091409
0	0	1.48524262131066	17.5490614102446	14.5874751680697	19.6127622116065
0	0	1.48699349674837	17.5435118575548	14.5821660984985	19.5907835317035
0	0	1.48874437218609	17.53796574517	14.5769118698338	19.5688777906943
0	0	1.49049524762381	17.5324231209146	14.5717122276338	19.5470449092542
0	0	1.49224612306153	17.5268840322651	14.5665668527907	19.5252848071388
0	0	1.49399699849925	17.5213485262971	14.5614753800261	19.5035974029453
0	0	1.49574787393697	17.5158166496468	14.556437410324	19.481982613943
0	0	1.49749874937469	17.5102884373649	14.5514301878034	19.4604403071535
0	0	1.49924962481241	17.5047638857402	14.5463987959036	19.4389701803987
0	0	1.50100050025012	17.4992429432945	14.5413025092034	19.4175717236429
0	0	1.50275137568784	17.4937255311411	14.5361271403467	19.3962443087963
0	0	1.50450225112556	17.4882115585242	14.5308627405312	19.3749872575133
0	0	1.50625312656328	17.4827009265294	14.5255023098677	19.353799857204
0	0	1.508004002001	17.4771935306151	14.520040974175	19.3326813723418
0	0	1.50975487743872	17.4716892624086	14.5144753963844	19.3116310526225
0	0	1.51150575287644	17.4661880110051	14.5088033647077	19.2906481388903
0	0	1.51325662831416	17.4606896639159	14.5030234921488	19.2697318674686
0	0	1.51500750375188	17.4551941077663	14.4971350014852	19.2488814733364
0	0	1.51675837918959	17.4497012288102	14.4911375653304	19.2280961924632
0	0	1.51850925462731	17.4442109153347	14.4850352534996	19.207375272404
0	0	1.52026013006503	17.4387230984051	14.4789095813611	19.1867181510952
0	0	1.52201100550275	17.4332377960414	14.4728531094828	19.166124649554
0	0	1.52376188094047	17.4277550854456	14.4668915159737	19.1455948484529
0	0	1.52551275637819	17.4222750655199	14.4610427867274	19.1251289240479
0	0	1.52726363181591	17.416797850098	14.4553196648611	19.1047271193433
0	0	1.52901450725363	17.411323563404	14.4497311045397	19.084389723941
0	0	1.53076538269135	17.4058523368548	14.4442833439543	19.0641170595217
0	0	1.53251625812906	17.4003843067598	14.4389806263163	19.0439094693299
0	0	1.53426713356678	17.3949196126437	14.4338257435485	19.0237673104886
0	0	1.5360180090045	17.3894583960159	14.4288204087103	19.0036909483659
0	0	1.53776888444222	17.3840007994618	14.4239655446672	18.9836807524252
0	0	1.53951975987994	17.3785469659708	14.4192614828386	18.9637370931697
0	0	1.54127063531766	17.3730970208478	14.4146727887	18.9438602626829
0	0	1.54302151075538	17.3676510433287	14.4101428770041	18.9240503505268
0	0	1.5447723861931	17.3622090698968	14.4056430504812	18.9043072591995
0	0	1.54652326163082	17.356771116108	14.4011602598211	18.8846308000263
0	0	1.54827413706853	17.3513371864061	14.3966850879283	18.8650207357536
0	0	1.55002501250625	17.3459072772921	14.3922106827997	18.8454767943883
0	0	1.55177588794397	17.3404813795118	14.3877320358403	18.8259986790535
0	0	1.55352676338169	17.3350594796165	14.3832454809606	18.8065860751167
0	0	1.55527763881941	17.3296415610961	14.3787483326205	18.7872386553891
0	0	1.55702851425713	17.3242276052094	14.3742386302328	18.7679560839411
0	0	1.55877938969485	17.3188175915977	14.369714947834	18.7487380189177
0	0	1.56053026513257	17.31341149874	14.3651762587275	18.7295841146219
0	0	1.56228114057029	17.3080093071748	14.3606276224196	18.7104940357141
0	0	1.564032016008	17.3026110093144	14.3560877174237	18.6914675002428
0	0	1.56578289144572	17.2972166149696	14.3515726593925	18.6725043036175
0	0	1.56753376688344	17.2918261444916	14.3470873935705	18.6536042883073
0	0	1.56928464232116	17.2864396223809	14.3426353582696	18.6347673159255
0	0	1.57103551775888	17.2810570759645	14.3382189571716	18.6159932615598
0	0	1.5727863931966	17.275678534505	14.3338398487409	18.5972820097952
0	0	1.57453726863432	17.2703040285719	14.3294991567453	18.5786334518529
0	0	1.57628814407204	17.2649335895905	14.3251976131434	18.5600474835179
0	0	1.57803901950975	17.2595672495124	14.3209356649325	18.541524003625
0	0	1.57978989494747	17.2542050405744	14.3167135477309	18.5230629129503
0	0	1.58154077038519	17.2488469951212	14.3125313426337	18.5046641133952
0	0	1.58329164582291	17.2434931454738	14.3083890152837	18.486327507386
0	0	1.58504252126063	17.2381435251881	14.3042891683728	18.4680530033782
0	0	1.58679339669835	17.2327981707055	14.300235071242	18.4498405230524
0	0	1.58854427213607	17.2274571205052	14.2962276166367	18.4316899975291
0	0	1.59029514757379	17.2221204136665	14.2922672062981	18.4136013610623
0	0	1.59204602301151	17.2167880894992	14.2883540141873	18.3955745494509
0	0	1.59379689844922	17.2114601873469	14.2844880501407	18.3776094991717
0	0	1.59554777388694	17.2061367464491	14.2806692070773	18.359706146759
0	0	1.59729864932466	17.2008178058432	14.2768972924775	18.3418644283606
0	0	1.59904952476238	17.1955034042934	14.2731720527014	18.324084279418
0	0	1.6008004002001	17.1901935802395	14.2694931892807	18.306365634437
0	0	1.60255127563782	17.1848883717607	14.2658603719937	18.2887084268248
0	0	1.60430215107554	17.1795878165494	14.2622732475278	18.2711125887748
0	0	1.60605302651326	17.1742919447001	14.2587170006617	18.2535780196213
0	0	1.60780390195098	17.1690007638097	14.2551613938498	18.2361045206535
0	0	1.60955477738869	17.1637142563444	14.2515863821126	18.2186917840427
0	0	1.61130565282641	17.1584323909821	14.2479843975874	18.2013394428068
0	0	1.61305652826413	17.1531551300441	14.2443500875057	18.1840471031958
0	0	1.61480740370185	17.1478824314321	14.2406796479933	18.1668143530798
0	0	1.61655827913957	17.1426142499544	14.2369703908467	18.1496407678883
0	0	1.61830915457729	17.13735053827	14.2332204365022	18.1325259148995
0	0	1.62006003001501	17.132091247571	14.229428497025	18.115469356358
0	0	1.62181090545273	17.1268363280822	14.2255937192239	18.0984706517568
0	0	1.62356178089045	17.1215857294292	14.2217155711225	18.0815293595121
0	0	1.62531265632816	17.1163394009099	14.2177937584809	18.0646450381971
0	0	1.62706353176588	17.111097296528	14.213837869166	18.0478172686579
0	0	1.6288144072036	17.1058594007604	14.2098993392702	18.0310457669746
0	0	1.63056528264132	17.1006257490385	14.2060287615386	18.0143304735839
0	0	1.63231615807904	17.0953964095614	14.2022410788035	17.9976714726958
0	0	1.63406703351676	17.0901714630763	14.198546708202	17.9810689038707
0	0	1.63581790895448	17.0849509989051	14.1949529626745	17.9645229450148
0	0	1.6375687843922	17.0797351122635	14.191464915106	17.9480338004604
0	0	1.63931965982991	17.0745239023715	14.1880860288889	17.9316016923792
0	0	1.64107053526763	17.0693174710915	14.1848185874135	17.9152268545611
0	0	1.64282141070535	17.0641159219363	14.1816640140902	17.8989095278702
0	0	1.64457228614307	17.0589193593411	14.1786230948698	17.8826499569169
0	0	1.64632316158079	17.0537278881263	14.175696148148	17.8664483876094
0	0	1.64807403701851	17.0485416131014	14.1728831438222	17.8503050653553
0	0	1.64982491245623	17.0433606220345	14.1701501783335	17.8342201602786
0	0	1.65157578789395	17.0381849613553	14.1674485161489	17.8181936610529
0	0	1.65332666333167	17.0330146424804	14.1647570187628	17.8022254034564
0	0	1.65507753876938	17.0278496608988	14.16206499471	17.7863151541325
0	0	1.6568284142071	17.022690003047	14.1593647495312	17.7704626403323
0	0	1.65857928964482	17.0175356489193	14.15665071988	17.7546675613615
0	0	1.66033016508254	17.0123865738793	14.1539188723229	17.7389295967603
0	0	1.66208104052026	17.0072427499558	14.151166290614	17.7232484122199
0	0	1.66383191595798	17.0021041467846	14.1483908733861	17.707623663901
0	0	1.6655827913957	16.9969707322988	14.1455911228326	17.692055001602
0	0	1.66733366683342	16.9918424732392	14.1427659853969	17.6765420710944
0	0	1.66908454227114	16.9867193355327	14.1399147395877	17.6610845158503
0	0	1.67083541770885	16.981601292623	14.1370530775231	17.6456820136505
0	0	1.67258629314657	16.976488344526	14.134218509376	17.6303343600121
0	0	1.67433716858429	16.9713805235259	14.1314380929772	17.6150414926035
0	0	1.67608804402201	16.9662778801026	14.1287211965722	17.5998034291988
0	0	1.67783891945973	16.9611804725602	14.126074349435	17.5846202224453
0	0	1.67958979489745	16.9560883645421	14.1235021089104	17.5694919491375
0	0	1.68134067033517	16.9510016233399	14.1210076132545	17.5544187026518
0	0	1.68309154577289	16.9459203186949	14.1185929761794	17.5394005874935
0	0	1.68484242121061	16.9408445219338	14.1162595624095	17.5244377153406
0	0	1.68659329664832	16.9357743053379	14.1140081884843	17.5095302021537
0	0	1.68834417208604	16.9307097416801	14.111839266256	17.4946781660578
0	0	1.69009504752376	16.9256509038835	14.1097529094872	17.4798817257858
0	0	1.69184592296148	16.9205978631511	14.1077457604369	17.4651409924309
0	0	1.6935967983992	16.9155506658098	14.1057714228133	17.4504559678399
0	0	1.69534767383692	16.9105093092013	14.1037782465068	17.4358264394682
0	0	1.69709854927464	16.9054737575118	14.101751650706	17.4212520506915
0	0	1.69884942471236	16.9004439625784	14.0996813720133	17.4067323918624
0	0	1.70060030015008	16.8954198676862	14.0975600908378	17.3922670164938
0	0	1.70235117558779	16.8904014101173	14.0953826141247	17.3778554525687
0	0	1.70410205102551	16.8853885229459	14.0931452733549	17.3634972106866
0	0	1.70585292646323	16.8803811363291	14.0908455195877	17.3491917899621
0	0	1.70760380190095	16.8753791784487	14.0884816186213	17.3349386823358
0	0	1.70935467733867	16.8703825762021	14.0860524419723	17.3207373757343
0	0	1.71110555277639	16.8653912557128	14.0835573051182	17.3065873563978
0	0	1.71285642821411	16.8604051427087	14.0809958560483	17.2924881105945
0	0	1.71460730365183	16.8554241529572	14.0783482129234	17.2784390826777
0	0	1.71635817908954	16.8504481760572	14.0755815419107	17.2644396042543
0	0	1.71810905452726	16.8454770767245	14.0726786051644	17.250488900368
0	0	1.71985992996498	16.8405107077353	14.0696324135518	17.2365861463973
0	0	1.7216108054027	16.8355489163097	14.0664383035724	17.2227304957787
0	0	1.72336168084042	16.8305915461363	14.0630932544055	17.2089210888176
0	0	1.72511255627814	16.8256384387709	14.0595954253312	17.1951570589473
0	0	1.72686343171586	16.8206894346327	14.0559438329888	17.1814375372372
0	0	1.72861430715358	16.815744373725	14.0521381181448	17.1677616556593
0	0	1.7303651825913	16.8108030961602	14.0481783796008	17.1541285494617
0	0	1.73211605802901	16.8058654425446	14.044065051573	17.1405373588954
0	0	1.73386693346673	16.80093125426	14.0397988148642	17.1269872304679
0	0	1.73561780890445	16.7960003892859	14.0354118975818	17.1134773863894
0	0	1.73736868434217	16.7910727711505	14.031003210568	17.1000073389484
0	0	1.73911955977989	16.7861484143706	14.0266558545492	17.0865770006326
0	0	1.74087043521761	16.7812273886623	14.0223970576032	17.0731865259603
0	0	1.74262131065533	16.7763097867249	14.0182460175922	17.0598361707463
0	0	1.74437218609305	16.7713957172013	14.0142163800738	17.0465262618162
0	0	1.74612306153077	16.7664852998993	14.0103177870093	17.0332571756825
0	0	1.74787393696848	16.7615786624093	14.0065569922843	17.0200293231607
0	0	1.7496248124062	16.7566759376628	14.0029386341296	17.0068431382021
0	0	1.75137568784392	16.7517772621485	13.999465802377	16.9936990697242
0	0	1.75312656328164	16.746882774602	13.9961404405057	16.9805975756128
0	0	1.75487743871936	16.7419926150363	13.9929636467143	16.9675391183026
0	0	1.75662831415708	16.7371069240253	13.9899358900213	16.9545241615185
0	0	1.7583791895948	16.7322258172604	13.9870071402357	16.9415530585402
0	0	1.76013006503252	16.7273493540798	13.9841147943786	16.9286259147632
0	0	1.76188094047024	16.722477552501	13.9812390771583	16.9157426547181
0	0	1.76363181590795	16.7176104143394	13.9783673901965	16.9029031321052
0	0	1.76538269134567	16.7127479307486	13.9754906267542	16.8901071535153
0	0	1.76713356678339	16.7078900852531	13.9726021904441	16.8773544918394
0	0	1.76888444222111	16.7030368558707	13.96969728195	16.864644895901
0	0	1.77063531765883	16.6981882166359	13.9667724203738	16.8519780974287
0	0	1.77238619309655	16.6933441387088	13.9638250836487	16.8393538161537
0	0	1.77413706853427	16.6885045911896	13.9608534631975	16.826771763551
0	0	1.77588794397199	16.6836695417204	13.9578562735736	16.8142316456021
0	0	1.7776388194097	16.6788389569319	13.9548326224395	16.8017331648391
0	0	1.77938969484742	16.6740128062416	13.9517888682493	16.7892760370725
0	0	1.78114057028514	16.6691910690301	13.9487385204851	16.7768600228234
0	0	1.78289144572286	16.6643737357976	13.9456902412823	16.7644849322001
0	0	1.78464232116058	16.6595608030015	13.9426472304307	16.7521506021757
0	0	1.7863931965983	16.6547522698171	13.9396117562825	16.7398568824873
0	0	1.78814407203602	16.6499481373224	13.9365854409295	16.7276036321099
0	0	1.78989494747374	16.6451484079447	13.9335694421994	16.7153907167702
0	0	1.79164582291146	16.6403530850686	13.9305645833207	16.7032180071545
0	0	1.79339669834917	16.6355621727543	13.9275714428952	16.6910853776083
0	0	1.79514757378689	16.6307756755308	13.924590420518	16.6789927051838
0	0	1.79689844922461	16.6259935982449	13.9216217834351	16.6669398689399
0	0	1.79864932466233	16.6212159459493	13.9186657011743	16.6549267494245
0	0	1.80040020010005	16.6164427240747	13.9157227825456	16.6429532294102
0	0	1.80215107553777	16.611673939593	13.9127955300125	16.6310191989805
0	0	1.80390195097549	16.6069096018969	13.9098863088222	16.6191245593392
0	0	1.80565282641321	16.6021497218874	13.9069957906088	16.6072692187667
0	0	1.80740370185093	16.5973943110026	13.9041244081656	16.5954530883655
0	0	1.80915457728864	16.5926433810088	13.9012724289626	16.58367608116
0	0	1.81090545272636	16.5878969438578	13.8984400011248	16.5719381114631
0	0	1.81265632816408	16.5831550115871	13.8956271867184	16.5602390944185
0	0	1.8144072036018	16.5784175962466	13.8928339850414	16.5485789456709
0	0	1.81615807903952	16.5736847098466	13.8900603495893	16.5369575811243
0	0	1.81790895447724	16.5689563643189	13.887306200371	16.5253749167679
0	0	1.81965982991496	16.5642325714892	13.8845714328571	16.5138308685476
0	0	1.82141070535268	16.5595133430562	13.8818559247324	16.5023253522746
0	0	1.8231615807904	16.5547986654079	13.8791089861995	16.4908581730906
0	0	1.82491245622811	16.5500884641957	13.8762595010292	16.4794288707199
0	0	1.82666333166583	16.5453826150273	13.8732783569921	16.4680367675846
0	0	1.82841420710355	16.5406809717961	13.8701509087763	16.4566810930939
0	0	1.83016508254127	16.5359833763664	13.8668669717576	16.4453610255006
0	0	1.83191595797899	16.5312896624521	13.8634195391461	16.4340757089117
0	0	1.83366683341671	16.5265996583124	13.8598038831857	16.422824265439
0	0	1.83541770885443	16.5219131886795	13.8560169394079	16.4116058039712
0	0	1.83716858429215	16.5172300761572	13.8520568534635	16.4004194265569
0	0	1.83891945972986	16.5125501422435	13.8479226648914	16.3892642330648
0	0	1.84067033516758	16.5078732080824	13.8436140680108	16.3781393245997
0	0	1.8424212106053	16.5031990950186	13.8391312436217	16.3670438060038
0	0	1.84417208604302	16.4985276394456	13.8345037324106	16.3559768510648
0	0	1.84592296148074	16.4938587295323	13.8298054067149	16.3449378632996
0	0	1.84767383691846	16.4891923185038	13.8250923335398	16.3339265330885
0	0	1.84942471235618	16.4845283975678	13.820384222877	16.3229427182095
0	0	1.8511755877939	16.4798669747059	13.8156951354093	16.3119863512723
0	0	1.85292646323162	16.4752080697246	13.8110352111868	16.3010574183587
0	0	1.85467733866933	16.4705517108867	13.8064117655043	16.2901559439505
0	0	1.85642821410705	16.4658979325243	13.8018300724979	16.2792819800483
0	0	1.85817908954477	16.4612467733123	13.7972939114923	16.2684355982615
0	0	1.85992996498249	16.4565982750071	13.7928059653922	16.2576168840127
0	0	1.86168084042021	16.4519524815173	13.7883681052581	16.2468259322737
0	0	1.86343171585793	16.447309438216	13.7839816015558	16.2360628444143
0	0	1.86518259129565	16.4426691953216	13.7796550934072	16.2253277429492
0	0	1.86693346673337	16.4380318503961	13.7754751708945	16.2146209578874
0	0	1.86868434217109	16.433397590986	13.771535851441	16.2039432125662
0	0	1.8704352176088	16.4287666645347	13.7678632516919	16.1932954900567
0	0	1.87218609304652	16.424139340109	13.7644752487852	16.1826788656694
0	0	1.87393696848424	16.4195159011647	13.7613840845252	16.1720944760831
0	0	1.87568784392196	16.4148966406759	13.7585979300284	16.1615434977489
0	0	1.87743871935968	16.4102818577026	13.7561220366043	16.1510271313463
0	0	1.8791895947974	16.4056718549217	13.75395951478	16.1405465905468
0	0	1.88094047023512	16.4010669368296	13.7521119187832	16.1301030938256
0	0	1.88269134567284	16.3964674084274	13.7505796504209	16.1196978584864
0	0	1.88444222111056	16.3918735742523	13.7493622694294	16.1093320962867
0	0	1.88619309654827	16.3872857376666	13.7484587097149	16.0990070102438
0	0	1.88794397198599	16.3827041666296	13.7477997512113	16.0887236443787
0	0	1.88969484742371	16.3781290386009	13.7472738569313	16.0784826428854
0	0	1.89144572286143	16.3735604459052	13.7468227435315	16.0682842754926
0	0	1.89319659829915	16.3689984384443	13.7464200916591	16.0581286251953
0	0	1.89494747373687	16.3644430436662	13.7460468811852	16.0480156749924
0	0	1.89669834917459	16.3598942729332	13.7456892454009	16.0379453356998
0	0	1.89844922461231	16.3553521259182	13.7453370216362	16.0279174657573
0	0	1.90020010005003	16.3508165937407	13.7449827447225	16.0179318855559
0	0	1.90195097548774	16.3462876612438	13.7446209198029	16.0079883878894
0	0	1.90370185092546	16.3417653086637	13.7442475084424	15.9980867456268
0	0	1.90545272636318	16.3372495128623	13.7438595465433	15.9882267173742
0	0	1.9072036018009	16.3327402482423	13.7434548719518	15.978408051667
0	0	1.90895447723862	16.3282374797597	13.7430165144286	15.9686304564269
0	0	1.91070535267634	16.3237411367994	13.7424899084557	15.9588934846103
0	0	1.91245622811406	16.3192510979347	13.7418276194541	15.9491964681966
0	0	1.91420710355178	16.3147672106461	13.7410146095849	15.9395386053994
0	0	1.91595797898949	16.3102893099985	13.7400405269771	15.9299190422927
0	0	1.91770885442721	16.3058172227445	13.7388982645929	15.9203368904506
0	0	1.91945972986493	16.3013507701151	13.7375830564621	15.9107912393679
0	0	1.92121060530265	16.296889769797	13.7360918258346	15.9012811654125
0	0	1.92296148074037	16.2924340373587	13.734422732043	15.8918057383116
0	0	1.92471235617809	16.2879833872911	13.7325748379167	15.8823640258809
0	0	1.92646323161581	16.2835376337705	13.730547873076	15.8729550974796
0	0	1.92821410705353	16.2790965912196	13.7283420570826	15.8635780265389
0	0	1.92996498249125	16.2746600747215	13.7259579719226	15.8542318924085
0	0	1.93171585792896	16.2702279305304	13.7234571377626	15.8449159142777
0	0	1.93346673336668	16.2658000732915	13.7209147149008	15.8356296136433
0	0	1.9352176088044	16.2613764668005	13.7183535022204	15.8263727285833
0	0	1.93696848424212	16.2569570938688	13.715788672414	15.8171450817507
0	0	1.93871935967984	16.252541950169	13.7132312037911	15.8079465540541
0	0	1.94047023511756	16.2481310405946	13.7106890514171	15.7987770685292
0	0	1.94222111055528	16.2437243767048	13.7081680047318	15.7896365787319
0	0	1.943971985993	16.2393219748889	13.7056722627448	15.78052506033
0	0	1.94572286143072	16.2349238550271	13.703204867225	15.7714425049502
0	0	1.94747373686843	16.2305300395081	13.7007679984519	15.7623889156593
0	0	1.94922461230615	16.2261405525015	13.6983632047113	15.7533643036242
0	0	1.95097548774387	16.221755419418	13.6959915594917	15.7443686856405
0	0	1.95272636318159	16.2173746902475	13.693701468987	15.7354021864882
0	0	1.95447723861931	16.212998485151	13.6915854170527	15.7264652382928
0	0	1.95622811405703	16.208626999029	13.6897008002024	15.7175585990612
0	0	1.95797898949475	16.2042604661144	13.68806935265	15.7086831968001
0	0	1.95972986493247	16.1998991384807	13.6867060117019	15.6998400359225
0	0	1.96148074037019	16.1955432801089	13.6856209484458	15.6910301715137
0	0	1.9632316158079	16.1911931628152	13.6848209058632	15.6822546910993
0	0	1.96498249124562	16.1868490633554	13.6843101418337	15.6735147014984
0	0	1.96673336668334	16.1825112613306	13.6840911008195	15.6648113192852
0	0	1.96848424212106	16.1781800376596	13.6841648967242	15.6561456638315
0	0	1.97023511755878	16.1738556734577	13.6845316646895	15.6475188522204
0	0	1.9719859929965	16.1695384492114	13.6851908184065	15.638931995525
0	0	1.97373686843422	16.1652286309724	13.6861147284141	15.6303861381583
0	0	1.97548774387194	16.1609263942452	13.687149990776	15.6218819241868
0	0	1.97723861930965	16.1566317612289	13.6881433222254	15.6134193241827
0	0	1.97898949474737	16.1523446543661	13.6890487811709	15.604997872571
0	0	1.98074037018509	16.1480649571567	13.6898339357884	15.5966169336256
0	0	1.98249124562281	16.1437925260234	13.6904756123967	15.5882757522376
0	0	1.98424212106053	16.1395271983085	13.6909573180244	15.5799734894871
0	0	1.98599299649825	16.1352687979137	13.6912673597397	15.571709248278
0	0	1.98774387193597	16.1310171393627	13.691397564957	15.563482091916
0	0	1.98949474737369	16.1267720307649	13.6913423294601	15.5552910576938
0	0	1.99124562281141	16.1225332759907	13.6910979512304	15.5471351668508
0	0	1.99299649824912	16.1183006762811	13.690662133477	15.5390134319224
0	0	1.99474737368684	16.1140740314369	13.6900336187692	15.530924862151
0	0	1.99649824912456	16.1098531931605	13.68931729181	15.522868697722
0	0	1.99824912456228	16.1056381379425	13.6886579851432	15.514844728197
0	0	2	16.1014289433597	13.6881128013787	15.506853186101
0	0	2.1	15.8680445537469	13.5699010270609	15.0888407563653
0	0	2.5	15.0490587791503	13.0865384130264	13.9131592564295
0	0	2.9	14.4045852336646	12.8842950097338	13.2930771163278
0	0	3.3	13.916245318651	12.7593352260541	12.9776258196379
0	0	3.7	13.5474047936546	12.6587436750735	12.7975296070173
0	0	4.1	13.266678643318	12.5754804793751	12.6763884559248
0	0	4.5	13.0511371404647	12.5076025161836	12.5857593070809
0	0	4.9	12.883817310374	12.448365120139	12.5132761505178
0	0	5.3	12.7521686781933	12.3981280590028	12.4526976202149
0	0	5.7	12.6469317572158	12.3521097332417	12.4004754661445
0	0	6.1	12.561248968707	12.3115691814998	12.3542574236577
0	0	6.5	12.4900662474275	12.2729055198691	12.3124823376539
0	0	6.9	12.429634236655	12.2377417277614	12.2739729011828
0	0	7.3	12.3771940252785	12.2032282562488	12.2379299440888
0	0	7.7	12.3306933733523	12.171082740217	12.203710909749
0	0	8.1	12.2886260977547	12.1389624582204	12.1708945830169
0	0	8.5	12.2498669613396	12.1085456291974	12.1391195266403
0	0	8.9	12.2135936381856	12.0778520628966	12.1081654946369
0	0	9.3	12.1791875175215	12.0484578938819	12.0778244985727
0	0	9.7	12.1461996392954	12.0186569637943	12.0479845045959
0	0	10.1	12.1142884952639	11.9898982503672	12.0185223684913
0	0	10.5	12.0832090021997	11.9606927233481	11.9893841778861
0	0	10.9	12.052771399288	11.932356555736	11.9604941795603
0	0	11.3	12.0228419491715	11.9035791948905	11.9318293882915
0	0	11.7	11.9933141482719	11.8755480247781	11.9033408837553
0	0	12.1	11.964115081413	11.8471031636527	11.875021855788
0	0	12.5	11.9351840589878	11.8193116778308	11.8468388825367
0	0	12.9	11.9064813958902	11.7911432410898	11.8187933534545
0	0	13.3	11.8779717275912	11.7635547860683	11.7908610578506
0	0	13.7	11.8496335265301	11.7356287588793	11.7630472993811
0	0	14.1	11.8214455257551	11.7082224431716	11.7353335582221
0	0	14.5	11.7933961188419	11.6805172385935	11.7077267736515
0	0	14.9	11.7654719703759	11.6532808686728	11.6802121174686
0	0	15.3	11.7376668921965	11.6257820156557	11.652796974958
0	0	15.7	11.7099720824829	11.5987082208005	11.6254690499539
0	0	16.1	11.6823843081406	11.571405418614	11.5982355727664
0	0	16.5	11.6548974185199	11.5444895200369	11.5710860861859
0	0	16.9	11.62750978719	11.5173749912631	11.544027380741
0	0	17.3	11.600216863437	11.4906138265752	11.5170504069595
0	0	17.7	11.5730178887072	11.4636813846192	11.4901613987198
0	0	18.1	11.545909318073	11.4370726561942	11.463352432308
0	0	18.5	11.5188908557298	11.410317167773	11.4366291556355
0	0	18.9	11.4919596207687	11.3838590791858	11.4099845757702
0	0	19.3	11.4651155578518	11.3572761464903	11.3834237694069
0	0	19.7	11.4383562485036	11.3309671978612	11.3569405317844
0	0	20.1	11.4116817559113	11.304552964158	11.3305394038614
0	0	20.5	11.3850900010697	11.278391835538	11.3042148592868
0	0	20.9	11.3585810989575	11.2521428611029	11.2779709471024
0	0	21.3	11.3321532317887	11.2261283450328	11.2518027313108
0	0	21.7	11.3058065300152	11.2000415240644	11.2257138147559
0	0	22.1	11.2795393847616	11.1741724857712	11.1996997788695
0	0	22.5	11.2533519224684	11.1482449877635	11.1737638246738
0	0	22.9	11.2272427063252	11.1225203411841	11.147901989287
0	0	23.3	11.2012118486148	11.0967495675163	11.1221171134284
0	0	23.7	11.175258057295	11.0711682604415	11.0964056368099
0	0	24.1	11.1493814256036	11.0455518108357	11.0707700779199
0	0	24.5	11.1235807851781	11.0201128155382	11.0452072329624
0	0	24.9	11.0978562081549	10.9946484612393	11.0197193326881
0	0	25.3	11.0722066329764	10.9693507683631	10.9943034894808
0	0	25.7	11.0466321102942	10.9440364301332	10.968961677391
0	0	26.1	11.0211316714251	10.9188790446246	10.9436912895736
0	0	26.5	10.9957053460856	10.8937127743512	10.9184940711953
0	0	26.9	10.9703522468196	10.8686947127583	10.8933676650013
0	0	27.3	10.9450723833788	10.8436746778602	10.8683136121288
0	0	27.7	10.9198649396794	10.818794966502	10.8433297773982
0	0	28.1	10.894729906749	10.7939194366164	10.8184175200989
0	0	28.5	10.8696665313855	10.7691771103327	10.7935749028009
0	0	28.9	10.8446747872614	10.74444444581	10.7688031227119
0	0	29.3	10.8197539767315	10.7198385471671	10.7441004186459
0	0	29.7	10.7949040575023	10.6952471891741	10.7194678433446
0	0	30.1	10.7701243811597	10.6707767679023	10.6949037928059
0	0	30.5	10.7454148907969	10.6463252297875	10.6704091909961
0	0	30.9	10.7207749817137	10.6219893424942	10.6459825742207
0	0	31.3	10.6962045837081	10.5976762022664	10.6216247516347
0	0	31.7	10.6717031309665	10.57347391225	10.5973343848848
0	0	32.1	10.6472705412513	10.5492978060193	10.5731121807506
0	0	32.5	10.6229062834499	10.5252281831953	10.5489569129424
0	0	32.9	10.5986102644563	10.5011877994451	10.5248691969428
0	0	33.3	10.5743819841476	10.4772499203681	10.5008479067442
0	0	33.7	10.5502213396519	10.4533439948994	10.476893576386
0	0	34.1	10.5261278586292	10.4295369427881	10.4530051696747
0	0	34.5	10.5021014294429	10.4057642543177	10.429183147994
0	0	34.9	10.4781416046749	10.3820871191325	10.4054265556604
0	0	35.3	10.4542482648674	10.3584464853627	10.3817357892167
0	0	35.7	10.4304209850475	10.3348983639124	10.3581099652286
0	0	36.1	10.4066596387835	10.311388638119	10.3345494223664
0	0	36.5	10.3829638213416	10.2879686341268	10.311053342081
0	0	36.9	10.3593334001105	10.2645887021234	10.2876220113841
0	0	37.3	10.3357679886185	10.241295926353	10.2642546700683
0	0	37.7	10.3122674488097	10.2180447037775	10.2409515590105
0	0	38.1	10.2888314107765	10.1948782740968	10.2177119705126
0	0	38.5	10.2654597316698	10.17175470405	10.1945361042543
0	0	38.9	10.2421520566074	10.1487137455194	10.1714232998488
0	0	39.3	10.2189082385347	10.1257167964354	10.1483737201753
0	0	39.7	10.1957279362464	10.1028004413735	10.1253867475245
0	0	40.1	10.1726109990227	10.079929105135	10.1024625118978
0	0	40.5	10.1495570981487	10.0571364931698	10.0796004341269
0	0	40.9	10.1265660797335	10.034389783419	10.0568006148342
0	0	41.3	10.1036376264707	10.0117200615405	10.0340625097048
0	0	41.7	10.0807715817274	9.98909701218211	10.0113861931042
0	0	42.1	10.0579676386688	9.96654933474754	9.98877115226652
0	0	42.5	10.0352256383191	9.94404899861394	9.96621743809711
0	0	42.9	10.0125452834673	9.92162252739097	9.94372456643212
0	0	43.3	9.98992641315368	9.89924397500626	9.92129256719858
0	0	43.7	9.9673687390165	9.87693787915703	9.89892098219616
0	0	44.1	9.94487209845271	9.85468019768165	9.87660982260623
0	0	44.5	9.92243621128398	9.83249365375788	9.85435865382564
0	0	44.9	9.90006091354924	9.81035594600178	9.83216747028105
0	0	45.3	9.87774593261542	9.78828813794031	9.81003585885162
0	0	45.7	9.85549110343566	9.76626952147561	9.78796379898559
0	0	46.1	9.83329616040553	9.74431964056208	9.76595089714562
0	0	46.5	9.8111609376108	9.72241924694313	9.74399711939778
0	0	46.9	9.78908517596725	9.70058649176497	9.72210209007778
0	0	47.3	9.76706870891133	9.67880346579488	9.70026576329648
0	0	47.7	9.74511128346218	9.65708704222941	9.67848777973857
0	0	48.1	9.72321273257549	9.63542054130781	9.65676808283288
0	0	48.5	9.70137280896014	9.61381966245138	9.6351063282345
0	0	48.9	9.67959134529771	9.59226885599108	9.61350244983826
0	0	49.3	9.65786809960975	9.57078274211137	9.59195611703008
0	0	49.7	9.63620290443465	9.5493468109863	9.57046725519507
0	0	50.1	9.61459552279758	9.52797468945956	9.54903554633411
0	0	50.5	9.59304578723257	9.5066528255232	9.52766090824679
0	0	50.9	9.57155346547021	9.485393930776	9.50634303454252
0	0	51.3	9.55011839016334	9.46418533639196	9.48508183625726
0	0	51.7	9.52874033347947	9.44303890983765	9.46387701770507
0	0	52.1	9.50741912827548	9.42194279749202	9.44272848390524
0	0	52.5	9.48615455092897	9.40090808744895	9.42163594905064
0	0	52.9	9.46494643463457	9.37992367934259	9.40059931280716
0	0	53.3	9.44379455971685	9.35899994098278	9.37961829851257
0	0	53.7	9.42269875977542	9.33812646870777	9.3586928010814
0	0	54.1	9.40165881890898	9.31731296396452	9.33782255231996
0	0	54.5	9.38067457119778	9.29654966817086	9.31700744293187
0	0	54.9	9.35974580432515	9.27584566567421	9.2962472125851
0	0	55.3	9.33887235292607	9.25519179576348	9.27554174825453
0	0	55.7	9.31805400808141	9.23459657076512	9.25489079692148
0	0	56.1	9.29729060504779	9.2140513846339	9.23429424227277
0	0	56.5	9.2765819381584	9.1935642189302	9.21375183810105
0	0	56.9	9.25592784334263	9.17312698270724	9.19326346519894
0	0	57.3	9.23532811804529	9.15274716456254	9.17282888371505
0	0	57.7	9.21478259890162	9.13241715236646	9.15244797190186
0	0	58.1	9.19429108634223	9.11214397643844	9.13212049585158
0	0	58.5	9.17385341775657	9.09192047016808	9.11184633159925
0	0	58.9	9.15346939643129	9.07175323742301	9.09162525080021
0	0	59.3	9.13313886055554	9.05163552654257	9.07145712756168
0	0	59.7	9.11286161615604	9.03157354419685	9.05134173876245
0	0	60.1	9.09263750224398	9.01156092554437	9.03127895684132
0	0	60.5	9.07246632749467	8.99160350697867	9.0112685635859
0	0	60.9	9.05234793178012	8.97169528459439	8.99131043000551
0	0	61.3	9.03228212631936	8.95184174927264	8.97140434250545
0	0	61.7	9.01226875186413	8.93203723422113	8.9515501708799
0	0	62.1	8.99230762208027	8.91228690763404	8.93174770589329
0	0	62.5	8.97239857862937	8.89258541784984	8.91199681631702
0	0	62.9	8.9525414375435	8.87293763142475	8.89229729703013
0	0	63.3	8.93273604141129	8.85333849155311	8.87264901595535
0	0	63.7	8.91298220856347	8.83379258259671	8.85305177186968
0	0	64.1	8.89327978252858	8.81429512386276	8.83350543200603
0	0	64.5	8.873628583863	8.79485043548163	8.81400979883484
0	0	64.9	8.85402845703664	8.77545399555921	8.79456473904483
0	0	65.3	8.83447922475658	8.75610987658564	8.77517005860972
0	0	65.7	8.81498073247297	8.73681379945869	8.75582562380335
0	0	66.1	8.79553280497472	8.71756960439397	8.73653124393423
0	0	66.5	8.77613528869594	8.69837324023622	8.71728678497653
0	0	66.9	8.75678801045429	8.67922832917427	8.69809205941522
0	0	67.3	8.73749081767478	8.660131034256	8.67894693303777
0	0	67.7	8.71824353913954	8.64108477281782	8.65985122135551
0	0	68.1	8.69904602326587	8.62208590936743	8.6408047900609
0	0	68.5	8.67989810075972	8.60313766863441	8.62180745755841
0	0	68.9	8.66079962104555	8.58423660475025	8.60285908953531
0	0	69.3	8.64175041669691	8.56538576120453	8.58395950716488
0	0	69.7	8.62275033813953	8.54658187076119	8.5651085762111
0	0	70.1	8.60379921977601	8.52782780621416	8.5463061204961
0	0	70.5	8.58489691303545	8.5091204687459	8.52755200592896
0	0	70.9	8.56604325409567	8.49046257028694	8.50884605887811
0	0	71.3	8.54723809540586	8.47185117091636	8.49018814546509
0	0	71.7	8.5284812748773	8.45328883083566	8.47157809449963
0	0	72.1	8.50977264596942	8.43477276017835	8.45301577237657
0	0	72.5	8.49111204829767	8.4163053759261	8.43450101025784
0	0	72.9	8.47249933633573	8.39788403000305	8.41603367486204
0	0	73.3	8.45393435135071	8.37951100410841	8.39761359961283
0	0	73.7	8.43541694883371	8.36118378428107	8.37924065160822
0	0	74.1	8.41694697167156	8.34290452430635	8.36091466645101
0	0	74.5	8.39852427637101	8.32467083716773	8.34263551165588
0	0	74.9	8.38014870741099	8.3064847556568	8.32440302493532
0	0	75.3	8.36182012229586	8.28834401297942	8.30621707426202
0	0	75.7	8.34353836707157	8.27025052738264	8.28807749938231
0	0	76.1	8.32530330025653	8.25220214604705	8.26998416876768
0	0	76.5	8.30711476941488	8.2342006786786	8.25193692413144
0	0	76.9	8.28897263406575	8.21624408059055	8.23393563447432
0	0	77.3	8.27087674328638	8.19833405857634	8.21598014341689
0	0	77.7	8.25282695759194	8.18046867060427	8.19807032051826
0	0	78.1	8.23482312751552	8.16264952581624	8.1802060112448
0	0	78.5	8.21686511458864	8.14487477971609	8.16238708573978
0	0	78.9	8.198952770771	8.12714594873327	8.14461339126463
0	0	79.3	8.18108595859754	8.10946128109805	8.12688479857271
0	0	79.7	8.16326453144092	8.09182220514249	8.10920115666477
0	0	80.1	8.14548835282098	8.07422705732753	8.09156233692465
0	0	80.5	8.12775727750071	8.05667718221681	8.07396819004509
0	0	80.9	8.11007116999658	8.03917100028347	8.05641858806005
0	0	81.3	8.09242988643773	8.02170977638802	8.0389133833107
0	0	81.7	8.0748332923116	8.00429201104488	8.02145244849729
0	0	82.1	8.05728124508861	7.98691889322282	8.00403563756232
0	0	82.5	8.03977361124621	7.96958899976899	7.98666282389037
0	0	82.9	8.02231024956292	7.95230344732913	7.96933386298531
0	0	83.3	8.00489102749211	7.93506088559223	7.95204862892795
0	0	83.7	7.98751580511909	7.917862362246	7.93480697874605
0	0	84.1	7.97018445084816	7.90070659653032	7.91760878722844
0	0	84.5	7.95289682603972	7.88359457033949	7.90045391288913
0	0	84.9	7.93565280006454	7.86652506936669	7.8833422312341
0	0	85.3	7.91845223554291	7.84949901269018	7.86627360222723
0	0	85.7	7.90129500281103	7.83251524955882	7.84924790210555
0	0	86.1	7.88418096572229	7.81557463902621	7.83226499225254
0	0	86.5	7.86710999553998	7.79867609115288	7.81532474964154
0	0	86.9	7.85008195734569	7.78182040759762	7.79842703703966
0	0	87.3	7.83309672336212	7.76500655666054	7.78157173216352
0	0	87.7	7.81615415985685	7.74823528509268	7.76475869913826
0	0	88.1	7.79925413998583	7.73150561698615	7.74798781642783
0	0	88.5	7.78239653120715	7.71481824653376	7.73125894948459
0	0	88.9	7.76558120760905	7.69817225133018	7.71457197752929
0	0	89.3	7.74880803781336	7.68156827520559	7.69792676731353
0	0	89.7	7.73207689682872	7.66500544709407	7.68132319881616
0	0	90.1	7.71538765441962	7.64848436254457	7.6647611400615
0	0	90.5	7.69874018652212	7.63200419978617	7.64824047178974
0	0	90.9	7.68213436403437	7.61556550806083	7.63176106327574
0	0	91.3	7.66557006379724	7.59916751294749	7.61532279602314
0	0	91.7	7.64904715782801	7.58281071924718	7.59892554053202
0	0	92.1	7.63256552387438	7.56649439805981	7.58256917907305
0	0	92.5	7.61612503505278	7.55021901149551	7.56625358334685
0	0	92.9	7.59972557000597	7.53398387445014	7.54997863639091
0	0	93.3	7.5833670029316	7.51778940800798	7.53374421108637
0	0	93.7	7.56704921337047	7.50163496921806	7.51755019123835
0	0	94.1	7.55077207659309	7.48552093971275	7.50139645088599
0	0	94.5	7.53453547302754	7.46944671715175	7.48528287460466
0	0	94.9	7.51833927899621	7.45341264519272	7.46920933757085
0	0	95.3	7.50218337580443	7.43741816063667	7.4531757251259
0	0	95.7	7.48606764082041	7.42146357059348	7.43718191356812
0	0	96.1	7.46999195621953	7.40554834959613	7.42122778900535
0	0	96.5	7.45395620039986	7.38967276954459	7.40531322883415
0	0	96.9	7.43796025640495	7.37383634139077	7.38943811992925
0	0	97.3	7.42200400363942	7.35803930308789	7.37360234076908
0	0	97.7	7.40608732601014	7.34228120074983	7.35780577899175
0	0	98.1	7.39021010392759	7.32656223958994	7.34204831413981
0	0	98.5	7.37437222214757	7.31088199969523	7.32632983461468
0	0	98.9	7.3585735620667	7.2952406546795	7.31065022100694
0	0	99.3	7.34281400928976	7.27963781746149	7.29500936247565
0	0	99.7	7.32709344619831	7.26407363115639	7.27940714064397
0	0	100.1	7.31141175922565	7.24854774043249	7.2638434454296
0	0	100.5	7.29576883171377	7.23306025893192	7.24831815946995
0	0	100.9	7.28016455093932	7.21761086205202	7.23283117343687
0	0	101.3	7.26459880119413	7.20219963494294	7.21738237096735
0	0	101.7	7.24907147057708	7.18682628275766	7.20197164348481
0	0	102.1	7.233582444324	7.17149086309219	7.18659887561361
0	0	102.5	7.21813161134906	7.15619310991408	7.17126395952341
0	0	102.9	7.20271885781686	7.14093305416414	7.15596678080978
0	0	103.3	7.18734407345802	7.125710457741	7.14070723238882
0	0	103.7	7.172007145356	7.11052532577151	7.12548520081312
0	0	104.1	7.15670796404375	7.09537744723205	7.11030057973637
0	0	104.5	7.14144641751523	7.08026680226036	7.09515325665587
0	0	104.9	7.1262223970976	7.06519320610636	7.08004312596568
0	0	105.3	7.1110357916852	7.05015661467012	7.06497007609108
0	0	105.7	7.09588649339807	7.03515686871719	7.04993400215878
0	0	106.1	7.08077439201695	7.02019390065272	7.03493479351439
0	0	106.5	7.06569938044322	7.00526757600786	7.01997234601242
0	0	106.9	7.05066134933511	6.99037780440355	7.00504654990398
0	0	107.3	7.03566019237799	6.9755244754292	6.99015730176753
0	0	107.7	7.0206958010841	6.96070747659558	6.97530449274735
0	0	108.1	7.00576806991854	6.94592672087713	6.960488020142
0	0	108.5	6.99087689125689	6.93118207432335	6.94570777597958
0	0	108.9	6.97602216031728	6.91647347263921	6.93096365827378
0	0	109.3	6.96120377032924	6.90180076102798	6.91625555992157
0	0	109.7	6.94642161726695	6.88716389731495	6.90158337964851
0	0	110.1	6.93167559519178	6.87256270644241	6.88694701121098
0	0	110.5	6.91696560084992	6.8579971677666	6.87234635404198
0	0	110.9	6.90229152911411	6.84346708653421	6.85778130274776
0	0	111.3	6.88765327747124	6.82897246305064	6.84325175746008
0	0	111.7	6.87305074162408	6.81451308341693	6.82875761362158
0	0	112.1	6.85848381978671	6.80008896835071	6.81429877206264
0	0	112.5	6.84395240847127	6.78569988532162	6.79987512905469
0	0	112.9	6.82945640664442	6.7713458749273	6.78548658611824
0	0	113.3	6.8149957116146	6.7570266865144	6.77113304034261
0	0	113.7	6.80057022305974	6.74274238005508	6.75681439393589
0	0	114.1	6.78617983908786	6.72849268725212	6.74253054479566
0	0	114.5	6.77182446009762	6.71427768696897	6.72828139581303
0	0	114.9	6.75750398497634	6.70009709371696	6.71406684568195
0	0	115.3	6.74321831484676	6.68595100478778	6.69988679796905
0	0	115.7	6.72896734935788	6.67183911795419	6.6857411521588
0	0	116.1	6.71475099034602	6.65776154847642	6.67162981248923
0	0	116.5	6.7005691382297	6.64371797781792	6.65755267922363
0	0	116.9	6.68642169554077	6.62970853877941	6.64350965726813
0	0	117.3	6.67230856345744	6.615732896919	6.62950064765541
0	0	117.7	6.65822964520659	6.60179120216479	6.61552555595379
0	0	118.1	6.64418484272103	6.58788310456592	6.60158428395788
0	0	118.5	6.63017405991792	6.57400877077122	6.58767673789175
0	0	118.9	6.61619719946952	6.56016783570736	6.5738028203036
0	0	119.3	6.60225416597082	6.54636048235713	6.55996243807038
0	0	119.7	6.58834486282579	6.53258633088181	6.54615549448265
0	0	120.1	6.57446919531177	6.51884558022989	6.53238189706308
0	0	120.5	6.56062706757108	6.5051378361594	6.5186415498398
0	0	120.9	6.54681838554252	6.49146331321547	6.50493436097772
0	0	121.3	6.53304305407376	6.47782160309187	6.49126023523141
0	0	121.7	6.519300979793	6.46421293558386	6.47761908140126
0	0	122.1	6.50559206825902	6.45063688866215	6.46401080496469
0	0	122.5	6.49191622674199	6.43709370702191	6.45043531535336
0	0	122.9	6.4782733614948	6.42358295522349	6.43689251875342
0	0	123.3	6.46466338046636	6.41010489254572	6.42338232522212
0	0	123.7	6.45108619060908	6.39665907045524	6.40990464165223
0	0	124.1	6.43754170049939	6.38324576248903	6.39645937872344
0	0	124.5	6.42402981778649	6.36986450730987	6.38304644402201
0	0	124.9	6.4105504517021	6.35651559242023	6.36966574884433
0	0	125.3	6.39710351056303	6.34319854396875	6.35631720146789
0	0	125.7	6.38368890424208	6.32991366311152	6.34300071379752
0	0	126.1	6.37030654173834	6.31666046377903	6.32971619479331
0	0	126.5	6.35695633354159	6.30343926049215	6.31646355696873
0	0	126.9	6.34363818932108	6.29024955521846	6.30324270995524
0	0	127.3	6.33035202020074	6.27709167557509	6.29005356686643
0	0	127.7	6.31709773650909	6.2639651118369	6.27689603800309
0	0	128.1	6.30387524999699	6.25087020443648	6.26377003707449
0	0	128.5	6.29068447163924	6.237806432214	6.25067547504198
0	0	128.9	6.2775253137985	6.22477414815713	6.23761226620699
0	0	129.3	6.26439768810954	6.21177281991455	6.22458032218373
0	0	129.7	6.25130150753909	6.19880281277009	6.21157955785858
0	0	130.1	6.23823668435715	6.18586358343392	6.19860988549435
0	0	130.5	6.22520313212997	6.17295550922693	6.18567122055856
0	0	130.9	6.21220076377487	6.16007803614941	6.17276347595133
0	0	131.3	6.19922949347422	6.14723155333227	6.15988656771788
0	0	131.7	6.18628923474395	6.13441549629119	6.14704040939428
0	0	132.1	6.17337990236341	6.12163026572359	6.13422491759689
0	0	132.5	6.1605014104906	6.10887528688177	6.12144000648754
0	0	132.9	6.14765367447806	6.09615097180349	6.10868559324932
0	0	133.3	6.13483660910224	6.0834567356958	6.09596159266558
0	0	133.7	6.12205013029946	6.07079300170795	6.08326792248095
0	0	134.1	6.10929415345088	6.05815917521077	6.07060449809203
0	0	134.5	6.09656859509175	6.04555569025908	6.05797123780307
0	0	134.9	6.08387337119203	6.03298194258255	6.04536805762008
0	0	135.3	6.07120839885156	6.02043837692092	6.0327948763971
0	0	135.7	6.05857359466218	6.00792437957467	6.02025161074278
0	0	136.1	6.04596887627345	5.99544040575934	6.00773818006028
0	0	136.5	6.03339416087148	5.9829858325352	5.99525450155386
0	0	136.9	6.02084936667554	5.97056112539321	5.98280049516932
0	0	137.3	6.00833441145381	5.9581656523446	5.97037607870157
0	0	137.7	5.99584921399446	5.94579988896114	5.95798117263608
0	0	138.1	5.98339369262988	5.9334631943849	5.94561569535275
0	0	138.5	5.97096776670497	5.92115605407352	5.93327956786984
0	0	138.9	5.95857135515368	5.90887781848257	5.92097270914533
0	0	139.3	5.94620437784464	5.89662898277295	5.9086950407285
0	0	139.7	5.93386675427337	5.8844088888866	5.89644648215157
0	0	140.1	5.92155840486121	5.87221804149847	5.88422695548788
0	0	140.5	5.90927924968084	5.86005577420883	5.87203638083587
0	0	140.9	5.89702920969502	5.84792260103746	5.85987468079107
0	0	141.3	5.88480820550474	5.83581784739946	5.84774177601363
0	0	141.7	5.87261615862973	5.82374203648483	5.83563758961367
0	0	142.1	5.86045299023941	5.81169448570033	5.82356204281071
0	0	142.5	5.8483186223548	5.79967572722126	5.81151505922656
0	0	142.9	5.83621297669697	5.78768507060414	5.79949656063024
0	0	143.3	5.82413597582988	5.77572305685324	5.7875064711521
0	0	143.7	5.81208754201025	5.76378898782646	5.77554471310826
0	0	144.1	5.80006759831601	5.75188341318306	5.7636112111294
0	0	144.5	5.78807606754967	5.74000562724884	5.75170588807361
0	0	144.9	5.77611287330099	5.72815618818165	5.73982866907351
0	0	145.3	5.76417793890713	5.71633438290418	5.72797947752019
0	0	145.7	5.75227118846717	5.70454077792745	5.71615823904025
0	0	146.1	5.74039254584603	5.69277465292031	5.70436487755633
0	0	146.5	5.728541935657	5.68103658258937	5.6925993191854
0	0	146.9	5.71671928228255	5.66932583949415	5.68086148837636
0	0	147.3	5.70492451084438	5.65764300638272	5.6691513117316
0	0	147.7	5.69315754622973	5.64598734884698	5.6574687142205
0	0	148.1	5.68141831406658	5.63435945753334	5.64581362292847
0	0	148.5	5.66970673977109	5.62275859119785	5.63418596334046
0	0	148.9	5.65802274944491	5.61118534824169	5.62258566301979
0	0	149.3	5.64636626901478	5.59963898072467	5.61101264796386
0	0	149.7	5.63473722508169	5.5881200946534	5.59946684620927
0	0	150.1	5.62313554407072	5.57662793552006	5.58794818425775
0	0	150.5	5.61156115307224	5.56516311681175	5.57645659061769
0	0	150.9	5.60001397899592	5.55372487757037	5.5649919922921
0	0	151.3	5.58849394942896	5.54231383862888	5.55355431825432
0	0	151.7	5.57700099178786	5.53092923271254	5.54214349600578
0	0	152.1	5.56553503410845	5.51957168786024	5.53075945498223
0	0	152.5	5.55409600430964	5.508240430605	5.51940212317739
0	0	152.9	5.54268383091144	5.49693609605912	5.50807143048421
0	0	153.3	5.53129844230951	5.485657904684	5.49676730538338
0	0	153.7	5.51993976749062	5.47440649854885	5.48548967822469
0	0	154.1	5.5086077353252	5.4631810921482	5.47423847797169
0	0	154.5	5.49730227527493	5.45198233437913	5.46301363542157
0	0	154.9	5.48602331669638	5.44080943390323	5.45181508001888
0	0	155.3	5.47477078949613	5.42966304631782	5.44064274301016
0	0	155.7	5.463544623501	5.41854237454919	5.42949655431159
0	0	156.1	5.45234474909534	5.40744808078651	5.41837644561196
0	0	156.5	5.44117109656572	5.39637936233785	5.40728234729986
0	0	156.9	5.43002359674676	5.38533688785675	5.3962141915031
0	0	157.3	5.41890218038334	5.37431984914363	5.38517190907613
0	0	157.7	5.40780677876255	5.36332892120224	5.37415543258235
0	0	158.1	5.39673732309842	5.35236329043008	5.3631646933373
0	0	158.5	5.3856937451177	5.34142363806803	5.35219962433619
0	0	158.9	5.37467597648839	5.3305091452199	5.34126015735307
0	0	159.3	5.36368394937819	5.31962049924585	5.3303462258107
0	0	159.7	5.35271759591803	5.30875687606246	5.31945776193685
0	0	160.1	5.34177684870977	5.29791896904372	5.3085946995806
0	0	160.5	5.33086164031424	5.28710594901123	5.2977569714186
0	0	160.9	5.31997190378404	5.27631851524587	5.28694451171972
0	0	161.3	5.30910757213411	5.26555583357958	5.27615725360637
0	0	161.7	5.29826857883111	5.25481860909353	5.26539513176628
0	0	162.1	5.28745485733168	5.24410600272446	5.25465807976326
0	0	162.5	5.27666634153579	5.23341872525044	5.24394603269897
0	0	162.9	5.26590296532622	5.22275593280887	5.23325892457494
0	0	163.3	5.25516466303672	5.21211834177167	5.2225966909031
0	0	163.7	5.24445136897565	5.20150510357102	5.21195926611813
0	0	164.1	5.23376301790147	5.19091694007579	5.20134658614014
0	0	164.5	5.22309954456294	5.18035299810622	5.19075858583499
0	0	164.9	5.21246088411489	5.16981400492455	5.18019520152684
0	0	165.3	5.20184697172808	5.15929910282615	5.16965636850592
0	0	165.7	5.19125774298921	5.14880902437734	5.15914202349717
0	0	166.1	5.18069313347748	5.13834290743755	5.14865210221427
0	0	166.5	5.1701530791953	5.12790148978044	5.13818654178006
0	0	166.9	5.15963751613836	5.11748390491493	5.12774527832657
0	0	167.3	5.14914638070814	5.10709089572605	5.11732824936967
0	0	167.7	5.13867960932457	5.09672159146495	5.10693539145695
0	0	168.1	5.12823713878856	5.08637674003269	5.09656664249552
0	0	168.5	5.11781890592428	5.07605546650776	5.08622193944463
0	0	168.9	5.10742484793829	5.06575852371626	5.07590122059898
0	0	169.3	5.09705490205542	5.05548503264378	5.06560442332489
0	0	169.7	5.08670900587873	5.04523575095865	5.05533148630218
0	0	170.1	5.07638709705164	5.03500979563179	5.04508234730147
0	0	170.5	5.06608911355686	5.02480792908783	5.03485694538447
0	0	170.9	5.05581499343879	5.01462926436267	5.02465521872295
0	0	171.3	5.04556467506636	5.00447456854813	5.01447710675638
0	0	171.7	5.03533809687595	4.99434295082486	5.0043225480531
0	0	172.1	5.02513519764572	4.98423518286951	4.99419148242761
0	0	172.5	5.01495591618444	4.97415037008737	4.98408384884364
0	0	172.9	5.00480019165439	4.96408928865402	4.97399958748824
0	0	173.3	4.99466796326395	4.95405104027094	4.96393863771446
0	0	173.7	4.98455917054806	4.94403640553729	4.95390094007902
0	0	174.1	4.97447375310929	4.93404448252452	4.9438864343227
0	0	174.5	4.96441165085103	4.92407605617156	4.93389506136811
0	0	174.9	4.95437280375589	4.91413022099768	4.9239267613405
0	0	175.3	4.94435715211554	4.9042077661981	4.91398147552504
0	0	175.7	4.93436463627855	4.89430778281236	4.90405914442709
0	0	176.1	4.92439519690427	4.88443106421649	4.89415970969196
0	0	176.5	4.91444877473204	4.87457669804285	4.88428311220294
0	0	176.9	4.90452531078668	4.86474548177197	4.87442929396371
0	0	177.3	4.89462474617591	4.85493649969528	4.86459819623162
0	0	177.7	4.88474702229126	4.84515055332473	4.85478976136519
0	0	178.1	4.87489208060595	4.83538672367643	4.84500393099206
0	0	178.5	4.86505986288157	4.8256458162235	4.83524064782256
0	0	178.9	4.85525031095107	4.81592690877437	4.82549985385314
0	0	179.3	4.84546336693471	4.80623081068527	4.8157814921419
0	0	179.7	4.83569897303875	4.79655659662794	4.80608550505008
0	0	180.1	4.82595707173257	4.78690507977067	4.79641183598249
0	0	180.5	4.81623760558628	4.77727533171417	4.78676042766293
0	0	180.9	4.80654051741615	4.76766816936423	4.77713122383927
0	0	181.3	4.79686575015243	4.75808266131412	4.76752416759301
0	0	181.7	4.78721324697758	4.74851962814642	4.75793920301412
0	0	182.1	4.7775829511531	4.73897813550101	4.7483762735396
0	0	182.5	4.76797480621072	4.72945900756898	4.73883532359607
0	0	182.9	4.75838875578373	4.71996130710839	4.72931629697497
0	0	183.3	4.74882474374312	4.71048586184436	4.71981913843838
0	0	183.7	4.73928271406037	4.70103173171263	4.71034379212709
0	0	184.1	4.72976261094744	4.69159974790854	4.70089020313536
0	0	184.5	4.72026437873461	4.68218896760727	4.69145831595115
0	0	184.9	4.71078796196726	4.6728002254109	4.68204807599993
0	0	185.3	4.70133330531436	4.66343257578636	4.67265942811306
0	0	185.7	4.69190035366368	4.65408685668124	4.66329231804265
0	0	186.1	4.68248905202224	4.64476211991826	4.65394669096268
0	0	186.5	4.67309934561886	4.63545920671926	4.6446224929495
0	0	186.9	4.66373117978965	4.62617716632202	4.63531966951518
0	0	187.3	4.65438450009235	4.61691684316785	4.62603816705998
0	0	187.7	4.6450592522041	4.60767728395464	4.6167779314304
0	0	188.1	4.63575538201721	4.59845933628708	4.60753890934618
0	0	188.5	4.62647283553323	4.58926204438507	4.59832104698884
0	0	188.9	4.61721155896891	4.58008625894513	4.58912429139415
0	0	189.3	4.60797149866329	4.57093102177092	4.57994858907423
0	0	189.7	4.59875260114694	4.56179718659035	4.5707938873801
0	0	190.1	4.58955481308644	4.55268379283957	4.56166013315042
0	0	190.5	4.58037808134591	4.54359169722589	4.5525472740488
0	0	190.9	4.57122235291018	4.534519936871	4.54345525723973
0	0	191.3	4.56208757495488	4.52546937140352	4.53438403069771
0	0	191.7	4.55297369479054	4.51643903567399	4.52533354190772
0	0	192.1	4.54388065991013	4.50742979218444	4.51630373915174
0	0	192.5	4.53480841794216	4.49844067356973	4.50729457023637
0	0	192.9	4.52575691669927	4.48947254513876	4.4983059837479
0	0	193.3	4.51672610411355	4.48052443736466	4.48933792780959
0	0	193.7	4.50771592831199	4.47159721831028	4.48039035131047
0	0	194.1	4.49872633755389	4.46268991633829	4.47146320268918
0	0	194.5	4.48975728027034	4.45380340220769	4.46255643113515
0	0	194.9	4.48080870502326	4.44493670222328	4.45366998540006
0	0	195.3	4.47188056054861	4.43609068978489	4.44480381497182
0	0	195.7	4.46297279572658	4.42726438918002	4.43595786890936
0	0	196.1	4.4540853595949	4.41845867640857	4.42713209699735
0	0	196.5	4.44521820133903	4.40967257378514	4.41832644860283
0	0	196.9	4.4363712702988	4.40090695985552	4.40954087380401
0	0	197.3	4.4275445159637	4.39216085500942	4.4007753222727
0	0	197.7	4.41873788797003	4.38343514028772	4.39202974437878
0	0	198.1	4.40995133611655	4.37472883420015	4.38330409009649
0	0	198.5	4.40118481032886	4.36604282022987	4.37459831008381
0	0	198.9	4.39243826070129	4.35737611505794	4.36591235461544
0	0	199.3	4.38371163747346	4.34872960455865	4.35724617463708
0	0	199.7	4.37500489101795	4.34010230362597	4.34859972072079
0	0	204	4.28264460755304	4.24858645962732	4.25687823145251
0	0	208	4.19873316545575	4.16544013567843	4.1735459092947
0	0	212	4.11670534669092	4.08415923277623	4.092083079193
0	0	216	4.03651531747374	4.00469751964113	4.01244431109
0	0	220	3.95811855218356	3.9270119199431	3.93458547206469
0	0	224	3.8814717737748	3.85105870989335	3.85846365372587
0	0	228	3.80653291891863	3.77679724840101	3.78403716074536
0	0	232	3.73326108616568	3.70418614481968	3.71126543311065
0	0	236	3.6616165019329	3.6331870211134	3.64010903985548
0	0	240	3.5915604754631	3.56376066054442	3.57052960867024
0	0	244	3.5230553660644	3.49587079209982	3.5024898173661
0	0	248	3.45606454357916	3.42948022748315	3.43595333382661
0	0	252	3.3905523572339	3.36455466086684	3.37088480357653
0	0	256	3.32648410066697	3.30105879935221	3.30724979968296
0	0	260	3.2638259824755	3.23896017308275	3.24501480685762
0	0	264	3.20254509508884	3.1782252626688	3.18414717979647
0	0	268	3.14260938709662	3.1188233162231	3.1246151248734
0	0	272	3.08398763528927	3.06072247606533	3.06638766527374
0	0	276	3.02664941880332	3.00389360023252	3.00943462126839
0	0	280	2.97056509387026	2.9483063900433	2.95372658075677
0	0	284	2.91570576968655	2.89393321432763	2.89923487890017
0	0	288	2.86204328548799	2.84074523888031	2.84593157294802
0	0	292	2.80955018806923	2.78871625216822	2.79378942180532
0	0	296	2.75819971090529	2.73781879732443	2.74278186426665
0	0	300	2.70796575317323	2.68802799847278	2.69288299892833
0	0	304	2.65882286066912	2.63931769560965	2.64406756512688
0	0	308	2.61074620626655	2.59166427097354	2.59631092347916
0	0	312	2.56371157239001	2.54504278698596	2.54958903900095
0	0	316	2.51769533280673	2.49943081226831	2.50387846243739
0	0	320	2.47267443647461	2.45480456269235	2.45915631516232
0	0	324	2.42862639058383	2.4111427267716	2.41540027138193
0	0	328	2.38552924562213	2.3684226098165	2.37258854452713
0	0	332	2.34336157953868	2.32662395849003	2.33069987034306
0	0	336	2.30210248394834	2.28572510801433	2.2897134945464
0	0	340	2.26173154929976	2.24570680578619	2.24960915682209
0	0	344	2.22222885210079	2.20654836150289	2.21036707953341
0	0	348	2.18357494103113	2.16823146979258	2.17196795262036
0	0	352	2.14575082505782	2.13073636312415	2.13439292321525
0	0	356	2.10873796045769	2.09404563342814	2.09762358140923
0	0	360	2.07251823970538	2.0581403876387	2.0616419506474
0	0	364	2.03707397933818	2.02300406831934	2.02643047433381
0	0	368	2.00238790958139	1.9886186116874	1.99197200691272
0	0	372	1.96844316292798	1.95496826725116	1.95824980125534
0	0	376	1.93522326447876	1.92203575816759	1.92524750034603
0	0	380	1.90271212118586	1.88980609994749	1.89294912542772
0	0	384	1.87089401280441	1.85826276296711	1.86133906820597
0	0	388	1.83975358179955	1.82739149029762	1.83040207970943
0	0	392	1.80927582482206	1.79717646222805	1.80012326296772
0	0	396	1.77944608323863	1.76760411325946	1.77048806253207
0	0	400	1.75025003510338	1.73865929850667	1.74148225758632
0	0	404	1.72167368623966	1.71032910989872	1.71309195207955
0	0	408	1.69370336268739	1.68259904433944	1.68530356823662
0	0	412	1.6663257022875	1.65545681915544	1.6581038372596
0	0	416	1.63952764757871	1.62888854189683	1.63147979320234
0	0	420	1.6132964378272	1.60288252507917	1.60541876420413
0	0	424	1.58761960234948	1.57742545750815	1.57990836669431
0	0	428	1.56248495298129	1.55250621837315	1.55493649713244
0	0	432	1.53788057775694	1.52811204997692	1.53049132650843
0	0	436	1.51379483379481	1.50423237123229	1.50656129255677
0	0	440	1.49021634133332	1.48085495170043	1.48313509453585
0	0	444	1.46713397697987	1.45796972452335	1.4602016858741
0	0	448	1.44453686808092	1.43556496169027	1.43775026921708
0	0	452	1.42241438632385	1.41363108644594	1.41577028947909
0	0	456	1.40075614240895	1.39215684969655	1.39425142913505
0	0	460	1.37955197997628	1.37113314192707	1.3731836016474
0	0	464	1.35879197056234	1.35054917067223	1.35255694698805
0	0	468	1.33846640785034	1.33039627199456	1.33236182543142
0	0	472	1.31856580286786	1.31066408892286	1.31258881327414
0	0	476	1.29908087853988	1.29134438253288	1.29322869696998
0	0	480	1.28000256514339	1.27242721129648	1.27427246905073
0	0	484	1.26132199510889	1.25390474178992	1.25571132257395
0	0	488	1.24303049871848	1.23576742887719	1.23753664722176
0	0	492	1.22511959917424	1.21800782609722	1.21974002405621
0	0	496	1.20758100850444	1.20061676661912	1.2023132217897
0	0	500	1.19040662286673	1.18358717332938	1.18524819181813
0	0	504	1.17358851866099	1.16691024049469	1.16853706464689
0	0	508	1.15711894807334	1.15057924359799	1.15217214519955
0	0	512	1.14099033537231	1.1345857216518	1.13614590939389
0	0	516	1.12519527265741	1.11892328679935	1.12045099969599
0	0	520	1.10972651635072	1.10358380723168	1.10508022184091
0	0	524	1.09457698314425	1.08856121658764	1.09002654062498
0	0	528	1.07973974666267	1.07384769742151	1.07528307675974
0	0	532	1.06520803359551	1.05943749043135	1.06084310289013
0	0	536	1.05097522052891	1.04532307842325	1.04670004056958
0	0	540	1.03703483025585	1.0314989954047	1.03284745649798
0	0	544	1.0233805287626	1.01795801099299	1.01927905960857
0	0	548	1.01000612170444	1.0046949394024	1.00598869751237
0	0	552	0.996905551547238	0.991702824257937	0.992970353697354
0	0	556	0.984072894189404	0.978976747490077	0.980218144158132
0	0	560	0.971502356259179	0.966510014524595	0.967726314708562
0	0	564	0.959188271872493	0.954297963105813	0.95548923778906
0	0	568	0.94712510007121	0.942334148819043	0.943501409878979
0	0	572	0.935307421729738	0.930614153871681	0.931757448478882
0	0	576	0.923729937099697	0.919131772909428	0.920252089616415
0	0	580	0.912387462865417	0.907882821770896	0.908980184988632
0	0	584	0.901274929813757	0.896861323573388	0.897936699564049
0	0	588	0.890387380012076	0.886063317462117	0.887116708880565
0	0	592	0.879719964577841	0.875483044917333	0.876515396724273
0	0	596	0.869267941001301	0.865116758532475	0.866128052584234
0	0	600	0.859026671012959	0.85495890851247	0.85595006941056
0	0	604	0.848991618019975	0.845005951486418	0.845976941204104
0	0	608	0.839158345078448	0.835252537183164	0.836204260861353
0	0	612	0.829522512440337	0.825695317284356	0.826627717887371
0	0	616	0.820079875627924	0.816329132256876	0.817243096323158
0	0	620	0.810826283076329	0.807150820259814	0.808046272578936
0	0	624	0.801757674306644	0.798155404108055	0.799033213435755
0	0	628	0.792870077672109	0.789339900249019	0.790199973996535
0	0	632	0.784159608610253	0.78069950583553	0.781542695758586
0	0	636	0.775622467493464	0.772231407782511	0.77305760467476
0	0	640	0.767254937954737	0.76393096992659	0.764741009291749
0	0	644	0.759053384843944	0.75579554218267	0.756589298922701
0	0	648	0.751014252623318	0.747820647762537	0.748598941843803
0	0	652	0.743134063405315	0.740003792444493	0.740766483571122
0	0	656	0.735409415440325	0.732340651831705	0.73308854511536
0	0	660	0.727836981223613	0.724828880751133	0.725561821360521
0	0	664	0.720413506060657	0.717464300524591	0.718183079369301
0	0	668	0.713135806253148	0.710244708513466	0.710949156859916
0	0	672	0.706000767731948	0.703166065385412	0.703856960564051
0	0	676	0.699005344320842	0.696226304811609	0.696903464792004
0	0	680	0.69214655643204	0.689421520713632	0.690085709842446
0	0	684	0.685421489404839	0.682749777124482	0.683400800652847
0	0	688	0.678827292264678	0.676207295400489	0.676845905259891
0	0	692	0.672361176122605	0.669792264249641	0.670418253526244
0	0	696	0.666020413005336	0.6635010268992	0.664115135652673
0	0	700	0.65980233431324	0.657331891300732	0.657933900980639
0	0	704	0.653704329707747	0.651281317233651	0.651871956547778
0	0	708	0.647723845637715	0.645347726700414	0.645926765966545
0	0	712	0.641858384272036	0.639527690948971	0.64009584802006
0	0	716	0.636105502093788	0.633819741069424	0.634376775613954
0	0	720	0.630462808881753	0.628220554919068	0.628767174410276
0	0	724	0.624927966360538	0.622728767929946	0.623264721848444
0	0	728	0.619498687231581	0.617341159923166	0.617867145816601
0	0	732	0.614172733883265	0.612056466136735	0.61257222373885
0	0	736	0.60894791746381	0.606871563916336	0.607377781283089
0	0	740	0.60382209664111	0.6017852839662	0.602281691506786
0	0	744	0.598793176729862	0.596794596911981	0.597281873605124
0	0	748	0.593859108493072	0.591898424778305	0.592376292112124
0	0	752	0.589017887314983	0.587093827410651	0.587562955683389
0	0	756	0.584267552052739	0.582379814189854	0.582839916354052
0	0	760	0.579606184244976	0.577753530298822	0.578205268351835
0	0	764	0.575031907016626	0.573214068686161	0.573657147413051
0	0	768	0.57054288431777	0.568758656159572	0.569193729620168
0	0	772	0.566137319879534	0.564386465609048	0.564813230773277
0	0	776	0.561813456488061	0.56009480192205	0.560513905258586
0	0	780	0.557569574977885	0.555882914462709	0.556294045463962
0	0	784	0.553403993551104	0.551748182802355	0.552151980677565
0	0	788	0.549315066800934	0.547689929468321	0.548086076554074
0	0	792	0.545301185071112	0.543705605470973	0.544094734034649
0	0	796	0.541360773511276	0.539794603328041	0.540176388858923
0	0	800	0.537492291478715	0.535954442387461	0.536329510513924
0	0	804	0.533694231624838	0.532184582128779	0.53255260178745
0	0	808	0.529965119322641	0.528482607268209	0.528844197738881
0	0	812	0.526303511797872	0.524848041347889	0.525202865296286
0	0	816	0.522707997582302	0.521278531616246	0.521627202250734
0	0	820	0.519177195673931	0.517773662904297	0.518115836889703
0	0	824	0.515709755025181	0.514331142279449	0.514667427017589
0	0	828	0.512304353732026	0.510950613210435	0.511280659623323
0	0	832	0.508959698549802	0.507629839988281	0.507954249924645
0	0	836	0.505674524115396	0.504368522185759	0.504686941071253
0	0	840	0.502447592480446	0.501164478832474	0.501477503205901
0	0	844	0.499277692372467	0.498017463181305	0.498324733207251
0	0	848	0.496163638749616	0.494925346626511	0.495227453766229
0	0	852	0.493104272087689	0.491887933781971	0.492184513164285
0	0	856	0.490098457960747	0.488903146136832	0.489194784367361
0	0	860	0.487145086352852	0.485970837446346	0.486257164834158
0	0	864	0.484243071265562	0.483088977123305	0.483370575630389
0	0	868	0.481391350048646	0.480257465943682	0.480533961265689
0	0	872	0.478588883035535	0.477474319165346	0.477746288823859
0	0	876	0.47583465289491	0.474739482557416	0.475006547831608
0	0	880	0.47312766428686	0.47205101523528	0.472313749400929
0	0	884	0.47046694324184	0.469408906020661	0.469666926128887
0	0	888	0.467851536830039	0.466811255986568	0.4670651312532
0	0	892	0.465280512565933	0.464258095150415	0.464507438579078
0	0	896	0.462752958100707	0.461747564725666	0.461992941649819
0	0	900	0.460267980640646	0.459279734149797	0.459520753698275
0	0	904	0.457824706661393	0.456852783037822	0.457090006831691
0	0	908	0.455422281348792	0.454466818549729	0.454699852008042
0	0	912	0.453059868327185	0.45212005703891	0.452349458233007
0	0	916	0.45073664911884	0.449812641763435	0.450038012560455
0	0	920	0.448451822894262	0.447542824224063	0.447764719301229
0	0	924	0.446204605946927	0.445310782224173	0.445528800047579
0	0	928	0.443994231454426	0.443114800889891	0.443329492891591
0	0	932	0.441819948980684	0.44095509108321	0.441166052472675
0	0	936	0.439681024246106	0.438829970100409	0.43903774920684
0	0	940	0.437576738647915	0.436739680440392	0.436943869354857
0	0	944	0.435506389047101	0.4346825701784	0.434883714263173
0	0	948	0.433469287299728	0.432658912089692	0.432856600449889
0	0	952	0.431464760063579	0.430667083696318	0.430861858857413
0	0	956	0.429492148342792	0.428707386750269	0.428898834957719
0	0	960	0.427550807305883	0.426778226944992	0.426966888012391
0	0	964	0.42564010584887	0.424879933765981	0.425065391199681
0	0	968	0.423759426423356	0.423010939859502	0.423193730880619
0	0	972	0.421908164614246	0.421171601253949	0.421351306745333
0	0	976	0.420085728980885	0.419360376383429	0.419537531087658
0	0	980	0.418291540648564	0.417577646679599	0.417751828966892
0	0	984	0.416525033159702	0.415821895249852	0.41599363749306
0	0	988	0.414785652079186	0.414093527840256	0.414262406002948
0	0	992	0.413072854858365	0.412391051164011	0.412557595353672
0	0	996	0.411386110447965	0.410714894240651	0.41087867811529
0	0	1000	0.409724899180953	0.409063586368037	0.40922513786979
0	0	1004	0.40808871238979	0.407437578842889	0.407596469420859
0	0	1008	0.406477052298138	0.405835422571052	0.405992178097721
0	0	1012	0.404889431662011	0.40425759017268	0.404411779980805
0	0	1016	0.403325373657482	0.402702653229609	0.402854801213128
0	0	1020	0.401784411536701	0.401171104772558	0.401320778236796
0	0	1024	0.400266088529536	0.399661536163998	0.399809257111852
0	0	1028	0.398769957505557	0.398174459974726	0.398319793768484
0	0	1032	0.397295580884731	0.396708486492817	0.396851953328247
0	0	1036	0.39584253031194	0.395264146994844	0.395405310372032
0	0	1040	0.394410386570639	0.393840069876093	0.393979448263962
0	0	1044	0.39299873927569	0.392436804318726	0.392573959432814
0	0	1048	0.391607186790649	0.391052996047003	0.391188444705227
0	0	1052	0.390235335923538	0.389689211383738	0.389822513591945
0	0	1056	0.388882801862443	0.388344112630584	0.38847578362899
0	0	1060	0.387549207874514	0.38701828252253	0.38714788067783
0	0	1064	0.38623418524837	0.38571039922356	0.385838438268487
0	0	1068	0.384937373005087	0.384421061180498	0.384547097910624
0	0	1072	0.383658417844063	0.383148961734969	0.383273508442422
0	0	1076	0.38239697386291	0.381894714376734	0.382017326351031
0	0	1080	0.381152702512549	0.380657026969609	0.380778215126374
0	0	1084	0.379925272321007	0.379436527406916	0.379555845591697
0	0	1088	0.378714358858046	0.37823193744697	0.378349895260394
0	0	1092	0.377519644465025	0.377043898775857	0.377160048678632
0	0	1096	0.376340818224219	0.375871146444956	0.375985996781908
0	0	1100	0.375177575699608	0.374714335347567	0.374827437251097
0	0	1104	0.374029618908584	0.37357221325576	0.373684073871031
0	0	1108	0.372896656071112	0.372445447708774	0.372555616894475
0	0	1112	0.371778401585801	0.371332798650391	0.371441782405638
0	0	1116	0.37067457578733	0.370234945729758	0.370342292691659
0	0	1120	0.369584904926552	0.369150660536304	0.369256875609424
0	0	1124	0.368509120934487	0.368080634317352	0.368185264966777
0	0	1128	0.367446961407413	0.367023649804819	0.367127199890006
0	0	1132	0.366398169376898	0.365980409353289	0.366082425214823
0	0	1136	0.365362493302981	0.364949706357307	0.365050690856537
0	0	1140	0.364339686839992	0.363932253808388	0.36403175220719
0	0	1144	0.363329508844783	0.362926855302794	0.363025369509424
0	0	1148	0.362331723149167	0.361934234020937	0.36203130826198
0	0	1152	0.361346098561387	0.360953203321171	0.361049338594951
0	0	1156	0.360372408650789	0.359984496141986	0.360079235681652
0	0	1160	0.359410431756307	0.359026935182752	0.35912077911782
0	0	1164	0.358459950770149	0.358081262728629	0.358173753338845
0	0	1168	0.357520753153145	0.357146310416826	0.357237947002304
0	0	1172	0.356592630725959	0.35622282948726	0.356313153412327
0	0	1176	0.355675379681175	0.355309660127613	0.355399169901161
0	0	1180	0.354768800386505	0.354407562156002	0.354495798263226
0	0	1184	0.353872697397514	0.35351538394329	0.353602844137881
0	0	1188	0.35298687926276	0.352633893524631	0.352720117447843
0	0	1192	0.352111158544765	0.351761947100314	0.35184743178518
0	0	1196	0.351245351626427	0.350900320579195	0.350984604856277
0	0	1200	0.350389278735124	0.350047877652196	0.350131457867255
0	0	1204	0.349542763755602	0.349205401772008	0.34928781597674
0	0	1208	0.348705634255538	0.348371763797627	0.348453507682177
0	0	1212	0.347877721301509	0.347547754409694	0.347628365277575
0	0	1216	0.34705885948974	0.346732251326189	0.346812224242144
0	0	1220	0.346248886764066	0.345926052153518	0.34600492370228
0	0	1224	0.345447644449877	0.34512804117198	0.345206305821938
0	0	1228	0.344654977077376	0.344339022625794	0.344416216270726
0	0	1232	0.343870732416232	0.343557887073934	0.343634503613821
0	0	1236	0.343094761303544	0.342785445121936	0.342861019786317
0	0	1240	0.342326917679096	0.342020593336528	0.342095619483578
0	0	1244	0.341567058418959	0.341264148419711	0.341338160640404
0	0	1248	0.340815043374704	0.340515012687355	0.340588503823353
0	0	1252	0.340070735204051	0.339774008684109	0.339846512712567
0	0	1256	0.339333999418218	0.339040044226274	0.339112053496616
0	0	1260	0.338604704215313	0.338313947460085	0.338384995358996
0	0	1264	0.337882720524493	0.337594631463829	0.337665209872002
0	0	1268	0.337167921849283	0.336882929753183	0.336952571489211
0	0	1272	0.336460184311674	0.33617776044274	0.336246956940696
0	0	1276	0.335759386493377	0.335479962194186	0.335548245726454
0	0	1280	0.335065409489188	0.334788457940762	0.334856319515874
0	0	1284	0.334378136747693	0.334104091279605	0.334171062644212
0	0	1288	0.333697454124511	0.33342578975297	0.333492361510782
0	0	1292	0.333023249729412	0.33275440169019	0.332820105081626
0	0	1296	0.332355413980041	0.332088859043925	0.332154184287436
0	0	1300	0.331693839449956	0.331430014681227	0.331494492529848
0	0	1304	0.331038420925618	0.330776804773342	0.330840925079147
0	0	1308	0.330389055257693	0.330130086540394	0.330193379586709
0	0	1312	0.329745641417469	0.329488800189674	0.329551755480341
0	0	1316	0.329108080352261	0.328853807114818	0.328915954480797
0	0	1320	0.328476275043181	0.328224051385774	0.328285879999535
0	0	1324	0.32785013036092	0.327600398399153	0.32766143765601
0	0	1328	0.327229553127823	0.326981795919543	0.327042534676994
0	0	1332	0.326614451974343	0.326369113184307	0.326429080417677
0	0	1336	0.326004737402224	0.325761301492658	0.325820985760277
0	0	1340	0.325400321643887	0.325159233766097	0.32521816363844
0	0	1344	0.324801118726369	0.324561864685118	0.32462052843639
0	0	1348	0.324207044332448	0.323970070706065	0.324027996516335
0	0	1352	0.323618015866608	0.323382809744482	0.323440485618175
0	0	1356	0.323033952319023	0.322800961648824	0.322857915389445
0	0	1360	0.322454774330352	0.322223487428873	0.322280206784916
0	0	1364	0.321880404058985	0.321651270188554	0.321707282600131
0	0	1368	0.321310765244073	0.32108327389647	0.321139066869575
0	0	1372	0.320745783081792	0.3205203847817	0.32057548540545
0	0	1376	0.320185384283427	0.31996156964444	0.320016465194918
0	0	1380	0.319629496952968	0.319407717712091	0.319461934939831
0	0	1384	0.319078050648742	0.318857798492932	0.318911824456073
0	0	1388	0.318530976262671	0.318312704093935	0.31836606521591
0	0	1392	0.317988206082567	0.317771406612967	0.317824589745764
0	0	1396	0.317449673672205	0.317234800921655	0.317287332172582
0	0	1400	0.316915313933201	0.316701861595311	0.316754227621256
0	0	1404	0.316385062990146	0.316173486158978	0.316225212761992
0	0	1408	0.315858858252698	0.315648651558586	0.315700225210733
0	0	1412	0.315336638297078	0.315128257866875	0.315179204075437
0	0	1416	0.31481834293654	0.314611284296611	0.314662089358846
0	0	1420	0.314303913099564	0.314098633368432	0.314148822506527
0	0	1424	0.313793290902149	0.313589286462425	0.313639345808702
0	0	1428	0.31328641952687	0.313084148450663	0.313133602951458
0	0	1432	0.312783243297645	0.312582202785704	0.31263153841778
0	0	1436	0.312283707558362	0.312084356598992	0.312133098041666
0	0	1440	0.311787758748371	0.311589595324702	0.311638228408205
0	0	1444	0.311295344284272	0.311098828264907	0.311146877410067
0	0	1448	0.310806412633681	0.310611042749237	0.310658993648172
0	0	1452	0.310320913198592	0.310127150165349	0.310174526988739
0	0	1456	0.309838796392697	0.309646139654682	0.309693427964698
0	0	1460	0.309360013523127	0.309168924610899	0.309215648335653
0	0	1464	0.30888451686675	0.308694495906604	0.308741140486486
0	0	1468	0.308412259556922	0.308223768863174	0.308269857991141
0	0	1472	0.307943195659511	0.307755736009973	0.307801755011882
0	0	1476	0.307477280058465	0.307291314520762	0.307336786861927
0	0	1480	0.307014468533267	0.306829498508024	0.306874909406843
0	0	1484	0.306554717647816	0.306371206927782	0.306416079628694
0	0	1488	0.306097984825901	0.305915435406012	0.305960255026856
0	0	1492	0.305644228241648	0.305463104612185	0.305507394183219
0	0	1496	0.305193406895046	0.305013211619074	0.305057456164052
0	0	1500	0.304745480504871	0.304566678744262	0.304610401085653
0	0	1504	0.304300409582867	0.304122504442994	0.304166189516739
0	0	1508	0.303858155329397	0.303681612618955	0.303724783045719
0	0	1512	0.303418679708079	0.303243003048904	0.303286143682838
0	0	1516	0.302981945338216	0.302807601162668	0.302850234428442
0	0	1520	0.302547915575113	0.302374407998893	0.302417018674756
0	0	1524	0.302116554401007	0.301944350456287	0.301986460776385
0	0	1528	0.301687826506729	0.301516430780439	0.301558525452485
0	0	1532	0.30126169718166	0.301091577283805	0.301133178356873
0	0	1536	0.300838132396595	0.300668793363881	0.300710385480538
0	0	1540	0.300417098695561	0.300249008695251	0.300290113724373
0	0	1544	0.299998563277545	0.29983122777539	0.299872330299661
0	0	1548	0.299582493891047	0.299416381590694	0.299457003303526
0	0	1552	0.299168858913396	0.299003475689996	0.299044101119013
0	0	1556	0.298757627246821	0.298593442322045	0.298633592990085
0	0	1560	0.298348768400922	0.298185288040138	0.298225448424189
0	0	1564	0.297942252386703	0.297779946310126	0.297819637766929
0	0	1568	0.297538049798712	0.297376424643708	0.297416131604173
0	0	1572	0.29713613171049	0.296975657679501	0.297014901338505
0	0	1576	0.296736469759441	0.296576653844043	0.296615918590737
0	0	1580	0.296339036039734	0.296180348906696	0.296219155778106
0	0	1584	0.295943803188179	0.295785752167631	0.295824585515238
0	0	1588	0.295550744279479	0.295393800485852	0.295432181192828
0	0	1592	0.295159832910102	0.295003503995773	0.29504191637972
0	0	1596	0.294771043094305	0.294615800606874	0.29465376540101
0	0	1600	0.294384349350881	0.294229701248984	0.294267702740805
0	0	1604	0.293999726596765	0.293846144846061	0.293883703622213
0	0	1608	0.293617150235179	0.29346414308628	0.293501743407962
0	0	1612	0.293236596050511	0.293084635872417	0.293121798183022
0	0	1616	0.292858040294367	0.292706635616325	0.292743844154237
0	0	1620	0.292481459584716	0.292331083164775	0.292367858233509
0	0	1624	0.292106830986724	0.291956991619781	0.29199381743814
0	0	1628	0.291734131918867	0.291585302739733	0.29162169947451
0	0	1632	0.291363340230896	0.291215030285256	0.291251482138754
0	0	1636	0.29099443410647	0.290847116894012	0.290883143899553
0	0	1640	0.290627392149025	0.290480576954696	0.290516663300913
0	0	1644	0.290262193279038	0.290116353954353	0.290152019544113
0	0	1648	0.289898816821604	0.289753462880114	0.28978919189123
0	0	1652	0.289537242406339	0.289392848039682	0.289428160247366
0	0	1656	0.289177450052545	0.28903352499042	0.289068904564423
0	0	1660	0.288819420069262	0.288676438833199	0.288711405423755
0	0	1664	0.288463133143049	0.288320605667969	0.288355643439514
0	0	1668	0.288108570236402	0.287966971363009	0.288001599843187
0	0	1672	0.287755712676264	0.287614552534684	0.287649255885317
0	0	1676	0.2874045420537	0.28726429579297	0.287298593421522
0	0	1680	0.287055040310655	0.286915218246488	0.286949594314523
0	0	1684	0.286707189641549	0.286568267221805	0.286602241019155
0	0	1688	0.286360972579839	0.286222460296641	0.286256515986705
0	0	1692	0.286016371900518	0.285878745490406	0.285912402247889
0	0	1696	0.285673370705306	0.285536140827539	0.285569882819667
0	0	1700	0.285331952326065	0.285195594997717	0.285228941286441
0	0	1704	0.28499210041168	0.284856126449836	0.284889561208286
0	0	1708	0.2846537988294	0.284518684523362	0.284551726702694
0	0	1712	0.284317031753297	0.284182288069495	0.284215421851071
0	0	1716	0.283981783566128	0.283847887057899	0.283880631283758
0	0	1720	0.283648038946543	0.283514500721804	0.283547339583735
0	0	1724	0.283315782773416	0.283183079641236	0.283215531873936
0	0	1728	0.282985000210207	0.282852643412598	0.282885193220201
0	0	1732	0.282655676612323	0.282524143206413	0.282556309218255
0	0	1736	0.28232779761051	0.282196598964581	0.282228865398713
0	0	1740	0.282001349017694	0.281870962430224	0.281902847812517
0	0	1744	0.281676316913778	0.281546253872647	0.28157824243676
0	0	1748	0.281352687552015	0.281223425590037	0.281255035760115
0	0	1752	0.281030447445708	0.280901498162388	0.280933214189308
0	0	1756	0.280709583270666	0.280581424426843	0.280612764634577
0	0	1760	0.280390081955654	0.280262225256976	0.280293673915374
0	0	1764	0.280071930584844	0.279944854013132	0.27997592934743
0	0	1768	0.27975511648677	0.279628331847294	0.279659518147837
0	0	1772	0.279439627137442	0.279313612627303	0.27934442802213
0	0	1776	0.279125450250619	0.278999717768765	0.279030646570129
0	0	1780	0.2788125736801	0.278687601632364	0.278718161872582
0	0	1784	0.278500985508661	0.278376285882703	0.278406961897335
0	0	1788	0.278190673954496	0.278066725359534	0.278097035086495
0	0	1792	0.277881627457286	0.277757941963012	0.277788369762503
0	0	1796	0.277573834583511	0.277450890997675	0.277480954714669
0	0	1800	0.277267284117028	0.277144594586647	0.277174778607064
0	0	1804	0.276961964961201	0.276840008486344	0.276869830563605
0	0	1808	0.276657866229232	0.276536155029671	0.276566099576662
0	0	1812	0.276354977149084	0.276233990412631	0.27626357509241
0	0	1816	0.276053287151925	0.275932537166092	0.275962246419648
0	0	1820	0.27575278577922	0.275632751914048	0.275662103315216
0	0	1824	0.275453462766705	0.275333657373275	0.275363135392369
0	0	1828	0.275155307956875	0.275036210583394	0.275065332706233
0	0	1832	0.274858311381902	0.274739434437626	0.274768685164594
0	0	1836	0.274562463171973	0.274444286379277	0.274473183109651
0	0	1840	0.274267753645157	0.274149789467501	0.274178816732468
0	0	1844	0.273974173209571	0.273856901538878	0.27388557665239
0	0	1848	0.273681712457432	0.27356464580759	0.273593453332611
0	0	1852	0.273390362066154	0.273273980494355	0.273302437660362
0	0	1856	0.273100112891151	0.272983928957924	0.273012520360814
0	0	1860	0.272810955870228	0.272695449793774	0.272723692579306
0	0	1864	0.272522882112544	0.272407566495654	0.272435945293732
0	0	1868	0.272235882804187	0.272121238024209	0.27214926989772
0	0	1872	0.271949949300929	0.271835487998967	0.271863657612759
0	0	1876	0.271665073030304	0.271551275737491	0.271579100072338
0	0	1880	0.271381245582833	0.271267624976327	0.271295588732942
0	0	1884	0.271098458619572	0.270985495380773	0.271013115458692
0	0	1888	0.270816703958766	0.270703910796986	0.270731671933429
0	0	1892	0.270535973483885	0.270423831228459	0.270451250242859
0	0	1896	0.270256259234272	0.270144280623324	0.270171842289902
0	0	1900	0.269977553309867	0.269866219316711	0.269893440375542
0	0	1904	0.269699847960527	0.269588671349635	0.269616036612935
0	0	1908	0.269423135495494	0.269312597380848	0.26933962350999
0	0	1912	0.269147408368896	0.269037021538285	0.26906419338402
0	0	1916	0.268872659090915	0.268762904796538	0.268789738942448
0	0	1920	0.268598880313932	0.268489271363163	0.268516252699122
0	0	1924	0.26832606474008	0.26821708252135	0.26824372755395
0	0	1928	0.268054205213545	0.267945362551395	0.267972156210223
0	0	1932	0.267783294623951	0.267675073039296	0.267701531754509
0	0	1936	0.267513325998724	0.267405238331147	0.267431847072821
0	0	1940	0.267244292408044	0.267136820308504	0.267163095431032
0	0	1944	0.266976187057074	0.266868843377414	0.266895269891861
0	0	1948	0.266709003190336	0.266602269709381	0.26662836389496
0	0	1952	0.266442734184608	0.266336123764126	0.266362370673544
0	0	1956	0.266177373453195	0.26607136799654	0.266097283834471
0	0	1960	0.265912914537511	0.265807026914903	0.265833096776101
0	0	1964	0.26564935101378	0.26554406325124	0.265569803266597
0	0	1968	0.265386676583986	0.265281501556897	0.265307396863602
0	0	1972	0.265124884981071	0.265020304836109	0.265045871491826
0	0	1976	0.264863970061099	0.264759497677351	0.264785220862318
0	0	1980	0.264603925709767	0.264500043351892	0.264525439050974
0	0	1984	0.264344745932417	0.264240966480698	0.264266519917655
0	0	1988	0.264086424759388	0.263983230595914	0.264008457683513
0	0	1992	0.263828956342228	0.263725860346369	0.263751246352174
0	0	1996	0.263572334854131	0.263469819521206	0.263494880286339
0	0	2000	0.263316554583708	0.263214132791768	0.263239353628176
0	0	2004	0.263061609842806	0.262959764199004	0.262984660876624
0	0	2008	0.262807495054401	0.262705738432924	0.262730796308414
0	0	2012	0.262554204662415	0.262453019781019	0.262477754553776
0	0	2016	0.262301733221372	0.262200632948451	0.262225530019983
0	0	2020	0.262050075302967	0.261949542464234	0.261974117464131
0	0	2024	0.26179922558764	0.261698773044743	0.261723511419522
0	0	2028	0.261549178770791	0.261449289456272	0.261473706766308
0	0	2032	0.261299929655487	0.261200116422269	0.261224698159374
0	0	2036	0.261051473057676	0.260952218942493	0.26097648059825
0	0	2040	0.260803803897705	0.260704621743756	0.260729048855599
0	0	2044	0.260556917107236	0.260458290055055	0.26048239804626
0	0	2048	0.260310807721804	0.260212248602516	0.260236523056476
0	0	2052	0.260065470785431	0.259967462841339	0.259991419113299
0	0	2056	0.259820901443538	0.259722957493051	0.25974708121282
0	0	2060	0.259577094849769	0.259479698235153	0.259503504690275
0	0	2064	0.259334046256493	0.25923670978183	0.259260684648761
0	0	2068	0.259091750922481	0.258994958029235	0.259018616528264
0	0	2072	0.258850204204491	0.258753467680504	0.258777295535044
0	0	2076	0.258609401461991	0.258513204846814	0.258536717210282
0	0	2080	0.258369338153199	0.258273194217871	0.258296876860768
0	0	2084	0.258130009737095	0.258034402116831	0.258057770126133
0	0	2088	0.257891411767864	0.257795853216042	0.257819392409695
0	0	2092	0.257653539801189	0.257558514047719	0.257581739446477
0	0	2096	0.257416389485372	0.257321409264358	0.257344806733883
0	0	2100	0.257179956468949	0.257085505604155	0.257108590099311
0	0	2104	0.256944236491633	0.256849827696839	0.256873085131255
0	0	2108	0.256709225292196	0.256615342483409	0.256638287746414
0	0	2112	0.256474918698538	0.256381074568394	0.256404193621742
0	0	2116	0.25624131253665	0.256147991092801	0.256170798760639
0	0	2120	0.256008402721089	0.255915116633513	0.255938098925891
0	0	2124	0.25577618516227	0.255683418528499	0.255706090204771
0	0	2128	0.255544655857504	0.255451921324703	0.255474768443323
0	0	2132	0.255313810799928	0.255221592554324	0.255244129810227
0	0	2136	0.255083646067481	0.254991456732395	0.255014170232526
0	0	2140	0.254854157732671	0.254762481582354	0.254784885957653
0	0	2144	0.254625341952823	0.254533691585219	0.254556272991174
0	0	2148	0.254397194876398	0.254306054653159	0.254328327657106
0	0	2152	0.254169712737857	0.254078595230991	0.254101046037058
0	0	2156	0.253942891760404	0.253852281417236	0.253874424529477
0	0	2160	0.253716728252499	0.253626137618565	0.253648459289849
0	0	2164	0.25349121851032	0.253401132117728	0.25342314678911
0	0	2168	0.253266358913405	0.253176289281004	0.253198483254276
0	0	2172	0.253042145829433	0.252952577572727	0.252974465226257
0	0	2176	0.252818575707371	0.252729021317417	0.252751089001934
0	0	2180	0.252595644983076	0.252506589158301	0.252528351189921
0	0	2184	0.252373350173545	0.25228430537656	0.252306248154917
0	0	2188	0.252151687782294	0.252063138793393	0.252084776572515
0	0	2192	0.251930654391618	0.251842113643751	0.251863932872553
0	0	2196	0.251710246568274	0.251622198924081	0.251643713794696
0	0	2200	0.25149046095972	0.251402418821747	0.251424115832453
0	0	2204	0.251271294197006	0.251183742507773	0.251205135788881
0	0	2208	0.251052742987735	0.25096519411949	0.250986770218995
0	0	2212	0.250834804024912	0.250747743000284	0.250769015986788
0	0	2216	0.25061747407717	0.250530413236552	0.250551869707839
0	0	2220	0.250400749895991	0.250314174341304	0.250335328304676
0	0	2224	0.250184628308525	0.250098050348975	0.250119388451901
0	0	2228	0.249969106125882	0.249883010940664	0.249904047129464
0	0	2232	0.249754180232134	0.249668080097716	0.249689301069516
0	0	2236	0.249539847492382	0.249454227666809	0.249475147307376
0	0	2240	0.249326104848511	0.249240477574873	0.249261582630925
0	0	2244	0.249112949220148	0.249027799832684	0.249048604129724
0	0	2248	0.248900377602393	0.248815218311634	0.248836208645957
0	0	2252	0.248688386968992	0.248603703184636	0.248624393321814
0	0	2256	0.248476974366943	0.248392278266343	0.248413155052222
0	0	2260	0.248266136822944	0.248181913890761	0.248202491031174
0	0	2264	0.248055871435088	0.247971633814298	0.247992398204762
0	0	2268	0.247846175279536	0.247762408529987	0.247782873816853
0	0	2272	0.247637045505312	0.247553261735108	0.247573914863531
0	0	2276	0.247428479237472	0.247345164080406	0.247365518637498
0	0	2280	0.247220473673994	0.247137139203243	0.247157682183766
0	0	2284	0.247013025987584	0.246930157910351	0.246950402842478
0	0	2288	0.246806133422968	0.246723243777122	0.246743677705368
0	0	2292	0.246599793200613	0.246517367766352	0.246537504159831
0	0	2296	0.246394002611231	0.246311553389942	0.246331879343246
0	0	2300	0.246188758919993	0.246106771764915	0.246126800688197
0	0	2304	0.245984059463228	0.245902046339211	0.245922265377149
0	0	2308	0.245779901550061	0.245698348382423	0.245718270886469
0	0	2312	0.245576282561525	0.245494701277975	0.245514814442813
0	0	2316	0.245373199849883	0.245292076446711	0.245311893565368
0	0	2320	0.245170650836773	0.24508949720624	0.245109505523424
0	0	2324	0.244968632919552	0.244887935127453	0.244907647877952
0	0	2328	0.244767143560487	0.244686413461791	0.244706317940284
0	0	2332	0.244566180196822	0.244485903928227	0.244505513311615
0	0	2336	0.244365740332991	0.2442854297115	0.244305231344281
0	0	2340	0.244165821446325	0.244085962678075	0.24410546967946
0	0	2344	0.243966421080119	0.243886525944629	0.243906225709029
0	0	2348	0.243767536751219	0.243688091523714	0.243707497112824
0	0	2352	0.243569166041736	0.24348968246358	0.243509281321661
0	0	2356	0.243371306506073	0.243292270921435	0.243311576052942
0	0	2360	0.243173955765129	0.243094879876855	0.243114378775756
0	0	2364	0.242977111410608	0.242898481630683	0.242917687244458
0	0	2368	0.242780771099159	0.242702099092246	0.242721498964654
0	0	2372	0.242584932459272	0.242506704705273	0.242525811726882
0	0	2376	0.242389593184605	0.242311321308866	0.242330623073178
0	0	2380	0.242194750937821	0.242116921487967	0.242135930828951
0	0	2384	0.242000403448345	0.24192252801083	0.241941732571616
0	0	2388	0.241806548414186	0.241729113603031	0.241748026161161
0	0	2392	0.241613183598341	0.241535700960585	0.241554809208943
0	0	2396	0.24142030673267	0.241343262949199	0.24136207960889
0	0	2400	0.241227915614081	0.241150822192474	0.241169835006167
0	0	2404	0.241036008007619	0.240959351694431	0.240978073327079
0	0	2408	0.240844581743264	0.240767874006417	0.240786792250253
0	0	2412	0.240653634617703	0.24057736226956	0.24059598973373
0	0	2416	0.240463164492511	0.240386838961469	0.240405663487786
0	0	2420	0.240273169197796	0.240197277361092	0.240215811502765
0	0	2424	0.240083646625562	0.240007699871282	0.240026431519959
0	0	2428	0.239894594636773	0.23981907990715	0.239837521560205
0	0	2432	0.239706011154269	0.239630439797053	0.239649079395859
0	0	2436	0.239517894068893	0.239442753091175	0.239461103077528
0	0	2440	0.239330241333747	0.239255042042854	0.239273590407751
0	0	2444	0.239143050868852	0.239068280335775	0.239086539465764
0	0	2448	0.238956320657825	0.238881490149217	0.238899948084554
0	0	2452	0.238770048648584	0.238695645299285	0.238713814371684
0	0	2456	0.238584232853544	0.238509767889719	0.23852813618866
0	0	2460	0.238398871249523	0.238324831868932	0.238342911671332
0	0	2464	0.238213961876509	0.238139859264939	0.238158138709509
0	0	2468	0.238029502738871	0.237955824156892	0.23797381546602
0	0	2472	0.23784549190477	0.237771748497095	0.237789939858533
0	0	2476	0.237661927405374	0.2375886064953	0.237606510077042
0	0	2480	0.237478807334797	0.237405420026424	0.237423524065457
0	0	2484	0.237296129752507	0.23722316343093	0.237240980040716
0	0	2488	0.237113892777893	0.237040858506286	0.237058875973144
0	0	2492	0.236932094496527	0.236859479721917	0.236877210104995
0	0	2496	0.236750733054289	0.236678048798357	0.236695980433076
0	0	2500	0.236569806560494	0.236497540332505	0.236515185224103
0	0	2504	0.23638931318826	0.236316975967943	0.236334822500674
0	0	2508	0.236209251071328	0.236137330429342	0.236154890554659
0	0	2512	0.236029618406589	0.235957625281392	0.23597538743262
0	0	2516	0.235850413353153	0.2357788353763	0.235796311450991
0	0	2520	0.235671634131656	0.235599982200555	0.235617660681066
0	0	2524	0.235493278925643	0.235422040732013	0.235439433462329
0	0	2528	0.235315345979338	0.235244032379045	0.235261627890315
0	0	2532	0.235137833499606	0.235066932244841	0.2350842423277
0	0	2536	0.234960739753999	0.234889761659118	0.234907274893455
0	0	2540	0.234784062972835	0.234713495849548	0.234730723972818
0	0	2544	0.234607801445617	0.23453715606731	0.234554587708007
0	0	2548	0.234431953425907	0.234361717663492	0.234378864506156
0	0	2552	0.234256517225692	0.234186201810854	0.234203552532387
0	0	2556	0.234081491120268	0.234011583983367	0.234028650215622
0	0	2560	0.233906873443172	0.23383688527448	0.233854155742753
0	0	2564	0.233732662491899	0.233663081280792	0.233680067564292
0	0	2568	0.233558856622352	0.233489193016576	0.233506383888956
0	0	2572	0.233385454151417	0.23331619620018	0.233333103188178
0	0	2576	0.233212453457208	0.23314311176611	0.233160223691708
0	0	2580	0.233039852878028	0.232970915554408	0.232987743891895
0	0	2584	0.232867650811849	0.232798628419534	0.232815662039256
0	0	2588	0.232695845617641	0.232627226322296	0.23264397664623
0	0	2592	0.232524435713596	0.232455730037511	0.232472685984203
0	0	2596	0.232353419478635	0.23228511564533	0.232301788584788
0	0	2600	0.232182795351873	0.232114403841154	0.232131282739862
0	0	2604	0.232012561731374	0.231944570824528	0.231961167000684
0	0	2608	0.231842717074909	0.231774637210443	0.231791439678529
0	0	2612	0.23167325980085	0.231605579317282	0.231622099343748
0	0	2616	0.231504188386624	0.231436417679929	0.231453144327151
0	0	2620	0.231335501268699	0.231268128734967	0.231284573217814
0	0	2624	0.231167196943541	0.231099732936911	0.231116384365601
0	0	2628	0.230999273866474	0.230932206839741	0.23094857637773
0	0	2632	0.230831730552835	0.230764570818019	0.230781147623171
0	0	2636	0.230664565475772	0.230597801542405	0.230614096727018
0	0	2640	0.230497777168132	0.230430919306569	0.230447422076144
0	0	2644	0.230331364122818	0.230264900898545	0.230281122314106
0	0	2648	0.230165324889467	0.230098766530805	0.230115195845616
0	0	2652	0.22999965797842	0.229933493107136	0.229949641331139
0	0	2656	0.229834361957282	0.229768100759921	0.229784457193826
0	0	2660	0.229669435353737	0.229603566507718	0.229619642110755
0	0	2664	0.229504876752966	0.229438910402746	0.229455194522842
0	0	2668	0.229340684699065	0.229275109577839	0.229291113123743
0	0	2672	0.229176857794603	0.229111184004531	0.229127396371318
0	0	2676	0.229013394600611	0.22894811093046	0.228964042976364
0	0	2680	0.228850293735293	0.228784910245557	0.228801051412967
0	0	2684	0.228687553776831	0.228622559311356	0.228638420408022
0	0	2688	0.22852517336073	0.228460077937442	0.228476148452851
0	0	2692	0.228363151079714	0.228298443598081	0.228314234289839
0	0	2696	0.228201485586515	0.228136676022233	0.228152676426736
0	0	2700	0.228040175489592	0.227975752796455	0.227991473621365
0	0	2704	0.227879219457009	0.227814693569219	0.227830624397684
0	0	2708	0.22771861611358	0.227654476039201	0.227670127529069
0	0	2712	0.227558364142162	0.227494119773506	0.227509981554738
0	0	2716	0.227398462183377	0.227334602582859	0.227350185263464
0	0	2720	0.227238908935487	0.227174943953369	0.227190737210074
0	0	2724	0.227079703054355	0.227016121806894	0.227031636198046
0	0	2728	0.226920843253171	0.226857155548812	0.226872880797742
0	0	2732	0.226762328201904	0.226699023211166	0.226714469826827
0	0	2736	0.226604156629386	0.226540744118538	0.226556401870698
0	0	2740	0.226446327220631	0.226383296413389	0.226398675761682
0	0	2744	0.226288838718098	0.22622569933932	0.226241290099925
0	0	2748	0.226131689821873	0.226068931148244	0.226084243731653
0	0	2752	0.225974879288148	0.225912011002914	0.225927535271579
0	0	2756	0.225818405831366	0.225755917264509	0.225771163579901
0	0	2760	0.22566226822248	0.225599669015356	0.225615127286051
0	0	2764	0.225506465188779	0.225444244724438	0.22545942526323
0	0	2768	0.225350995516146	0.225288663393688	0.225304056155036
0	0	2772	0.225195857944826	0.225133903600503	0.225149018848577
0	0	2776	0.225041051274549	0.224978984265602	0.224994312000859
0	0	2780	0.224886574259127	0.224824884074297	0.224839934512288
0	0	2784	0.22473242571217	0.22467062186697	0.224685885053988
0	0	2788	0.224578604400453	0.22451717643567	0.224532162538955
0	0	2792	0.224425109150073	0.224363566540299	0.224378765651801
0	0	2796	0.224271938742706	0.224210771079719	0.224225693318483
0	0	2800	0.224119092015051	0.224057808732792	0.224072944236424
0	0	2804	0.223966567762377	0.223905658505097	0.223920517344455
0	0	2808	0.223814364836666	0.223753338995079	0.223768411353342
0	0	2812	0.223662482043146	0.223601829314035	0.223616625214087
0	0	2816	0.223510918247387	0.223450147979667	0.223465157650157
0	0	2820	0.223359672266826	0.223299274208969	0.223314007624889
0	0	2824	0.223208742979283	0.223148226439204	0.223163173874576
0	0	2828	0.223058129215539	0.22299798399235	0.223012655374447
0	0	2832	0.22290782986478	0.222847565225045	0.22286245087317
0	0	2836	0.222757843769817	0.222697949563902	0.222712559357737
0	0	2840	0.222608169832405	0.222548155285471	0.222562979589427
0	0	2844	0.222458806907092	0.222399161920367	0.22241371056675
0	0	2848	0.222309753907267	0.222249987664757	0.222264751062994
0	0	2852	0.222161009699649	0.222101612152961	0.222116100088096
0	0	2856	0.222012573209124	0.22195305350117	0.221967756427498
0	0	2860	0.221864443313911	0.221805291446749	0.221819719102258
0	0	2864	0.221716618950614	0.221657344026094	0.221671986909778
0	0	2868	0.221569099008722	0.221510191078966	0.221524558881979
0	0	2872	0.221421882436261	0.221362850562287	0.221377433828122
0	0	2876	0.221274968133993	0.221216302417696	0.221230610790894
0	0	2880	0.221128355061125	0.221069564522822	0.221084088591195
0	0	2884	0.220982042129446	0.220923616920651	0.22093786628233
0	0	2888	0.22083602830946	0.220777477409284	0.220791942696312
0	0	2892	0.220690312523505	0.220632126133439	0.220646316897531
0	0	2896	0.220544893752823	0.220486580811544	0.220500987728992
0	0	2900	0.220399770930957	0.220341821688813	0.220355954265116
0	0	2904	0.220254943050225	0.220196866404807	0.220211215360237
0	0	2908	0.220110409054027	0.220052695305625	0.220066770099577
0	0	2912	0.219966167945129	0.219908325950315	0.219922617347247
0	0	2916	0.219822218678501	0.219764738786345	0.219778756199328
0	0	2920	0.219678560265783	0.219620951292923	0.219635185530625
0	0	2924	0.219535191673039	0.219477944016964	0.219491904446441
0	0	2928	0.21939211192312	0.219334734359534	0.219348911833184
0	0	2932	0.219249319990728	0.219192302966308	0.219206206805595
0	0	2936	0.219106814909475	0.219049667159408	0.219063788260315
0	0	2940	0.218964595664108	0.218907807683344	0.218921655321833
0	0	2944	0.218822661298146	0.218765741781432	0.21877980689698
0	0	2948	0.218681010806256	0.218624450297109	0.218638242120219
0	0	2952	0.218539643241807	0.218482950394506	0.218496959908185
0	0	2956	0.218398557609669	0.218342223015398	0.218355959404767
0	0	2960	0.218257752972204	0.218201285245303	0.218215239536752
0	0	2964	0.218117228343889	0.218061118123754	0.218074799457215
0	0	2968	0.217976982796861	0.217920738657619	0.217934638102741
0	0	2972	0.217837015355172	0.217781127983776	0.217794754635455
0	0	2976	0.217697325101074	0.217641303031068	0.217655148002006
0	0	2980	0.21755791106679	0.217502245033145	0.217515817373428
0	0	2984	0.217418772344054	0.217362970840448	0.217376761705748
0	0	2988	0.217279907974981	0.217224461783755	0.217237980179347
0	0	2992	0.217141317060539	0.217085734634909	0.217099471759464
0	0	2996	0.217002998651125	0.216947770820926	0.21696123563504
0	0	3000	0.216864951857019	0.216809587035874	0.216823270780985
0	0	3004	0.216727175738363	0.216672164802664	0.216685576394901
0	0	3008	0.216589669413586	0.216534520737378	0.216548151460844
0	0	3012	0.216452431952143	0.216397636458389	0.216410995184887
0	0	3016	0.216315462480747	0.21626052850412	0.21627410656027
0	0	3020	0.216178760077667	0.216124178587932	0.216137484801381
0	0	3024	0.216042323878986	0.215987603170919	0.216001128910641
0	0	3028	0.215906152971187	0.215851784061079	0.21586503811073
0	0	3032	0.215770246498761	0.21571573764188	0.215729211412723
0	0	3036	0.215634603557322	0.215580445815778	0.215593648047561
0	0	3040	0.215499223299079	0.215444924889543	0.215458347035598
0	0	3044	0.215364104828004	0.215310156858562	0.215323307615128
0	0	3048	0.2152292473057	0.215175157953202	0.21518852881538
0	0	3052	0.215094649843608	0.21504091026215	0.215054009882804
0	0	3056	0.214960311611527	0.214906429939054	0.214919749855006
0	0	3060	0.214826231730114	0.214772699166011	0.214785747986761
0	0	3064	0.214692409375824	0.214638734019162	0.214652003323389
0	0	3068	0.21455884367807	0.21450551677386	0.214518515127636
0	0	3072	0.2144255338217	0.214372063429829	0.214385282453542
0	0	3076	0.214292478943459	0.214239356354779	0.214252304571324
0	0	3080	0.214159678236996	0.214106411471716	0.214119580543071
0	0	3084	0.214027130846148	0.213974211240751	0.213987109646709
0	0	3088	0.213894835972697	0.213841771508228	0.213854890952299
0	0	3092	0.213762792768203	0.213710074826469	0.213722923745407
0	0	3096	0.213631000442397	0.213578136965412	0.21359120710418
0	0	3100	0.213499458154163	0.213446940568818	0.213459740321312
0	0	3104	0.213368165120822	0.213315501330695	0.213328522483123
0	0	3108	0.213237120509635	0.213184801985734	0.213197552889366
0	0	3112	0.213106323544786	0.213053858152446	0.213066830634509
0	0	3116	0.212975773400442	0.21292365265531	0.212936355024783
0	0	3120	0.212845469309738	0.212793201038216	0.212806125162976
0	0	3124	0.212715410453197	0.212663486215767	0.212676140362692
0	0	3128	0.212585596071182	0.212533523655776	0.212546399733512
0	0	3132	0.212456025352526	0.212404296363426	0.212416902596595
0	0	3136	0.21232669754408	0.212274819730982	0.212287648069009
0	0	3140	0.21219761184172	0.212146076853443	0.212158635478812
0	0	3144	0.212068767500064	0.212017083047498	0.212029863950345
0	0	3148	0.211940163721643	0.211888821497809	0.211901332818551
0	0	3152	0.21181179976825	0.211760307446024	0.21177304121537
0	0	3156	0.211683674850074	0.21163252416571	0.211644988482233
0	0	3160	0.211555788234569	0.211504486823433	0.211517173758257
0	0	3164	0.21142813914008	0.211377178781665	0.211389596391627
0	0	3168	0.211300726841006	0.211249615132689	0.211262255529142
0	0	3172	0.211173550561482	0.211122779326378	0.211135150524785
0	0	3176	0.211046609583694	0.21099568638084	0.211008280532522
0	0	3180	0.210919903137806	0.210869319834445	0.210881644913487
0	0	3184	0.21079343051369	0.21074269463033	0.21075524282815
0	0	3188	0.210667190947881	0.210616794394806	0.210629073644119
0	0	3192	0.210541183736118	0.210490633996686	0.210503136528896
0	0	3196	0.210415408122561	0.210365197149569	0.210377430856207
0	0	3200	0.210289863408999	0.210239498648381	0.210251955800635
0	0	3204	0.210164548846155	0.210114522293591	0.210126710742009
0	0	3208	0.210039463742904	0.209989282806436	0.210001694861827
0	0	3212	0.209914607355395	0.209864764073615	0.209876907545754
0	0	3216	0.20978997899992	0.209739980743562	0.209752347982597
0	0	3220	0.20966557793846	0.209615916788274	0.209628015563558
0	0	3224	0.209541403493639	0.209491586783326	0.209503909484109
0	0	3228	0.209417454934097	0.209367974786608	0.209380029141876
0	0	3232	0.209293731588307	0.209244095300081	0.209256373738288
0	0	3236	0.209170232731397	0.209120932467513	0.209132942677206
0	0	3240	0.209046957698223	0.208997500718105	0.20900973516684
0	0	3244	0.208923905769604	0.208874784280345	0.208886750616502
0	0	3248	0.208801076286862	0.208751797510696	0.208763988240747
0	0	3252	0.208678468536984	0.208629524722832	0.208641447455035
0	0	3256	0.208556081866669	0.208506980200175	0.208519127479938
0	0	3260	0.208433915569832	0.208385148341194	0.208397027736697
0	0	3264	0.208311968998745	0.208263043356999	0.208275147452439
0	0	3268	0.208190241453229	0.208141649730039	0.208153486053754
0	0	3272	0.208068732291464	0.208019981599059	0.208032042773885
0	0	3276	0.207947440819379	0.207899023530953	0.20791081704542
0	0	3280	0.207826366400261	0.207777789591476	0.207789808107125
0	0	3284	0.207705508346081	0.207657264431635	0.207669015397191
0	0	3288	0.207584866027398	0.207536462045537	0.207548438161045
0	0	3292	0.207464438760361	0.207416367167241	0.207428075841922
0	0	3296	0.207344225921296	0.207295993719083	0.207307927691298
0	0	3300	0.207224226832695	0.207176326517928	0.20718799315757
0	0	3304	0.207104440876078	0.207056379414836	0.207068271498376
0	0	3308	0.20698486737909	0.206937137309054	0.206948762167262
0	0	3312	0.206865505729941	0.206817613980564	0.206829464427857
0	0	3316	0.206746355261392	0.206698794410788	0.206710377738956
0	0	3320	0.206627415367039	0.206579692308614	0.206591501369925
0	0	3324	0.206508685384435	0.206461292737157	0.206472834784565
0	0	3328	0.206390164713455	0.206342609334726	0.20635437725817
0	0	3332	0.206271852697618	0.206224627246322	0.206236128260008
0	0	3336	0.206153748741427	0.206106360039019	0.206118087070605
0	0	3340	0.206035852193376	0.205988792939026	0.206000253164053
0	0	3344	0.205918162463886	0.205870939443324	0.205882625826922
0	0	3348	0.205800678906926	0.205753784859121	0.205765204538363
0	0	3352	0.205683400937461	0.205636342612644	0.205647988590109
0	0	3356	0.20556632791539	0.20551959809225	0.205530977466541
0	0	3360	0.205449459260721	0.205402564653881	0.205414170464951
0	0	3364	0.205332794338136	0.205286227766076	0.205297567074256
0	0	3368	0.205216332573386	0.205169600715088	0.205181166597479
0	0	3372	0.205100073335795	0.205053669049332	0.205064968528199
0	0	3376	0.20498401605631	0.204937445985487	0.204948972174917
0	0	3380	0.204868160109781	0.204821917151812	0.204833177036122
0	0	3384	0.204752504931526	0.204706095694894	0.204717582425165
0	0	3388	0.204637049901675	0.204590967322824	0.204602187845416
0	0	3392	0.204521794460383	0.204475545112975	0.204486992615825
0	0	3396	0.20440673799319	0.204360814852336	0.204371996244098
0	0	3400	0.204291879945809	0.204245789549755	0.204257198054934
0	0	3404	0.204177219706209	0.204131455069985	0.204142597559907
0	0	3408	0.204062756726189	0.204016824353185	0.204028194088705
0	0	3412	0.203948490400193	0.203902883343062	0.203913987158128
0	0	3416	0.203834420183327	0.203788644911032	0.203799976102886
0	0	3420	0.203720545474746	0.203675095078893	0.203686160444222
0	0	3424	0.203606865734529	0.203561246649047	0.20357253952145
0	0	3428	0.203493380366838	0.203448085721998	0.203459112860818
0	0	3432	0.203380088836384	0.203334625031422	0.203345879806621
0	0	3436	0.203266990551585	0.203221850755009	0.203232839888842
0	0	3440	0.203154084982317	0.203108775559044	0.203119992457435
0	0	3444	0.203041371541614	0.202996385697902	0.203007337046362
0	0	3448	0.202928849703723	0.202883693770329	0.202894873010553
0	0	3452	0.202816518886316	0.202771686107559	0.20278259988841
0	0	3456	0.202704378567804	0.20265937524047	0.202670517039399
0	0	3460	0.202592428171515	0.202547747577232	0.202558624006456
0	0	3464	0.202480667179555	0.202435815581044	0.202446920153734
0	0	3468	0.202369095019594	0.202324565736358	0.202335405028214
0	0	3472	0.202257711178483	0.202213010439245	0.202224077998989
0	0	3476	0.202146515088359	0.202102136250056	0.202112938617047
0	0	3480	0.202035506240913	0.201990955497937	0.202001986256285
0	0	3484	0.201924684071707	0.201880454818873	0.201891220471756
0	0	3488	0.201814048076987	0.201769646475184	0.201780640641984
0	0	3492	0.201703597697747	0.201659517178239	0.201670246326065
0	0	3496	0.201593332433563	0.201549079123831	0.201560036907208
0	0	3500	0.201483251729451	0.20143931909819	0.201450011948334
0	0	3504	0.201373355090351	0.201329249231061	0.20134017083745
0	0	3508	0.201263641964597	0.201219856382896	0.201230513141083
0	0	3512	0.201154111861822	0.201110152618045	0.201121038252191
0	0	3516	0.201044764234735	0.201001124870866	0.201011745741095
0	0	3520	0.200935598597243	0.200891785140003	0.200902635005061
0	0	3524	0.200826614404446	0.200783120433669	0.200793705618321
0	0	3528	0.200717811176293	0.200674142684695	0.20068495698224
0	0	3532	0.20060918837219	0.200565838975878	0.200576388675634
0	0	3536	0.200500745514892	0.200457221173838	0.200468000103774
0	0	3540	0.20039248206906	0.20034927643521	0.200359790849233
0	0	3544	0.200284397560365	0.200241016561024	0.200251760321659
0	0	3548	0.20017649145808	0.200133428781634	0.200143908107474
0	0	3552	0.20006876329209	0.200025524832563	0.200036233620605
0	0	3556	0.199961212535519	0.199918292017492	0.199928736451135
0	0	3560	0.199853838722216	0.199810742006505	0.199821416017127
0	0	3564	0.199746641328844	0.199703862176645	0.199714271912506
0	0	3568	0.199639619893764	0.199596664132643	0.199607303559449
0	0	3572	0.199532773897287	0.199490135324431	0.199500510555424
0	0	3576	0.1994261028817	0.199383287292022	0.199393892327048
0	0	3580	0.199319606330955	0.199277107557436	0.19928744847497
0	0	3584	0.199213283791577	0.199170607596441	0.199181178430224
0	0	3588	0.199107134751194	0.199064775002898	0.199075081796851
0	0	3592	0.199001158759842	0.19895862118851	0.198969158010097
0	0	3596	0.19889535530942	0.198853133818678	0.198863406677421
0	0	3600	0.198789723953642	0.198747324241236	0.198757827238187
0	0	3604	0.198684264187874	0.198642180192721	0.198652419303164
0	0	3608	0.198578975570056	0.19853671295754	0.198547182315934
0	0	3612	0.19847385759854	0.198431910343091	0.198442115890649
0	0	3616	0.198368909835298	0.198326783570121	0.198337219474636
0	0	3620	0.198264131783002	0.198222320517045	0.198232492685681
0	0	3624	0.198159523005986	0.198117532341049	0.198127934974904
0	0	3628	0.198055083011375	0.198013406991188	0.198023545963456
0	0	3632	0.197950811367251	0.19790895556159	0.197919325106536
0	0	3636	0.197846707584317	0.197805166071119	0.1978152720282
0	0	3640	0.197742771234057	0.197701049551736	0.19771138618808
0	0	3644	0.197639001829918	0.197597594091337	0.197607667212992
0	0	3648	0.19753539894777	0.197493810659589	0.197504114566351
0	0	3652	0.197431962105005	0.197390687414232	0.197400727878743
0	0	3656	0.19732869088071	0.197287235262185	0.197297506616975
0	0	3660	0.197225584795036	0.197184442430477	0.197194450414827
0	0	3664	0.197122643431165	0.197081319764129	0.197091558743136
0	0	3668	0.197019866312953	0.196978855558961	0.196988831238739
0	0	3672	0.19691725302647	0.196876060597624	0.196886267375782
0	0	3676	0.196814803099002	0.196773923245358	0.196783866794781
0	0	3680	0.19671251612045	0.196671454222533	0.196681628973372
0	0	3684	0.196610391621309	0.196569641962986	0.196579553554999
0	0	3688	0.196508429194752	0.196467497125582	0.196477640021267
0	0	3692	0.19640662837467	0.196366008212126	0.196375888018362
0	0	3696	0.196304988757485	0.196264185820457	0.19627429703184
0	0	3700	0.196203509880693	0.196163018519693	0.196172866710494
0	0	3704	0.196102191343858	0.196061516847387	0.196071596543993
0	0	3708	0.196001032687312	0.195960669439423	0.195970486183793
0	0	3712	0.195900033514517	0.195859486772517	0.195869535122732
0	0	3716	0.195799193369647	0.195758957550694	0.195768743016232
0	0	3720	0.195698511857514	0.195658092188888	0.195668109359792
0	0	3724	0.195597988526669	0.195557879458704	0.195567633811887
0	0	3728	0.195497622986668	0.195457329715096	0.195467315872319
0	0	3732	0.195397414785857	0.19535743179517	0.195367155201296
0	0	3736	0.195297363539195	0.195257195994512	0.195267151302562
0	0	3740	0.195197468797998	0.19515761121644	0.19516730383941
0	0	3744	0.195097730179803	0.195057687696446	0.195067612318633
0	0	3748	0.194998147239871	0.194958414404079	0.194968076406598
0	0	3752	0.194898719597921	0.194858801515163	0.194868695613516
0	0	3756	0.194799446812847	0.194759838064739	0.194769469608329
0	0	3760	0.194700328507196	0.194660534169362	0.19467039790472
0	0	3764	0.194601364243502	0.194561878929842	0.194571480174733
0	0	3768	0.194502553646767	0.194462882402777	0.194472715934824
0	0	3772	0.194403896282771	0.194364533754936	0.194374104860189
0	0	3776	0.194305391779161	0.194265842983318	0.194275646470486
0	0	3780	0.194207039705337	0.194167799320022	0.194177340443552
0	0	3784	0.194108839691831	0.1940694127027	0.194079186302268
0	0	3788	0.194010791310571	0.193971672428777	0.193981183727309
0	0	3792	0.193912894195039	0.193873588376729	0.193883332244782
0	0	3796	0.193815147921554	0.193776149908839	0.193785631537946
0	0	3800	0.193717552124804	0.19367836684511	0.193688081136517
0	0	3804	0.193620106384013	0.193581228611317	0.193590680725521
0	0	3808	0.19352281033802	0.193483744970036	0.193493429838554
0	0	3812	0.193425663568089	0.193386905410573	0.193396328163138
0	0	3816	0.193328665716192	0.193289719637678	0.193299375235963
0	0	3820	0.193231816366072	0.193193177203838	0.193202570746949
0	0	3824	0.193135115163658	0.193096287756668	0.193105914236226
0	0	3828	0.193038561694482	0.193000040911641	0.193009405396299
0	0	3832	0.19294215560713	0.192903446258513	0.19291304376984
0	0	3836	0.192845896491035	0.192807493476655	0.1928168290527
0	0	3840	0.192749783996829	0.192711192097527	0.192720760789988
0	0	3844	0.192653817716157	0.192615531863778	0.192624838680072
0	0	3848	0.192557997303708	0.192519522249711	0.192529062271495
0	0	3852	0.192462322353595	0.192424153060639	0.192433431264925
0	0	3856	0.192366792522344	0.192328433713619	0.192337945211874
0	0	3860	0.192271407407389	0.19223335407639	0.192242603815358
0	0	3864	0.192176166668429	0.192137923509411	0.192147406630183
0	0	3868	0.192081069904804	0.192043131942201	0.192052353361479
0	0	3872	0.191986116779223	0.191947988678862	0.191957443567163
0	0	3876	0.191891306894069	0.191853483710562	0.191862676954703
0	0	3880	0.191796639914198	0.191758626285351	0.191768053085125
0	0	3884	0.19170211544459	0.191664406455472	0.191673571668005
0	0	3888	0.191607733153248	0.19156983341326	0.191579232267431
0	0	3892	0.191513492647421	0.191475897272119	0.191485034595482
0	0	3896	0.191419393598059	0.191381607168455	0.191390978218926
0	0	3900	0.191325435614591	0.191287953276604	0.19129706285223
0	0	3904	0.191231618370866	0.191193944677213	0.191203288064884
0	0	3908	0.191137941478875	0.19110057160564	0.191109653573925
0	0	3912	0.191044404614541	0.19100684308675	0.191016158951496
0	0	3916	0.190951007392817	0.190913749416448	0.190922803916829
0	0	3920	0.190857749492685	0.190820299564462	0.19082958804512
0	0	3924	0.190764630530766	0.190727483886909	0.190736511057797
0	0	3928	0.190671650188647	0.190634311298132	0.19064357253261
0	0	3932	0.190578808086226	0.190541772214825	0.190550772193607
0	0	3936	0.190486103906809	0.190448875495948	0.190458109621125
0	0	3940	0.190393537272992	0.190356611617786	0.190365584540993
0	0	3944	0.190301107870956	0.190263989385483	0.190273196537172
0	0	3948	0.190208815324884	0.190171999333816	0.190180945336976
0	0	3952	0.190116659324184	0.190079650214194	0.190088830527335
0	0	3956	0.190024639495526	0.189987932620273	0.189996851837873
0	0	3960	0.189932755530083	0.189895855249126	0.189905008857764
0	0	3964	0.189841007057241	0.189804408753586	0.18981330131917
0	0	3968	0.189749393770899	0.189712601776537	0.189721728813733
0	0	3972	0.189657915302292	0.189621425029754	0.189630291075925
0	0	3976	0.189566571348282	0.189529887102069	0.189538987699927
0	0	3980	0.189475361542218	0.189438978763744	0.189447818422214
0	0	3984	0.189384285583111	0.189347708550265	0.189356782839915
0	0	3988	0.189293343106916	0.189257067289791	0.189265880691332
0	0	3992	0.189202533814743	0.189166063464327	0.189175111576055
0	0	3996	0.189111857345329	0.189075687960286	0.189084475234723
0	0	4000	0.189021313401641	0.188984949206345	0.188993971269477
0	0	4004	0.188930901624869	0.188894838146513	0.18890359942281
0	0	4008	0.188840621720674	0.188804363156716	0.18881335929966
0	0	4012	0.188750473331722	0.188714515238104	0.18872325064432
0	0	4016	0.188660456166284	0.188624302714193	0.188633273064466
0	0	4020	0.18857056986997	0.188534716642912	0.188543426306205
0	0	4024	0.188480814152505	0.188444765295799	0.188453709980009
0	0	4028	0.188391188662029	0.188355439786936	0.188364123833599
0	0	4032	0.188301693110625	0.188265748336168	0.18827466748009
0	0	4036	0.188212327147802	0.188176682113989	0.188185340669367
0	0	4040	0.188123090489112	0.188087249288109	0.188096143016671
0	0	4044	0.188033982785723	0.187998441085607	0.18800707427418
0	0	4048	0.187945003755186	0.187909265621875	0.187918134059154
0	0	4052	0.187856153051021	0.187820714180674	0.187829322126069
0	0	4056	0.187767430393131	0.187731794825476	0.187740638094619
0	0	4060	0.187678835437169	0.187643498895865	0.187652081720909
0	0	4064	0.187590367904686	0.187554834403994	0.187563652627305
0	0	4068	0.187502027453978	0.18746679274497	0.187475350571629
0	0	4072	0.187413813808513	0.18737838187971	0.187387175178678
0	0	4076	0.187325726629166	0.187290593258765	0.187299126208152
0	0	4080	0.187237765641055	0.187202434792144	0.187211203287385
0	0	4084	0.187149930507449	0.187114897985207	0.187123406177636
0	0	4088	0.187062220954856	0.187026990697443	0.187035734508765
0	0	4092	0.186974636649527	0.186939704488891	0.186948188043823
0	0	4096	0.186887177319858	0.186852047168689	0.18686076641508
0	0	4100	0.186799842633517	0.18676501035099	0.186773469387111
0	0	4104	0.186712632321856	0.186677601795234	0.186686296594855
0	0	4108	0.186625546054224	0.186590813169565	0.186599247804685
0	0	4112	0.186538583564024	0.186503652183199	0.186512322653478
0	0	4116	0.186451744522294	0.18641711055857	0.186425520909703
0	0	4120	0.186365028664815	0.186330195954791	0.186338842212327
0	0	4124	0.186278435665027	0.186243900148358	0.186252286331732
0	0	4128	0.186191965259928	0.186157230748475	0.186165852909066
0	0	4132	0.186105617125386	0.186071179585377	0.186079541716442
0	0	4136	0.186019391000331	0.185984754218744	0.185993352397383
0	0	4140	0.185933286562628	0.185898946531869	0.185907284725353
0	0	4144	0.185847303553157	0.185812764035651	0.185821338346534
0	0	4148	0.185761441651747	0.185727198666142	0.185735513035939
0	0	4152	0.18567570060138	0.185641257885346	0.185649808441938
0	0	4156	0.18559008008332	0.185555933681875	0.185564224341137
0	0	4160	0.185504579843161	0.185470233469164	0.185478760384172
0	0	4164	0.185419199563645	0.1853851492884	0.185393416349473
0	0	4168	0.18533393899251	0.185299688504328	0.185308191889698
0	0	4172	0.185248797814449	0.185214843210489	0.185223086784985
0	0	4176	0.185163775778788	0.185129620723076	0.185138100690023
0	0	4180	0.185078872572358	0.185045013187764	0.185053233386578
0	0	4184	0.184994087946563	0.184960027873066	0.184968484531962
0	0	4188	0.184909421589526	0.184875656975588	0.184883853908908
0	0	4192	0.184824873254968	0.184790907716482	0.184799341177055
0	0	4196	0.18474044263294	0.184706772343812	0.184714946120997
0	0	4200	0.184656129478939	0.184622258030972	0.184630668402221
0	0	4204	0.184571933484408	0.184538357077353	0.184546507807061
0	0	4208	0.18448785440734	0.184454076608811	0.184462463998998
0	0	4212	0.184403891940961	0.184370408975951	0.184378536766104
0	0	4216	0.184320045844573	0.184286361257051	0.18429472577373
0	0	4220	0.184236315813261	0.184202925853357	0.184211030811253
0	0	4224	0.18415270160875	0.184119109796649	0.184127451546608
0	0	4228	0.184069202927572	0.184035905538576	0.1840439877707
0	0	4232	0.183985819532788	0.183952320063668	0.183960639153078
0	0	4236	0.183902551123573	0.183869345874396	0.183877405486547
0	0	4240	0.183819397464571	0.183785989908347	0.183794286442615
0	0	4244	0.183736358255851	0.183703244718128	0.183711281815447
0	0	4248	0.183653433264814	0.183620117194808	0.183628391278665
0	0	4252	0.183570622193124	0.183537599941021	0.183545614627941
0	0	4256	0.183487924809292	0.18345469980146	0.18346295153893
0	0	4260	0.183405340817261	0.183372409428293	0.183380401808594
0	0	4264	0.183322869987789	0.183289735620464	0.183297965114876
0	0	4268	0.183240512025248	0.183207671079311	0.183215641256057
0	0	4272	0.183158266702864	0.183125222557726	0.183133429911806
0	0	4276	0.183076133726915	0.183043382806793	0.183051330882333
0	0	4280	0.182994112872027	0.182961158533188	0.18296934384896
0	0	4284	0.182912203846083	0.182879542537174	0.182887468613261
0	0	4288	0.182830406425713	0.182797541480011	0.182805704858788
0	0	4292	0.182748720320233	0.182716148210584	0.182724052388302
0	0	4296	0.182667145307933	0.182634369345028	0.182642510887472
0	0	4300	0.182585681099756	0.182553197780299	0.182561080160108
0	0	4304	0.182504327475763	0.182471640087966	0.182479759894103
0	0	4308	0.182423084149385	0.182390689213301	0.182398549894895
0	0	4312	0.182341950900326	0.182309351682454	0.182317449851722
0	0	4316	0.182260927445527	0.182228620489177	0.18223645957167
0	0	4320	0.182180013565502	0.182147502114906	0.182155578746014
0	0	4324	0.182099208978639	0.182066989600875	0.182074807182792
0	0	4328	0.182018513468002	0.181986089384745	0.18199414457573
0	0	4332	0.18193792675263	0.181905794554555	0.181913590733764
0	0	4336	0.181857448617256	0.181825111504159	0.181833145352512
0	0	4340	0.181777078783131	0.181745033368705	0.181752808242403
0	0	4344	0.181696817036231	0.181664566498344	0.181672579100903
0	0	4348	0.181616663099156	0.181584704074802	0.181592457739596
0	0	4352	0.181536616759851	0.181504452405008	0.181512443857979
0	0	4356	0.181456677742481	0.181424804717168	0.181432537269001
0	0	4360	0.181376845836295	0.181344767274644	0.181352737673667
0	0	4364	0.181297120766922	0.181265333352145	0.181273044886373
0	0	4368	0.18121750232557	0.18118550916995	0.181193458610014
0	0	4372	0.181137990239316	0.181106288048944	0.181113978660295
0	0	4376	0.181058584300542	0.181026676166172	0.181034604741694
0	0	4380	0.180979284238291	0.180947666888772	0.180955336671376
0	0	4384	0.180900089846358	0.180868266350864	0.180876174155618
0	0	4388	0.180821000854893	0.180789467965113	0.180797117012557
0	0	4392	0.180742017059946	0.180710277823471	0.180718164950617
0	0	4396	0.180663138192726	0.180631689383781	0.18063931778901
0	0	4400	0.180584364050662	0.180552708695763	0.18056057523791
0	0	4404	0.180505694366947	0.180474329262561	0.180481937117911
0	0	4408	0.180427128939923	0.180395557091462	0.180403403140656
0	0	4412	0.180348667504638	0.180317385730916	0.180324973128153
0	0	4416	0.180270309861	0.180238821146171	0.180246646793825
0	0	4420	0.180192055745089	0.180160856930298	0.18016842396065
0	0	4424	0.180113904958436	0.18008249900694	0.180090304343912
0	0	4428	0.180035857238684	0.180004741013749	0.180012287767834
0	0	4432	0.17995791238942	0.179926588833024	0.179934373949561
0	0	4436	0.17988007014831	0.179849036146273	0.17985656271417
0	0	4440	0.179802330321439	0.179771088794661	0.179778853780509
0	0	4444	0.179724692647756	0.179693740504031	0.179701246975184
0	0	4448	0.179647156934844	0.179615997074103	0.179623742018432
0	0	4452	0.179569722922697	0.179538852274762	0.179546338738096
0	0	4456	0.179492390420521	0.179461311864778	0.17946903685617
0	0	4460	0.179415159169807	0.179384369657621	0.17939183620152
0	0	4464	0.179338028981049	0.179307031371358	0.179314736497855
0	0	4468	0.179260999597245	0.179230290862954	0.179237737575227
0	0	4472	0.179184070829939	0.179153153809688	0.17916083915881
0	0	4476	0.179107242423869	0.179076614112101	0.179084041080005
0	0	4480	0.179030514192315	0.178999677406919	0.179007343065605
0	0	4484	0.178953885880744	0.178923337637828	0.178930744948087
0	0	4488	0.178877357303713	0.178846600401072	0.178854246455751
0	0	4492	0.178800928208514	0.178770459683351	0.178777847422177
0	0	4496	0.178724598410942	0.178693921041051	0.17870154757756
0	0	4500	0.178648367659577	0.178617978503301	0.178625346756362
0	0	4504	0.17857223577188	0.17854163758683	0.178549244690495
0	0	4508	0.178496202497519	0.178465892363044	0.178473241215463
0	0	4512	0.17842026765501	0.178389748308957	0.178397336064618
0	0	4516	0.178344430995547	0.178314199538319	0.178321529074692
0	0	4520	0.178268692339133	0.178238251488691	0.178245819980632
0	0	4524	0.178193051438728	0.178162898315818	0.178170208620221
0	0	4528	0.178117508114452	0.178087145418006	0.178094694729991
0	0	4532	0.178042062121252	0.178011986992597	0.178019278148622
0	0	4536	0.177966713281147	0.17793642839934	0.177943958614577
0	0	4540	0.17789146134947	0.177861463876416	0.177868735967151
0	0	4544	0.177816306149584	0.177786098745097	0.177793609946369
0	0	4548	0.177741247438672	0.177711327285096	0.177718580393022
0	0	4552	0.177666285041103	0.177636154778812	0.177643647048362
0	0	4556	0.177591418715465	0.177561575546983	0.177568809754156
0	0	4560	0.177516648287388	0.177486594833923	0.177494068253449
0	0	4564	0.177441973516357	0.177412207000576	0.177419422388582
0	0	4568	0.177367394229036	0.177337417253549	0.177344871904302
0	0	4572	0.177292910187303	0.177263219994344	0.177270416644192
0	0	4576	0.177218521218745	0.177188620391826	0.177196056354515
0	0	4580	0.177144227085831	0.177114612887274	0.177121790879536
0	0	4584	0.177070027617512	0.177040202612164	0.177047619967061
0	0	4588	0.17699592257789	0.176966384047822	0.176973543462541
0	0	4592	0.176921911797243	0.17689216228813	0.176899561115026
0	0	4596	0.176847995040547	0.176818531854564	0.176825672771272
0	0	4600	0.176774172139291	0.176744497803315	0.176751878181514
0	0	4604	0.176700442859966	0.176671054695875	0.176678177193651
0	0	4608	0.176626807035003	0.176597207551052	0.17660456955935
0	0	4612	0.176553264432247	0.176523950969699	0.176531055127203
0	0	4616	0.176479814885659	0.176450289934218	0.176457633650879
0	0	4620	0.176406458163591	0.176377219084181	0.176384304979563
0	0	4624	0.176333194101294	0.176303743365318	0.176311068868235
0	0	4628	0.176260022469031	0.176230857456289	0.176237925167217
0	0	4632	0.17618694310277	0.176157566266649	0.176164873633159
0	0	4636	0.176113955773671	0.176084864513095	0.176091914116823
0	0	4640	0.176041060319175	0.176011757069547	0.176019046376564
0	0	4644	0.175968256511934	0.175939238690965	0.175946270264203
0	0	4648	0.175895544190326	0.175866314215137	0.175873585539162
0	0	4652	0.175822923127745	0.175793978435525	0.175800992054521
0	0	4656	0.175750393164226	0.175721236153862	0.175728489570907
0	0	4660	0.175677954074206	0.175649082201718	0.17565607794231
0	0	4664	0.175605605698792	0.175576521345257	0.175583756930859
0	0	4668	0.175533347813351	0.175504548453662	0.175511526391251
0	0	4672	0.175461180260976	0.175432168258055	0.175439386087287
0	0	4676	0.175389102817315	0.175360375665045	0.175367335874529
0	0	4680	0.175317115326774	0.175288175370262	0.175295375517821
0	0	4684	0.175245217566245	0.175216562318024	0.175223504873872
0	0	4688	0.175173409381299	0.175144541168726	0.175151723708824
0	0	4692	0.175101690549907	0.17507310690398	0.17508003188024
0	0	4696	0.175030060918968	0.175001264149572	0.175008429155926
0	0	4700	0.174958520267117	0.174930007923662	0.174936915393954
0	0	4704	0.174887068442555	0.174858342817447	0.17486549036342
0	0	4708	0.174815705225037	0.174787263885925	0.174794153923417
0	0	4712	0.174744430463901	0.17471577568603	0.174722905844499
0	0	4716	0.174673243940251	0.174644873309118	0.174651745986532
0	0	4720	0.174602145504117	0.174573561277897	0.174580674121339
0	0	4724	0.174531134937517	0.174502834719878	0.17450969010954
0	0	4728	0.174460212092242	0.174431698124087	0.174438793724521
0	0	4732	0.174389376750872	0.174361146653885	0.174367984827665
0	0	4736	0.174318628766245	0.174290184764247	0.174297263193346
0	0	4740	0.174247967922737	0.174219807655011	0.174226628684316
0	0	4744	0.17417739407302	0.174149019747051	0.174156081076012
0	0	4748	0.174106907003449	0.174078816275896	0.174085620231799
0	0	4752	0.17403650656781	0.174008201629125	0.174015245928712
0	0	4756	0.173966192552853	0.173938171077722	0.173944958030841
0	0	4760	0.173895964814196	0.173867728975892	0.173874756316473
0	0	4764	0.173825823138912	0.17379787062996	0.173804640650512
0	0	4768	0.173755767383833	0.173727600360982	0.173734610812518
0	0	4772	0.173685797337309	0.17365791351027	0.173664666668078
0	0	4776	0.173615912857383	0.17358781436639	0.173594807998388
0	0	4780	0.173546113732899	0.173518298305031	0.173525034669509
0	0	4784	0.173476399823107	0.173448369582229	0.173455346463858
0	0	4788	0.173406770918327	0.173379023608555	0.173385743248648
0	0	4792	0.173337226878251	0.173309264607156	0.173316224807188
0	0	4796	0.173267767494544	0.173240088023254	0.173246791007558
0	0	4800	0.173198392627438	0.173170498047613	0.173177441634387
0	0	4804	0.17312910207022	0.173101490159685	0.173108176556412
0	0	4808	0.173059895683828	0.1730320685183	0.173038995559733
0	0	4812	0.172990773262548	0.17296322863659	0.172969898513567
0	0	4816	0.172921734668584	0.172893974641877	0.172900885205503
0	0	4820	0.172852779696691	0.172825302080554	0.172831955505224
0	0	4824	0.172783908210385	0.17275621504877	0.172763109201746
0	0	4828	0.17271512000548	0.172687709126149	0.172694346165521
0	0	4832	0.172646414946266	0.172618788377559	0.172625666186677
0	0	4836	0.172577792829725	0.17255044841589	0.172557069136573
0	0	4840	0.172509253521241	0.172481693274572	0.172488554806264
0	0	4844	0.172440796818191	0.1724135185998	0.172420123068039
0	0	4848	0.172372422587292	0.172344928393835	0.172351773714113
0	0	4852	0.172304130627144	0.172276918335814	0.172283506617492
0	0	4856	0.172235920804925	0.172208492396925	0.17221532157146
0	0	4860	0.172167792920557	0.17214064628952	0.17214721845009
0	0	4864	0.172099746842099	0.17207238395367	0.172079197047712
0	0	4868	0.172031782370198	0.172004701134145	0.172011257238783
0	0	4872	0.171963899374372	0.171936601740921	0.171943398819312
0	0	4876	0.171896097655693	0.171869081550775	0.171875621664234
0	0	4880	0.171828377084647	0.17180114444323	0.171807925570531
0	0	4884	0.171760737463523	0.171733786227422	0.171740310414074
0	0	4888	0.171693178663512	0.171666010752663	0.171672775993018
0	0	4892	0.171625700487932	0.171598813859815	0.171605322183713
0	0	4896	0.171558302808987	0.171531199368777	0.171537948785919
0	0	4900	0.171490985430996	0.171464163151452	0.171470655676274
0	0	4904	0.171423748226711	0.171396708998457	0.171403442655811
0	0	4908	0.171356591001264	0.171329832812623	0.171336309601694
0	0	4912	0.171289513629228	0.171262538355733	0.171269256316349
0	0	4916	0.171222515915669	0.171195821561423	0.171202282677653
0	0	4920	0.171155597736404	0.171128686162206	0.171135388488834
0	0	4924	0.171088758897356	0.171062128122746	0.171068573628702
0	0	4928	0.171021999275757	0.170995151146489	0.171001837901498
0	0	4932	0.170955318677561	0.170928751228868	0.170935181186772
0	0	4936	0.170888716981208	0.170861932044385	0.170868603289795
0	0	4940	0.170822193994252	0.170795689619348	0.170802104091041
0	0	4944	0.170755749595033	0.170729027598934	0.170735683396451
0	0	4948	0.170689383592173	0.170662942040425	0.17066934108743
0	0	4952	0.170623095865007	0.170596436560081	0.170603076971013
0	0	4956	0.170556886223352	0.170530507245672	0.170536890929181
0	0	4960	0.170490754547341	0.170464157684878	0.170470782770182
0	0	4964	0.170424700647438	0.170398383995644	0.170404752376513
0	0	4968	0.170358724404465	0.170332189737418	0.170338799557696
0	0	4972	0.170292825629849	0.170266571057734	0.170272924196514
0	0	4976	0.170227004205837	0.170200531488364	0.170207126103888
0	0	4980	0.170161259943974	0.17013506720642	0.170141405163252
0	0	4984	0.170095592727788	0.170069181715605	0.170075761186356
0	0	4988	0.170030002369686	0.170003871222655	0.170010194057375
0	0	4992	0.169964488753594	0.169938139203599	0.169944703589188
0	0	4996	0.169899051692938	0.169872981894314	0.169879289666444
0	0	5000	0.16983369107319	0.16980740274375	0.16981395210342
0	0	5004	0.169768406707737	0.169742398016272	0.169748690785009
0	0	5008	0.169703198483021	0.169676971133922	0.169683505526642
0	0	5012	0.169638066213783	0.169612118389803	0.169618396213967
0	0	5016	0.169573009786683	0.169546843178872	0.169553362663293
0	0	5020	0.169508029017535	0.169482141822747	0.169488404760868
0	0	5024	0.169443123793957	0.169417017689744	0.169423522324167
0	0	5028	0.16937829393261	0.16935246712973	0.169358715239997
0	0	5032	0.169313539321187	0.16928749348453	0.169293983326929
0	0	5036	0.169248859778689	0.169223093132039	0.169229326472321
0	0	5040	0.169184255192123	0.169158269387586	0.169164744495648
0	0	5044	0.169119725381749	0.169094018656979	0.169100237284851
0	0	5048	0.16905527023608	0.169029344229721	0.169035804660754
0	0	5052	0.16899088957509	0.168965242539058	0.168971446511742
0	0	5056	0.168926583288667	0.168900716848258	0.168907162659347
0	0	5060	0.168862351197561	0.168836763618302	0.168842952992724
0	0	5064	0.168798193192335	0.168772386086723	0.168778817334569
0	0	5068	0.168734109094777	0.168708580741707	0.168714755574484
0	0	5072	0.168670098796232	0.168644350795129	0.168650767536147
0	0	5076	0.168606162118843	0.168580692762536	0.168586853109934
0	0	5080	0.168542298954839	0.168516609829868	0.168523012120197
0	0	5084	0.168478509127363	0.168453098539789	0.168459244457841
0	0	5088	0.168414792529654	0.16838916205331	0.168395549948691
0	0	5092	0.168351148985321	0.168325796939549	0.168331928483939
0	0	5096	0.168287578387964	0.168262006334179	0.16826837989015
0	0	5100	0.168224080562817	0.168198786833246	0.16820490405935
0	0	5104	0.168160655403747	0.168135141547475	0.168141500819197
0	0	5108	0.168097302736767	0.168072067098958	0.168078170061899
0	0	5112	0.168034022456892	0.168008566574221	0.168014911616535
0	0	5116	0.167970814390014	0.16794563662085	0.167951725375446
0	0	5120	0.16790767843239	0.167882280301064	0.167888611168615
0	0	5124	0.167844614411393	0.167819494288858	0.167825568889525
0	0	5128	0.167781622223142	0.167756281621539	0.167762598368643
0	0	5132	0.167718701695782	0.167693638999134	0.167699699500072
0	0	5136	0.167655852726297	0.16763056943455	0.167636872115221
0	0	5140	0.16759307514348	0.167568069653395	0.167574116108548
0	0	5144	0.167530368846157	0.167505142645089	0.167511431312972
0	0	5148	0.167467733662457	0.167442785160115	0.167448817623101
0	0	5152	0.167405169492073	0.167380000164114	0.167386274872665
0	0	5156	0.167342676164491	0.16731778443279	0.167323802956936
0	0	5160	0.167280253579794	0.167255140908462	0.167261401710785
0	0	5164	0.167217901568562	0.167193066391355	0.167199071029715
0	0	5168	0.167155620030991	0.167130563800657	0.167136810749608
0	0	5172	0.167093408798722	0.167068629961246	0.16707462076656
0	0	5176	0.167031267772544	0.167006267769061	0.16701250091723
0	0	5180	0.166969196784926	0.166944474073552	0.166950451098295
0	0	5184	0.166907195737807	0.166882251747945	0.166888471147574
0	0	5188	0.166845264463394	0.166820597665411	0.166826560961817
0	0	5192	0.166783402865165	0.166758514676899	0.166764720379991
0	0	5196	0.166721610775604	0.166696999679612	0.166702949299546
0	0	5200	0.166659888099016	0.166635055501451	0.166641247559807
0	0	5204	0.166598234668766	0.166573679064345	0.166579615059376
0	0	5208	0.166536650389479	0.16651187317302	0.166518051638104
0	0	5212	0.166475135095402	0.166450634773407	0.166456557194938
0	0	5216	0.166413688692055	0.166388966648037	0.166395131570997
0	0	5220	0.166352311014074	0.166327865766318	0.166333774665452
0	0	5224	0.166291001967777	0.166266334888734	0.166272486320469
0	0	5228	0.166229761388391	0.166205371008089	0.166211266435644
0	0	5232	0.166168589183272	0.166143976862803	0.166150114853966
0	0	5236	0.166107485188212	0.166083149469176	0.166089031475677
0	0	5240	0.166046449311016	0.166021891543697	0.166028016144643
0	0	5244	0.165985481387819	0.165961200125526	0.165967068761292
0	0	5248	0.165924581327935	0.165900077909677	0.165906189170519
0	0	5252	0.165863748968097	0.165839521958545	0.165845377273537
0	0	5256	0.165802984217584	0.165778534945206	0.165784632915795
0	0	5260	0.165742286914197	0.165718113954801	0.16572395599881
0	0	5264	0.165681656968055	0.165657261639485	0.165663346369351
0	0	5268	0.165621094217282	0.165596975106554	0.165602803929084
0	0	5272	0.16556059857267	0.165536256987124	0.165542328525607
0	0	5276	0.165500169873725	0.165476104410911	0.165481920061182
0	0	5280	0.165439808031102	0.165415519988286	0.165421578384412
0	0	5284	0.165379512884975	0.16535550087076	0.16536130339776
0	0	5288	0.16531928434706	0.165295049648213	0.165301094950775
0	0	5292	0.165259122258004	0.165235163493837	0.165240952946292
0	0	5296	0.165199026530003	0.165174844977334	0.165180877234861
0	0	5300	0.165138997004495	0.165115091293095	0.165120867719497
0	0	5304	0.165079033594316	0.165054904990923	0.165060924251721
0	0	5308	0.165019136141961	0.164995283286883	0.165001046735369
0	0	5312	0.164959304560118	0.164935228710208	0.164941235022342
0	0	5316	0.16489953869242	0.164875738498562	0.164881489017081
0	0	5320	0.164839838452377	0.164815815161084	0.164821808572333
0	0	5324	0.164780203683602	0.16475645595646	0.16476219359275
0	0	5328	0.164720634300782	0.164696663374356	0.164702643932231
0	0	5332	0.164661130147646	0.164637434694135	0.164643159495664
0	0	5336	0.164601691140152	0.164577772385821	0.164583740137649
0	0	5340	0.164542317122705	0.164518673750115	0.164524385764021
0	0	5344	0.164483008010725	0.164459141236838	0.164465096229699
0	0	5348	0.164423763650327	0.164400172167762	0.164405871441024
0	0	5352	0.164364583957602	0.164340768973314	0.164346711253978
0	0	5356	0.164305468778645	0.164281928995598	0.164287615574973
0	0	5360	0.164246418030574	0.164222654646168	0.164228584261157
0	0	5364	0.164187431559943	0.164163943286999	0.164169617219003
0	0	5368	0.164128509284193	0.164104797310976	0.164110714306618
0	0	5372	0.164069651051439	0.164046214100222	0.164051875431064
0	0	5376	0.164010856778902	0.163987196028815	0.163993100451174
0	0	5380	0.163952126315103	0.163928740498343	0.163934389274077
0	0	5384	0.163893459578569	0.163869849864898	0.163875741759795
0	0	5388	0.163834856418076	0.163811521549351	0.163817157815739
0	0	5392	0.163776316752835	0.163752757889684	0.163758637302727
0	0	5396	0.163717840432121	0.163694556326006	0.163700180128576
0	0	5400	0.163659427375834	0.163635919178183	0.163641786154768
0	0	5404	0.163601077433852	0.163577843905729	0.163583455289754
0	0	5408	0.163542790526402	0.163519332810418	0.163525187395685
0	0	5412	0.16348456650441	0.16346138337074	0.163466982381303
0	0	5416	0.163426405288273	0.163402997870857	0.163408840109704
0	0	5420	0.163368306729806	0.16334517380796	0.163350760489905
0	0	5424	0.163310270749913	0.163286913448831	0.16329274338592
0	0	5428	0.163252297200544	0.163229214308964	0.163234788706924
0	0	5432	0.163194386003995	0.163171078638084	0.163176896317861
0	0	5436	0.16313653701213	0.163113503969953	0.163119066128299
0	0	5440	0.163078750148206	0.163055492537286	0.163061298003966
0	0	5444	0.163021025264506	0.162998041891946	0.163003591854821
0	0	5448	0.162963362284906	0.162940154249519	0.162945947547137
0	0	5452	0.162905761061961	0.162882827180062	0.162888364991392
0	0	5456	0.16284822152072	0.162825062882456	0.162830844054762
0	0	5460	0.16279074351356	0.162767858944366	0.162773384647878
0	0	5464	0.162733326966713	0.162710217548245	0.16271598663879
0	0	5468	0.162675971732977	0.162653136299226	0.162658649938415
0	0	5472	0.162618677738858	0.162595617363453	0.162601374415579
0	0	5476	0.162561444838144	0.162538658363658	0.162544159981755
0	0	5480	0.162504272957682	0.162481261449466	0.162487006506299
0	0	5484	0.16244716195164	0.162424424261111	0.162429913901153
0	0	5488	0.162390111747454	0.162367148931715	0.162372882036191
0	0	5492	0.162333122200477	0.162310433119271	0.162315910824052
0	0	5496	0.162276193237805	0.162253278940573	0.162259000135343
0	0	5500	0.162219324715453	0.162196684070292	0.162202149882507
0	0	5504	0.162162516561785	0.162139650609964	0.162145359937462
0	0	5508	0.16210576863279	0.162083176250916	0.162088630212939
0	0	5512	0.162049080857647	0.162026263078963	0.162031960581446
0	0	5516	0.161992453092615	0.161969908802091	0.161975350956108
0	0	5520	0.161935885267443	0.161913115490572	0.161918801210093
0	0	5524	0.161879377239044	0.161856880868898	0.161862311256889
0	0	5528	0.161822928937676	0.161800206992107	0.161805880970486
0	0	5532	0.161766540220735	0.161744091601021	0.161749510264735
0	0	5536	0.161710211019246	0.161687536735298	0.161693199014175
0	0	5540	0.161653941190794	0.161631540152062	0.161636947133059
0	0	5544	0.161597730666741	0.161575103875805	0.161580754496611
0	0	5548	0.161541579306141	0.161519225680097	0.161524621019683
0	0	5552	0.161485487040112	0.161462907573996	0.161468546577949
0	0	5556	0.161429453728287	0.161407147347294	0.161412531086619
0	0	5560	0.161373479302371	0.161350946994146	0.161356574422223
0	0	5564	0.161317563622812	0.161295304320113	0.16130067650013
0	0	5568	0.161261706621427	0.161239221304769	0.161244837197749
0	0	5572	0.161205908159129	0.161183695768849	0.161189056430355
0	0	5576	0.161150168168742	0.161127729678213	0.161133334076637
0	0	5580	0.161094486511633	0.161072320868528	0.161077670052033
0	0	5584	0.161038863120377	0.161016471291391	0.161022064235682
0	0	5588	0.160983297857433	0.160961178797564	0.160966516543412
0	0	5592	0.160927790656209	0.16090544532487	0.160911026855208
0	0	5596	0.160872341379157	0.160850268738839	0.160855595087161
0	0	5600	0.160816949960277	0.160794650963583	0.160800221119955
0	0	5604	0.160761616262651	0.160739589879155	0.160744904869898
0	0	5608	0.160706340220666	0.160684087396387	0.160689646218569
0	0	5612	0.160651121697594	0.160629141409423	0.160634445082344
0	0	5616	0.160595960629452	0.160573753816125	0.160579301343696
0	0	5620	0.160540856878706	0.160518922524547	0.160524214919192
0	0	5624	0.160485810382431	0.160463649419646	0.160469185692014
0	0	5628	0.16043082100372	0.160408932423367	0.160414213579071
0	0	5632	0.16037588867974	0.16035377340756	0.160359298463977
0	0	5636	0.160321013274611	0.160299170308564	0.160304440264427
0	0	5640	0.160266194725499	0.160244124984859	0.160249638864357
0	0	5644	0.160211432897229	0.160189635386817	0.160194894181806
0	0	5648	0.160156727727286	0.160134703360002	0.160140206101412
0	0	5652	0.160102079081359	0.160080326868719	0.160085574541588
0	0	5656	0.160047486897005	0.160025507745616	0.160030999387574
0	0	5660	0.159992951040514	0.159971243968465	0.159976480557843
0	0	5664	0.159938471450039	0.159916537357912	0.159922017938809
0	0	5668	0.159884047992339	0.159862385904572	0.159867611448869
0	0	5672	0.159829680606143	0.159807791417103	0.159813260975198
0	0	5676	0.159775369158226	0.159753751899122	0.15975896643653
0	0	5680	0.159721113588318	0.159699269147217	0.159704727720591
0	0	5684	0.159666913763196	0.159645341177912	0.159650544746453
0	0	5688	0.159612769623487	0.159590969776078	0.159596417402601
0	0	5692	0.159558681036039	0.159537152970452	0.159542345608013
0	0	5696	0.159504647942447	0.15948289253494	0.159488329252282
0	0	5700	0.159450670209606	0.159429186510337	0.159434368254551
0	0	5704	0.159396747779634	0.159375036659137	0.159380462504847
0	0	5708	0.159342880520201	0.159321441034719	0.159326611923003
0	0	5712	0.159289068373407	0.159267401387761	0.159272816399222
0	0	5716	0.1592353112076	0.159213915784131	0.159219075853777
0	0	5720	0.159181608965638	0.159159985963289	0.159165390177645
0	0	5724	0.159127961515919	0.159106610003253	0.159111759291353
0	0	5728	0.159074368801877	0.159052789632225	0.159058183086452
0	0	5732	0.159020830692518	0.158999522940158	0.159004661483656
0	0	5736	0.158967347131333	0.158945811644378	0.15895119437527
0	0	5740	0.158913917988162	0.158892653846611	0.158897781682254
0	0	5744	0.158860543206975	0.158839051253323	0.158844423297509
0	0	5748	0.15880722265768	0.15878600197787	0.158791119142236
0	0	5752	0.158753956284877	0.158732507716143	0.158737869110059
0	0	5756	0.158700743959211	0.158679566593009	0.158684673122479
0	0	5760	0.15864758562552	0.158626180293799	0.15863153107371
0	0	5764	0.158594481154704	0.158573346954462	0.158578442885291
0	0	5768	0.158541430492166	0.158520068250375	0.158525408452353
0	0	5772	0.158488433509479	0.158467342328354	0.158472427696591
0	0	5776	0.15843549015211	0.158414170853754	0.158419500513729
0	0	5780	0.158382600292236	0.158361551984238	0.158366626825751
0	0	5784	0.158329763875495	0.15830848737508	0.158313806528834
0	0	5788	0.158276980775366	0.158255975195129	0.158261039545578
0	0	5792	0.158224250937303	0.158203017089359	0.158208325772489
0	0	5796	0.158171574234685	0.158150611237418	0.158155665132361
0	0	5800	0.158118950614039	0.158097759274795	0.158103057522668
0	0	5804	0.158066379949713	0.158045459391174	0.158050502866015
0	0	5808	0.158013862187702	0.157992713213122	0.157998001060933
0	0	5812	0.15796139720273	0.157940518939973	0.157945552029932
0	0	5816	0.157908984942037	0.157887878189257	0.157893155672107
0	0	5820	0.157856625280391	0.157835789170534	0.15784081191059
0	0	5824	0.157804318165265	0.157783253492009	0.157788520644817
0	0	5828	0.15775206347188	0.157731269373026	0.157736281798067
0	0	5832	0.157699861148457	0.157678838413121	0.157684095270606
0	0	5836	0.157647711070356	0.15762695884112	0.157631960985841
0	0	5840	0.157595613186115	0.157574632247866	0.157579878844615
0	0	5844	0.157543567372016	0.157522856871732	0.157527848770655
0	0	5848	0.157491573576459	0.157470634294882	0.157475870665314
0	0	5852	0.157439631676245	0.157418962765031	0.157423944452533
0	0	5856	0.157387741620316	0.15736684385604	0.15737207003439
0	0	5860	0.157335903285997	0.157315275824528	0.157320247334844
0	0	5864	0.157284116622633	0.157263260236583	0.1572684762569
0	0	5868	0.157232381507572	0.157211795357168	0.157216756724377
0	0	5872	0.157180697891038	0.157159882744864	0.157165088641068
0	0	5876	0.157129065650551	0.157108520673202	0.157113471931152
0	0	5880	0.15707748473661	0.157056710692765	0.157061906498664
0	0	5884	0.157025955027497	0.1570054510858	0.15701039226821
0	0	5888	0.156974476473686	0.156953743395253	0.156958929144443
0	0	5892	0.156923048954045	0.156902585911499	0.15690751705197
0	0	5896	0.156871672420033	0.15685098017042	0.156856155896326
0	0	5900	0.156820346750178	0.156799924470464	0.15680484560237
0	0	5904	0.156769071896142	0.156748420339817	0.156753586075783
0	0	5908	0.156717847737235	0.156697466085212	0.156702377241823
0	0	5912	0.156666674226073	0.156646063227713	0.156651219006868
0	0	5916	0.156615551241373	0.156595210082182	0.156600111296552
0	0	5920	0.156564478736756	0.156543908162154	0.156549054017507
0	0	5924	0.156513456591014	0.1564931557905	0.156498047095594
0	0	5928	0.156462484758638	0.156441954473878	0.156447090438232
0	0	5932	0.156411563118373	0.156391302542755	0.156396183971363
0	0	5936	0.156360691624856	0.156340201496894	0.156345327602937
0	0	5940	0.156309870157898	0.156289649674373	0.156294521259134
0	0	5944	0.156259098672081	0.156238648568376	0.156243764848608
0	0	5948	0.156208377047645	0.156188196523947	0.156193058297393
0	0	5952	0.156157705239963	0.156137295028372	0.15614240151513
0	0	5956	0.156107083128957	0.156086942433345	0.156091794427817
0	0	5960	0.156056510670639	0.156036140220047	0.156041236945577
0	0	5964	0.156005987745834	0.155985886747326	0.155990728994963
0	0	5968	0.155955514310211	0.15593518348973	0.155940270486159
0	0	5972	0.15590509024543	0.155885028813424	0.15588986134625
0	0	5976	0.155854715507464	0.155834424186903	0.155839501486115
0	0	5980	0.155804389977939	0.155784367982727	0.155789190832662
0	0	5984	0.155754113613596	0.155733861663648	0.155738929297434
0	0	5988	0.155703886296617	0.155683903608868	0.15568871680764
0	0	5992	0.155653707983912	0.155633495275479	0.155638553275445
0	0	5996	0.155603578557705	0.155583635048724	0.155588438627961
0	0	6000	0.155553497975658	0.155533324380522	0.15553837277814
0	0	6004	0.155503466120358	0.155483561662128	0.15548835565327
0	0	6008	0.155453482949775	0.155433348340184	0.155438387166793
0	0	6012	0.155403548346836	0.155383682811819	0.155388467246171
0	0	6016	0.155353662269684	0.155333566518464	0.155338595805286
0	0	6020	0.155303824601886	0.155283997863239	0.155288772771953
0	0	6024	0.155254035301857	0.155233978282539	0.155238998060612
0	0	6028	0.155204294253796	0.15518450618509	0.155189271599186
0	0	6032	0.155154601416034	0.155134583002472	0.155139593302705
0	0	6036	0.155104956673342	0.155085207148897	0.155089963099244
0	0	6040	0.155055359984318	0.155035380051223	0.155040380904377
0	0	6044	0.155005811234166	0.154986100128813	0.154990846646182
0	0	6048	0.154956310381859	0.15493636880432	0.15494136024101
0	0	6052	0.154906857312982	0.154887184502134	0.154891921617104
0	0	6056	0.154857451986711	0.154837548640546	0.154842530691264
0	0	6060	0.154808094289259	0.154788459648981	0.154793187391993
0	0	6064	0.154758784179957	0.154738918941225	0.154743891636358
0	0	6068	0.154709521545215	0.154689924952068	0.154694643353403
0	0	6072	0.154660306345033	0.154640479090793	0.154645442460554
0	0	6076	0.154611138465946	0.154591579796954	0.15459628888683
0	0	6080	0.154562017868512	0.154542228476235	0.154547182550646
0	0	6084	0.154512944439661	0.154493423572364	0.154498123380838
0	0	6088	0.154463918139781	0.1544441664875	0.154449111296486
0	0	6092	0.15441493885668	0.154395455669419	0.15440014622642
0	0	6096	0.154366006550993	0.154346292517039	0.154351228090397
0	0	6100	0.154317121110656	0.154297675482171	0.154302356817453
0	0	6104	0.154268282496684	0.15424860596034	0.154253532327742
0	0	6108	0.154219490597504	0.154200082407254	0.154204754550463
0	0	6112	0.15417074537469	0.154151106215424	0.154156023406394
0	0	6116	0.154122046716579	0.154102675844296	0.154107338824915
0	0	6120	0.154073394585173	0.154053792683297	0.154058700727236
0	0	6124	0.154024788869308	0.154005455195435	0.154010109042846
0	0	6128	0.153976229531179	0.153956664767268	0.153961563693454
0	0	6132	0.153927716460002	0.15390841986546	0.153913064608879
0	0	6136	0.153879249618331	0.15385972187385	0.153864611711388
0	0	6140	0.153830828895783	0.15381156926215	0.153816204930703
0	0	6144	0.153782454255127	0.15376296341173	0.15376784418964
0	0	6148	0.153734125586343	0.153714902795492	0.153719529418152
0	0	6152	0.153685842852676	0.153666388792642	0.153671260539755
0	0	6156	0.15363760594399	0.153618419878685	0.153623037484305
0	0	6160	0.153589414824563	0.153569997430618	0.15357486017571
0	0	6164	0.153541269383677	0.153522119927014	0.153526728544283
0	0	6168	0.153493169586734	0.153473788742483	0.15347864251419
0	0	6172	0.153445115323285	0.153426002358738	0.153430602016197
0	0	6176	0.153397106558735	0.15337776214788	0.153382606974702
0	0	6180	0.15334914318278	0.15333006659449	0.153334657320616
0	0	6184	0.153301225161474	0.153281917068785	0.153286752979053
0	0	6188	0.153253352385273	0.153234312057648	0.153238893880796
0	0	6192	0.153205524819522	0.153186252929796	0.153191079951718
0	0	6196	0.15315774235568	0.153138738174087	0.153143311122487
0	0	6200	0.153110004959696	0.153090769158148	0.153095587319791
0	0	6204	0.15306231252253	0.15304334437251	0.153047908474244
0	0	6208	0.153014665010651	0.152995465183552	0.153000274512918
0	0	6212	0.152967062315832	0.152948130083643	0.152952685366667
0	0	6216	0.152919504404422	0.152900340438148	0.152905140963092
0	0	6220	0.152871991168792	0.152853094741182	0.1528576412333
0	0	6224	0.152824522575618	0.152805394357033	0.152810186105282
0	0	6228	0.15277709851719	0.152758237781213	0.15276277551015
0	0	6232	0.15272971896062	0.152710626377243	0.152715409376419
0	0	6236	0.152682383798788	0.152663558642302	0.1526680876356
0	0	6240	0.152635092999074	0.152616035938766	0.15262081021638
0	0	6244	0.152587846454367	0.152569056765466	0.152573577050577
0	0	6248	0.15254064413271	0.152521622483989	0.152526388067388
0	0	6252	0.15249348592659	0.152474731594057	0.15247924319838
0	0	6256	0.152446371805389	0.152427385457316	0.15243214237371
0	0	6260	0.152399301661414	0.152380582574319	0.152385085525045
0	0	6264	0.152352275464219	0.152333324306251	0.152338072582783
0	0	6268	0.152305293106634	0.152286609154558	0.15229110347879
0	0	6272	0.152258354558171	0.152239438480301	0.152244178143975
0	0	6276	0.152211459712751	0.152192810785659	0.152197296510365
0	0	6280	0.152164608538942	0.152145727431611	0.15215045850931
0	0	6284	0.152117800932287	0.15209918692088	0.152103664072931
0	0	6288	0.152071036860956	0.152052190614859	0.152056913133304
0	0	6292	0.152024316220286	0.152005737016018	0.152010205622205
0	0	6296	0.151977638979754	0.151958827486463	0.151963541472325
0	0	6300	0.151931005034877	0.151912460529033	0.151916920615927
0	0	6304	0.151884414354885	0.151865637506022	0.151870342985847
0	0	6308	0.151837866835349	0.1518193569202	0.15182380851435
0	0	6312	0.151791362446742	0.151772620134887	0.151777317135064
0	0	6316	0.151744901084805	0.151726425652668	0.151730868780426
0	0	6320	0.151698482719528	0.151679774837358	0.151684463384214
0	0	6324	0.151652107247385	0.151633666191369	0.151638100879032
0	0	6328	0.151605774638823	0.151587101079613	0.15159178119931
0	0	6332	0.151559484790237	0.151541078003873	0.151545504277611
0	0	6336	0.151513237672848	0.151494598330222	0.151499270048842
0	0	6340	0.151467033182731	0.151448660559966	0.151453078445812
0	0	6344	0.151420871291983	0.151402266060253	0.151406929403759
0	0	6348	0.151374751896814	0.151356413331949	0.151360822855804
0	0	6352	0.151328674969063	0.151310103743023	0.1513147587373
0	0	6356	0.15128264040588	0.151264335793837	0.151268736981551
0	0	6360	0.15123664817953	0.151218110853931	0.15122275752467
0	0	6364	0.151190698186897	0.15117242742291	0.15117682030014
0	0	6368	0.15114479040034	0.151126286871109	0.151130925243991
0	0	6372	0.151098924717346	0.151080687697333	0.151085072289749
0	0	6376	0.151053101111413	0.151034631274435	0.15103926137485
0	0	6380	0.151007319479365	0.150989116099207	0.150993492432303
0	0	6384	0.150961579794318	0.150943143546272	0.150947765399686
0	0	6388	0.150915881954866	0.15089771211145	0.150902080210581
0	0	6392	0.15087022593385	0.150851823171431	0.150856436803092
0	0	6396	0.150824611629659	0.150806475220011	0.150810835110488
0	0	6400	0.150779039015856	0.150760669636485	0.150765275071566
0	0	6404	0.150733507990829	0.150715404912609	0.150719756619605
0	0	6408	0.150688018528971	0.150669682430534	0.150674279694076
0	0	6412	0.150642570528563	0.150624500679746	0.150628844228292
0	0	6416	0.150597163964036	0.150578861044857	0.150583450161867
0	0	6420	0.150551798734539	0.150533762013475	0.150538097428504
0	0	6424	0.150506474814306	0.150488204972882	0.150492785968209
0	0	6428	0.150461192103057	0.150443188408586	0.150447515714903
0	0	6432	0.150415950574624	0.150397713710254	0.150402286608686
0	0	6436	0.150370750129686	0.150352779361321	0.15035709858368
0	0	6440	0.150325590742843	0.150307386754786	0.150311951580895
0	0	6444	0.150280472313653	0.150262534370986	0.150266845534039
0	0	6448	0.150235394817641	0.150217223606217	0.15022178038457
0	0	6452	0.150190358155357	0.150172452938434	0.150176756066654
0	0	6456	0.15014536230132	0.150127223766786	0.150131772521838
0	0	6460	0.150100407156796	0.150082534566629	0.150086829684444
0	0	6464	0.15005549269731	0.150037386740452	0.15004192749653
0	0	6468	0.15001061882374	0.149992778761071	0.149997065892742
0	0	6472	0.149965785511624	0.149947712033878	0.149952244815225
0	0	6476	0.149920992662387	0.149903185028776	0.149907464198563
0	0	6480	0.149876240252327	0.149858199155262	0.149862723985932
0	0	6484	0.149831528182432	0.149813752879546	0.149818024111569
0	0	6488	0.149786856429561	0.14976884761531	0.149773364519297
0	0	6492	0.14974222489468	0.149724481824928	0.149728745143213
0	0	6496	0.149697633555122	0.149679656926332	0.149684165927574
0	0	6500	0.149653082312663	0.149635371378564	0.149639626806954
0	0	6504	0.149608571143941	0.149590626603372	0.149595127725695
0	0	6508	0.149564099951134	0.149546421056096	0.149550668618409
0	0	6512	0.149519668711767	0.14950175616284	0.14950624942996
0	0	6516	0.149475277327866	0.149457630375179	0.149461870095104
0	0	6520	0.149430925777338	0.149413045123747	0.149417530559247
0	0	6524	0.149386613962081	0.149368998855744	0.14937323075691
0	0	6528	0.149342341860314	0.149324493006592	0.149328970634001
0	0	6532	0.149298109375298	0.149280526019492	0.149284750125361
0	0	6536	0.149253916484502	0.149236099334734	0.149240569177416
0	0	6540	0.149209763090777	0.149192211390455	0.149196427724497
0	0	6544	0.149165649172884	0.14914786363237	0.149152325713663
0	0	6548	0.149121574634327	0.149104054494516	0.149108263079932
0	0	6552	0.149077539453238	0.149059785427063	0.149064239770205
0	0	6556	0.149033543532957	0.149016054859362	0.149020255719407
0	0	6560	0.148989586852823	0.148971864247047	0.148976310875152
0	0	6564	0.14894566931662	0.148928212014977	0.148932405172699
0	0	6568	0.148901790902958	0.148884099623624	0.148888538559728
0	0	6572	0.148857951516214	0.148840525492998	0.148844710971443
0	0	6576	0.148814151135983	0.148796491089543	0.148800922356498
0	0	6580	0.148770389665663	0.148752994827543	0.148757172649653
0	0	6584	0.148726667085414	0.148709038179175	0.148713461799863
0	0	6588	0.148682983299805	0.148665619553948	0.14866978974249
0	0	6592	0.148639338288611	0.148621740429671	0.148626156426793
0	0	6596	0.148595731956557	0.148578399210307	0.148582561788009
0	0	6600	0.148552164283407	0.148534597379557	0.148539005775771
0	0	6604	0.148508635174491	0.148491333335988	0.148495488325473
0	0	6608	0.148465144610122	0.148447608569387	0.148452009387223
0	0	6612	0.148421692495569	0.148404421472873	0.148408568896631
0	0	6616	0.148378278810812	0.148360773541824	0.148365166803775
0	0	6620	0.148334903461923	0.148317663163932	0.148321803044426
0	0	6624	0.148291566429758	0.148274091841259	0.148278477569602
0	0	6628	0.148248267619575	0.148231057955072	0.14823519031466
0	0	6632	0.148205007012566	0.148187563013887	0.148191941230921
0	0	6636	0.148161784514554	0.148144605393168	0.148148730254083
0	0	6640	0.148118600107114	0.148101186608029	0.148105557335903
0	0	6644	0.148075453696308	0.148058305027677	0.148062422412068
0	0	6648	0.148032345263369	0.148014962173761	0.148019325434574
0	0	6652	0.147989274714679	0.14797215640918	0.147976266339142
0	0	6656	0.147946242032631	0.147928889262965	0.147933245078639
0	0	6660	0.147903247123288	0.147886159091113	0.147890261588606
0	0	6664	0.147860289968491	0.147842967429567	0.147847315822038
0	0	6668	0.147817370475433	0.147800312627836	0.147804407714741
0	0	6672	0.147774488626294	0.147757196229162	0.147761537220211
0	0	6676	0.147731644328186	0.147714616576221	0.14771870427431
0	0	6680	0.147688837563119	0.147671575219299	0.147675908830674
0	0	6684	0.147646068238683	0.147629070494236	0.14763315082524
0	0	6688	0.147603336337965	0.147586103959287	0.147590430212537
0	0	6692	0.147560641767663	0.147543673942612	0.147547746928153
0	0	6696	0.147517984511221	0.147500782010051	0.147505100926771
0	0	6700	0.14747536447645	0.147458426483146	0.147462492144676
0	0	6704	0.147432781646382	0.147415608935104	0.147419920536716
0	0	6708	0.147390235928385	0.147373327679705	0.147377386038738
0	0	6712	0.1473477273068	0.147330584298543	0.147334888606397
0	0	6716	0.147305255689292	0.147288377098101	0.147292428175913
0	0	6720	0.147262821059395	0.14724570766749	0.147250004702873
0	0	6724	0.147220423325704	0.147203574305627	0.147207618123506
0	0	6728	0.147178062471896	0.147160978609952	0.147165268394032
0	0	6732	0.1471357384066	0.147118918871441	0.147122955450572
0	0	6736	0.14709345111424	0.147076396696071	0.147080679249918
0	0	6740	0.147051200502601	0.14703441036668	0.147038439728147
0	0	6744	0.147008986557364	0.14699196149761	0.146996236842262
0	0	6748	0.146966809186755	0.146950048364154	0.146954070528884
0	0	6752	0.146924668375193	0.146907672588506	0.146911940744919
0	0	6756	0.146882564032102	0.146865832437985	0.146869847426943
0	0	6760	0.146840496142145	0.146823529543738	0.146827790532704
0	0	6764	0.146798464615268	0.146781762164659	0.146785769998662
0	0	6768	0.146756469435732	0.146739531940812	0.14674378578305
0	0	6772	0.146714510513576	0.14669783712222	0.146701837822047
0	0	6776	0.14667258783365	0.146655679358082	0.146659926074292
0	0	6780	0.146630701306208	0.146614056890119	0.146618050476382
0	0	6784	0.146588850916821	0.1465719713765	0.14657621098724
0	0	6788	0.14654703657463	0.14653042104988	0.146534407543197
0	0	6792	0.146505258266136	0.146488407577865	0.146492640103653
0	0	6796	0.146463515901455	0.146446929184529	0.146450908605335
0	0	6800	0.146421809466324	0.146404987546596	0.146409213007835
0	0	6804	0.146380138870874	0.146363580878842	0.146367553247598
0	0	6808	0.146338504101722	0.146321710867816	0.146325929284841
0	0	6812	0.146296905069218	0.146280375719293	0.146284341056278
0	0	6816	0.146255341759813	0.146238577129257	0.146242788522312
0	0	6820	0.146213814084155	0.146197313293922	0.146201271619428
0	0	6824	0.146172322029214	0.146155585919646	0.146159790308858
0	0	6828	0.146130865505595	0.146114393192872	0.146118344527036
0	0	6832	0.146089444500006	0.146072736829715	0.146076934235217
0	0	6836	0.146048058924008	0.146031615007203	0.146035559370107
0	0	6840	0.146006708764372	0.145990029451724	0.145994219893488
0	0	6844	0.145965393932767	0.145948978330425	0.145952915742046
0	0	6848	0.145924114415832	0.145907463379581	0.145911646877585
0	0	6852	0.145882870125501	0.145866482756756	0.145870413237025
0	0	6856	0.145841661049753	0.145825038208878	0.145829214782903
0	0	6860	0.145800487099397	0.145784127883185	0.145788051451928
0	0	6864	0.145759348262447	0.145742753536757	0.145746923206633
0	0	6868	0.145718244451243	0.1457019133073	0.145705829984241
0	0	6872	0.145677175653239	0.145660608962179	0.145664771747575
0	0	6876	0.145636141780777	0.145619838628851	0.145623748433692
0	0	6880	0.145595142821688	0.145578604085515	0.145582760006015
0	0	6884	0.145554178688649	0.145537903448996	0.14554180640137
0	0	6888	0.145513249369739	0.145496738508734	0.145500887583832
0	0	6892	0.14547235477755	0.145456107370929	0.145460003490316
0	0	6896	0.145431494900556	0.145415011835454	0.145419154084682
0	0	6900	0.145390669651398	0.14537444999851	0.14537833930434
0	0	6904	0.145349879019048	0.145333423670952	0.145337559113638
0	0	6908	0.145309122916198	0.145292930938058	0.145296813449713
0	0	6912	0.145268401331554	0.145251973621942	0.145256102277383
0	0	6916	0.145227714178725	0.145211549797017	0.145215425533793
0	0	6920	0.145187061446491	0.145170661296902	0.145174783184283
0	0	6924	0.145146443048473	0.145130306184801	0.145134175165902
0	0	6928	0.145105858973368	0.145089486305771	0.145093601444251
0	0	6932	0.145065309135173	0.145049199711829	0.14505306195641
0	0	6936	0.145024793523292	0.145008448259986	0.145012556668592
0	0	6940	0.144984312051032	0.144968229990372	0.144972085517529
0	0	6944	0.14494386470858	0.144927546772317	0.144931648470031
0	0	6948	0.14490345140973	0.144887396634384	0.144891245463055
0	0	6952	0.144863072144287	0.144846781457756	0.144850876463496
0	0	6956	0.144822726825934	0.14480669925904	0.144810541408174
0	0	6960	0.144782415445344	0.144766151931999	0.144770240264592
0	0	6964	0.144742137916509	0.144726137481252	0.144729972969657
0	0	6968	0.144701894229822	0.144685657812998	0.144689739491192
0	0	6972	0.144661684299311	0.144645710919374	0.144649539765849
0	0	6976	0.144621508115672	0.144605298719495	0.144609373761982
0	0	6980	0.144581365594053	0.14456541919335	0.144569241416529
0	0	6984	0.144541256724277	0.144525074272514	0.144529142697916
0	0	6988	0.144501181421499	0.144485261924523	0.144489077543038
0	0	6992	0.144461139676575	0.144444984093714	0.144449045920608
0	0	6996	0.144421131404461	0.144405238735655	0.144409047767988
0	0	7000	0.144381156596336	0.144365027807157	0.144369083054003
0	0	7004	0.144341215167056	0.144325349251207	0.144329151715852
0	0	7008	0.144301307108182	0.144285205037646	0.14428925372284
0	0	7012	0.144261432334821	0.144245593097136	0.144249389012437
0	0	7016	0.144221590838617	0.14420551541209	0.144209557553972
0	0	7020	0.144181782534747	0.144165969900603	0.144169759284902
0	0	7024	0.144142007415063	0.144125958558211	0.144129994175031
0	0	7028	0.144102265395378	0.144086479290348	0.144090262161881
0	0	7032	0.144062556467142	0.144046534105805	0.144050563215711
0	0	7036	0.144022880546415	0.144007120896743	0.14401089727372
0	0	7040	0.143983237625024	0.143967241685538	0.143971264306644
0	0	7044	0.143943627619568	0.143927894351385	0.143931664251886
0	0	7048	0.143904050521472	0.143888080930096	0.143892097080429
0	0	7052	0.143864506247212	0.143848799287376	0.14385256272947
0	0	7056	0.143824994789779	0.143809051473232	0.143813061170716
0	0	7060	0.143785516064463	0.14376983533949	0.143773592341145
0	0	7064	0.143746070064479	0.14373015295009	0.143734156212658
0	0	7068	0.143706656706037	0.143691002143283	0.143694752722396
0	0	7072	0.143667275982543	0.143651384997505	0.143655381842923
0	0	7076	0.143627927809857	0.143612299336806	0.143616043511184
0	0	7080	0.14358861218138	0.143572747253417	0.143576737699536
0	0	7084	0.143549329014055	0.143533726558371	0.143537464345707
0	0	7088	0.143510078300869	0.143494239357688	0.143498223422175
0	0	7092	0.143470859958673	0.143455283448483	0.143459014866485
0	0	7096	0.143431673980906	0.143415860950943	0.143419838651441
0	0	7100	0.143392520284943	0.143376969648444	0.143380694714726
0	0	7104	0.143353398864359	0.143337611675738	0.143341583029741
0	0	7108	0.143314309636131	0.143298784801784	0.143302503533896
0	0	7112	0.143275252593776	0.143259491175682	0.143263456200717
0	0	7116	0.143236227655535	0.143220728552412	0.143224440967836
0	0	7120	0.143197234814858	0.143181499095959	0.143185457809388
0	0	7124	0.143158273989431	0.14314280054647	0.143146506662639
0	0	7128	0.14311934517307	0.1431036350829	0.143107587502086
0	0	7132	0.143080448284121	0.143065000430925	0.143068700265172
0	0	7136	0.143041583316643	0.143025898784471	0.143029844926684
0	0	7140	0.143002750188378	0.14298732785445	0.142991021424048
0	0	7144	0.142963948893983	0.142948289849831	0.142952229732298
0	0	7148	0.142925179351374	0.142909782466757	0.142913469788919
0	0	7152	0.142886441555564	0.142870807929588	0.142874741569427
0	0	7156	0.142847735424613	0.142832363919419	0.142836045011276
0	0	7160	0.142809060953025	0.142793452675521	0.142797380089878
0	0	7164	0.142770418059881	0.142755071864611	0.142758746743204
0	0	7168	0.142731806739487	0.142716223741081	0.142720144946945
0	0	7172	0.142693226910779	0.142677905956394	0.142681574638772
0	0	7176	0.142654678568965	0.142639120780713	0.14264303579501
0	0	7180	0.142616161632837	0.142600865850065	0.142604528353181
0	0	7184	0.142577676097443	0.142562143450446	0.142566052290041
0	0	7188	0.142539221881913	0.14252395120219	0.142527607542947
0	0	7192	0.142500798981557	0.142485291407281	0.142489194089006
0	0	7196	0.142462407315863	0.142447161670593	0.142450811865781
0	0	7200	0.142424046879986	0.142408564310057	0.142412460850651
0	0	7204	0.142385717593272	0.142370496914438	0.142374140980858
0	0	7208	0.142347419451659	0.142331961818247	0.14233585223439
0	0	7212	0.142309152374823	0.142293956594469	0.142297594548748
0	0	7216	0.142270916358433	0.14225548359352	0.142259367901857
0	0	7220	0.142232711321819	0.142217540372327	0.142221172231129
0	0	7224	0.142194537261623	0.142179129297829	0.142183007514928
0	0	7228	0.142156394097314	0.142141247911162	0.142144873690996
0	0	7232	0.142118281825407	0.14210289859543	0.142106770737784
0	0	7236	0.142080200365363	0.142065078875366	0.142068698592775
0	0	7240	0.142042149714002	0.142026791150887	0.142030657234938
0	0	7244	0.142004129791397	0.141989032930579	0.141992646601961
0	0	7248	0.141966140593793	0.141950806630831	0.141954666672951
0	0	7252	0.141928182041824	0.141913109743674	0.141916717385435
0	0	7256	0.141890254131794	0.141874944702537	0.14187879871903
0	0	7260	0.141852356784774	0.141837308982868	0.141840910611304
0	0	7264	0.141814489997171	0.141799205035166	0.141803053042253
0	0	7268	0.141776653689504	0.141761630317666	0.141765225949073
0	0	7272	0.141738847858942	0.141723587298488	0.141727429312348
0	0	7276	0.141701072426431	0.141686073418849	0.141689663069384
0	0	7280	0.141663327388893	0.141648091164103	0.141651927200872
0	0	7284	0.14162561266733	0.141610637958337	0.141614221644135
0	0	7288	0.141587928258928	0.141572716304355	0.141576546380116
0	0	7292	0.141550274085161	0.141535323609311	0.141538901346402
0	0	7296	0.14151265014301	0.141497462393291	0.141501286524055
0	0	7300	0.141475056353785	0.141460130046171	0.141463701850581
0	0	7304	0.141437492715662	0.141422329105853	0.141426147307542
0	0	7308	0.141399959149473	0.141385056944807	0.141388622832455
0	0	7312	0.141362455652926	0.141347316118448	0.141351128406971
0	0	7316	0.141324982147815	0.141310103981762	0.141313663968568
0	0	7320	0.141287538632287	0.141272423108517	0.141276229499637
0	0	7324	0.141250125027636	0.14123527083563	0.141238824937409
0	0	7328	0.141212741331915	0.141197649754714	0.141201450264256
0	0	7332	0.141175387467323	0.141160557185261	0.141164105417763
0	0	7336	0.141138063431913	0.141122995737087	0.141126790380717
0	0	7340	0.141100769147618	0.141085962711542	0.141089505090479
0	0	7344	0.141063504612889	0.141048460736689	0.141052249530076
0	0	7348	0.141026269749646	0.141011487095927	0.141015023636952
0	0	7352	0.140989064556985	0.140974044435955	0.140977827394647
0	0	7356	0.140951888956553	0.140937130021631	0.140940660740341
0	0	7360	0.140914742947274	0.140899746518243	0.140903523657796
0	0	7364	0.140877626451744	0.140862891172576	0.140866416084476
0	0	7368	0.140840539468874	0.140825566668554	0.140829338004414
0	0	7372	0.140803481920678	0.140788770234174	0.140792289354771
0	0	7376	0.140766453806686	0.140751504572479	0.14075527012006
0	0	7380	0.140729455049409	0.140714766892791	0.140718280237487
0	0	7384	0.140692485648041	0.140677559917216	0.140681319691863
0	0	7388	0.140655545525577	0.140640880836327	0.140644388420456
0	0	7392	0.140618634680872	0.140603732390991	0.140607486408044
0	0	7396	0.140581753037197	0.140567111753243	0.140570613592104
0	0	7400	0.14054490059415	0.140530021683192	0.14053376995786
0	0	7404	0.140508077274648	0.140493459333861	0.140496955442686
0	0	7408	0.140471283078477	0.140456427484484	0.140460170031969
0	0	7412	0.140434517928562	0.140419923269072	0.140423413663063
0	0	7416	0.140397781825178	0.140382949486549	0.140386686321935
0	0	7420	0.140361074691002	0.140346503251226	0.140349987945554
0	0	7424	0.140324396526617	0.140309587381969	0.140313318520333
0	0	7428	0.140287747255118	0.140273198973848	0.140276677983527
0	0	7432	0.140251126876992	0.140236340865018	0.140240066321411
0	0	7436	0.140214535315348	0.140200010131406	0.140203483471445
0	0	7440	0.140177972570936	0.14016320963072	0.140166929420109
0	0	7444	0.140141438567178	0.14012693641965	0.14013040410499
0	0	7448	0.140104933304618	0.140090193375446	0.140093907512738
0	0	7452	0.140068456707363	0.140053977535505	0.140057439581036
0	0	7456	0.14003200877527	0.140017291796588	0.140021000296651
0	0	7460	0.139995589433091	0.139981133176602	0.139984589597204
0	0	7464	0.139959198681262	0.139944504592613	0.139948207470183
0	0	7468	0.139922836443496	0.139908403042209	0.139911853852716
0	0	7472	0.139886502721676	0.139871831463092	0.139875528732882
0	0	7476	0.139850197439017	0.139835786832635	0.139839232047774
0	0	7480	0.139813920596998	0.139799272108835	0.139802963785556
0	0	7484	0.139777672119987	0.139763284248975	0.13976672388343
0	0	7488	0.139741452009139	0.139726826231615	0.139730512329891
0	0	7492	0.139705260189145	0.139690894993745	0.139694329062138
0	0	7496	0.139669096660756	0.139654493534353	0.139658174068781
0	0	7500	0.139632961349131	0.139618618770265	0.139622047287169
0	0	7504	0.139596854255624	0.139582273721066	0.139585948706164
0	0	7508	0.13956077530479	0.139546455283235	0.139549878263158
0	0	7512	0.139524724498414	0.139510166496934	0.139513835947183
0	0	7516	0.139488701761281	0.139474404238186	0.139477821695611
0	0	7520	0.139452707095073	0.13943817156802	0.139441835497831
0	0	7524	0.139416740425331	0.139402465341797	0.139405877291149
0	0	7528	0.139380801753295	0.139366288641833	0.139369947065519
0	0	7532	0.13934489100432	0.139330638302137	0.139334044757817
0	0	7536	0.139309008180717	0.139294517426495	0.139298170358377
0	0	7540	0.139273153207329	0.139258922828044	0.139262323804324
0	0	7544	0.139237326086276	0.139222857631546	0.139226505085919
0	0	7548	0.139201526743473	0.13918731862912	0.139190714140288
0	0	7552	0.139165755180904	0.139151308967422	0.139154950958427
0	0	7556	0.139130011323987	0.139115825416802	0.139119215477079
0	0	7560	0.139094295175665	0.13907987114573	0.139083507687528
0	0	7564	0.139058606660671	0.139044442902975	0.139047827526525
0	0	7568	0.139022945782472	0.139008543878764	0.139012174985489
0	0	7572	0.13898731246629	0.138973170800725	0.138976550001596
0	0	7576	0.138951706715152	0.138937326880418	0.138940952566147
0	0	7580	0.138916128454958	0.138902008824172	0.138905382616419
0	0	7584	0.138880577688398	0.138866219865393	0.138869840144101
0	0	7588	0.138845054341463	0.138830956688603	0.138834325086248
0	0	7592	0.138809558417322	0.138795222549276	0.138798837434915
0	0	7596	0.138774089841734	0.138760014110081	0.13876337712709
0	0	7600	0.138738648618508	0.138724334648807	0.138727944155252
0	0	7604	0.138703234673303	0.138689180806003	0.138692538456277
0	0	7608	0.138667848009539	0.138653555881858	0.138657160022951
0	0	7612	0.138632488553702	0.138618456494559	0.138621808791972
0	0	7616	0.138597156309458	0.138582885967246	0.138586484756742
0	0	7620	0.138561851202449	0.138547840895263	0.138551187853637
0	0	7624	0.138526573237164	0.138512324624618	0.138515918076289
0	0	7628	0.138491322339443	0.13847733372835	0.138480675361394
0	0	7632	0.138456098513638	0.138441871574874	0.138445459702456
0	0	7636	0.13842090168625	0.138406934715164	0.138410271036539
0	0	7640	0.13838573186034	0.138371526539802	0.13837510935699
0	0	7644	0.138350588964157	0.138336643577841	0.138339974601181
0	0	7648	0.138315473000551	0.138301289242456	0.138304866762811
0	0	7652	0.138280383896607	0.138266460039829	0.138269785778791
0	0	7656	0.138245321657058	0.138231159406435	0.138234731643481
0	0	7660	0.138210286208296	0.138196383825537	0.138199704293669
0	0	7664	0.138175277554956	0.138161136756729	0.138164703723965
0	0	7668	0.138140295623926	0.138126414660359	0.13812972987116
0	0	7672	0.138105340419468	0.138091221018968	0.138094782729892
0	0	7676	0.138070411869588	0.138056552270435	0.138059862237321
0	0	7680	0.138035509977948	0.138021411920186	0.138024968388194
0	0	7684	0.138000634672314	0.137986796383118	0.137990101119523
0	0	7688	0.137965785957476	0.137951709188143	0.137955260426563
0	0	7692	0.137930963760498	0.137917146726778	0.137920446246077
0	0	7696	0.137896168086555	0.13788211255153	0.137885658573671
0	0	7700	0.137861398863078	0.137847603030569	0.137850897346078
0	0	7704	0.137826656094804	0.137812621740054	0.137816162559176
0	0	7708	0.137791939709945	0.137778165024719	0.137781454149695
0	0	7712	0.137757249712956	0.137743236484502	0.137746772113811
0	0	7716	0.137722586032131	0.13770883244049	0.137712116388157
0	0	7720	0.137687948672517	0.137673956516565	0.137677486969218
0	0	7724	0.137653337561803	0.137639605009927	0.137642883793479
0	0	7728	0.137618752705625	0.137604781568864	0.137608306857947
0	0	7732	0.137584194031615	0.137570482466248	0.137573756098826
0	0	7736	0.137549661545632	0.137535711374824	0.137539231513423
0	0	7740	0.137515155175593	0.137501464543451	0.137504733038107
0	0	7744	0.137480674926956	0.137466745669084	0.137470260670241
0	0	7748	0.137446220728241	0.137432550976494	0.137435814346254
0	0	7752	0.137411792585307	0.137397884187082	0.13740139406377
0	0	7756	0.137377390425911	0.137363741501577	0.137366999759387
0	0	7760	0.137343014256436	0.137329126665386	0.13733263143058
0	0	7764	0.137308664004856	0.137295035855216	0.137298289014031
0	0	7768	0.137274339677449	0.137260472841139	0.1372639725077
0	0	7772	0.137240041202781	0.137226433775371	0.137229681848089
0	0	7776	0.137205768586781	0.137191922452735	0.137195417033491
0	0	7780	0.137171521758133	0.13715793500082	0.137161178000297
0	0	7784	0.13713730072319	0.137123475239369	0.13712696474711
0	0	7788	0.137103105410751	0.137089539271222	0.137092777210259
0	0	7792	0.137068935826677	0.137055130941084	0.137058615388576
0	0	7796	0.137034791900792	0.137021246327221	0.137024479218546
0	0	7800	0.137000673638641	0.136986889299288	0.136990368699212
0	0	7804	0.136966580969592	0.136953055910328	0.1369562837667
0	0	7808	0.136932513900267	0.136918750055583	0.136922224420591
0	0	7812	0.136898472359359	0.13688496776295	0.13688819059702
0	0	7816	0.136864456354413	0.136850712952989	0.136854182295703
0	0	7820	0.136830465813562	0.136816981628461	0.13682019945284
0	0	7824	0.136796500744161	0.136782777735149	0.136786242068176
0	0	7828	0.136762561076144	0.136749097251017	0.136752310078241
0	0	7832	0.136728646815362	0.13671494414718	0.136718403483014
0	0	7836	0.136694757891629	0.136681314375799	0.136684522218472
0	0	7840	0.136660894312289	0.13664721193421	0.136650666285311
0	0	7844	0.136627056006358	0.136613632748943	0.136616835619525
0	0	7848	0.136593242981473	0.136579580842903	0.136583030221743
0	0	7852	0.136559455167103	0.136546052117266	0.136549250028182
0	0	7856	0.136525692570277	0.136512050620725	0.13651549503969
0	0	7860	0.136491955121285	0.136478572228557	0.13648176519224
0	0	7864	0.136458242826866	0.136444621015875	0.136448060487276
0	0	7868	0.136424555617317	0.136411192831597	0.136414380860432
0	0	7872	0.13639089350006	0.136377291777375	0.13638072631352
0	0	7876	0.136357256404629	0.13634391367597	0.136347096782252
0	0	7880	0.136323644339574	0.136310062655323	0.136313492268496
0	0	7884	0.136290057234332	0.136276734512341	0.136279912708285
0	0	7888	0.136256495096432	0.136242933400744	0.136246358103221
0	0	7892	0.136222957856444	0.136209655091719	0.136212828389553
0	0	7896	0.136189445522124	0.13617590376534	0.136179323569273
0	0	7900	0.136155958023598	0.136142675166384	0.136145843578326
0	0	7904	0.136122495369166	0.136108973501762	0.136112388419253
0	0	7908	0.136089057488604	0.136075794489595	0.13607895802779
0	0	7912	0.136055644390629	0.13604214236336	0.136045552406543
0	0	7916	0.136022256005264	0.136009012815071	0.136012171491583
0	0	7920	0.135988892340843	0.135975410104689	0.135978815285613
0	0	7924	0.135955553328082	0.135942329897726	0.135945483724622
0	0	7928	0.1359222389751	0.13590877648088	0.13591217681156
0	0	7932	0.135888949212471	0.135875745493095	0.135878894482395
0	0	7936	0.13585568404898	0.135842241247993	0.135845636740385
0	0	7940	0.13582244341504	0.135809259357815	0.135812403521481
0	0	7944	0.135789227319451	0.135775804163069	0.135779194829105
0	0	7948	0.135756035692861	0.135742871249101	0.135746010599088
0	0	7952	0.135722868543654	0.135709464983682	0.135712850835239
0	0	7956	0.135689725803595	0.13567658092502	0.135679715473236
0	0	7960	0.135656607480616	0.135643223468572	0.135646604517447
0	0	7964	0.135623513506407	0.135610388144915	0.135613517903223
0	0	7968	0.135590443889347	0.135577079377102	0.135580455635118
0	0	7972	0.135557398561202	0.13554429266849	0.135547417648677
0	0	7976	0.135524377529954	0.13551103246955	0.135514403948491
0	0	7980	0.135491380727901	0.13547829425636	0.135481414470189
0	0	7984	0.135458408163371	0.135445082506922	0.135448449218518
0	0	7988	0.135425459768272	0.135412392670059	0.135415508129237
0	0	7992	0.135392535551409	0.13537922925143	0.13538259120734
0	0	7996	0.135359635444142	0.135346587671808	0.135349698388094
0	0	8000	0.135326759456516	0.135313472465443	0.135316829677269
0	0	8004	0.13529390751939	0.135280879025143	0.135283985010135
0	0	8008	0.135261079642028	0.135247811912743	0.135251164392149
0	0	8012	0.135228275756797	0.135215266493739	0.135218367759016
0	0	8016	0.13519549587219	0.135182247357625	0.135185595116191
0	0	8020	0.135162739921308	0.135149749842275	0.13515284639941
0	0	8024	0.135130007912522	0.135116778565461	0.135120121614654
0	0	8028	0.135097299778339	0.13508432883648	0.13508742069706
0	0	8032	0.135064615528268	0.135051405301923	0.135054743653213
0	0	8036	0.135031955094348	0.135019003242826	0.135022090418305
0	0	8040	0.134999318485948	0.134986127333955	0.134989460998818
0	0	8044	0.134966705636287	0.134953772828461	0.134956855330259
0	0	8048	0.134934116553786	0.134920944429311	0.134924273419151
0	0	8052	0.134901551171689	0.134888637361351	0.134891715200896
0	0	8056	0.134869009499343	0.13485585635617	0.134859180682352
0	0	8060	0.134836491469412	0.134823596610184	0.134826669798852
0	0	8064	0.134803997091748	0.134790862883843	0.13479418255766
0	0	8068	0.134771526299003	0.134758650344634	0.134761718893785
0	0	8072	0.134739079100854	0.134725963782227	0.13472927881495
0	0	8076	0.13470665543051	0.134693798335085	0.134696862256017
0	0	8080	0.134674255297666	0.134661158822149	0.134664469225014
0	0	8084	0.134641878634848	0.134629040352829	0.134632099656783
0	0	8088	0.134609525452844	0.134596447775006	0.134599753559271
0	0	8092	0.134577195683762	0.134564376169419	0.1345674308676
0	0	8096	0.134544889339065	0.134531830413221	0.134535131590027
0	0	8100	0.134512606350387	0.134499805557976	0.134502855661549
0	0	8104	0.134480346728816	0.134467306509796	0.134470603090332
0	0	8108	0.134448110407426	0.134435328291756	0.134438373811815
0	0	8112	0.134415897396431	0.134402875838829	0.134406167834186
0	0	8116	0.13438370762899	0.134370944144899	0.134373985092596
0	0	8120	0.134351541115898	0.13433853817474	0.134341825595931
0	0	8124	0.134319397790049	0.134306652892511	0.134309689278939
0	0	8128	0.134287277662646	0.134274293292954	0.134277576150976
0	0	8132	0.13425518066649	0.134242454310656	0.134245486146811
0	0	8136	0.13422310681266	0.134210140969638	0.134213419275538
0	0	8140	0.134191056034467	0.13417834817556	0.134181375472393
0	0	8144	0.134159028342913	0.13414608098193	0.134149354746633
0	0	8148	0.134127023671135	0.134114334264606	0.134117357033116
0	0	8152	0.134095042030367	0.134082113107165	0.134085382341573
0	0	8156	0.134063083354418	0.134050412355795	0.134053430606881
0	0	8160	0.134031147654067	0.134018237124012	0.134021501838983
0	0	8164	0.133999234862776	0.133986582227992	0.133989595972554
0	0	8168	0.133967344992368	0.133954452811471	0.133957713017842
0	0	8172	0.133935477976138	0.133922843660796	0.133925852909648
0	0	8176	0.133903633825502	0.133890759949797	0.133894015658354
0	0	8180	0.133871812474145	0.133859196434418	0.133862201198416
0	0	8184	0.133840013933895	0.133827158319298	0.133830409540783
0	0	8188	0.133808238138099	0.133795640330026	0.133798640619912
0	0	8192	0.133776485098542	0.133763647701491	0.133766894446665
0	0	8196	0.133744754749136	0.133732175129171	0.133735170955672
0	0	8200	0.133713047101298	0.133700227878417	0.133703470157973
0	0	8204	0.133681362089884	0.133668800614417	0.133671791988218
0	0	8208	0.133649699725634	0.133636898633237	0.133640136457791
0	0	8212	0.133618059943293	0.13360551656911	0.133608503500919
0	0	8216	0.133586442754485	0.133573659749289	0.133576893129452
0	0	8220	0.133554848093449	0.133542322777248	0.133545305277663
0	0	8224	0.133523275971995	0.133510511010884	0.133513739957282
0	0	8228	0.133491726324476	0.133479219023252	0.133482197102848
0	0	8232	0.133460199163354	0.133447452203265	0.133450676726409
0	0	8236	0.133428694422196	0.133416205092853	0.133419178762199
0	0	8240	0.133397212113667	0.133384483111996	0.133387703222425
0	0	8244	0.133365752172168	0.13335328077194	0.133356250041535
0	0	8248	0.133334314610149	0.133321603523785	0.133324819231951
0	0	8252	0.133302899361495	0.133290445847609	0.133293410727941
0	0	8256	0.133271506438893	0.133258813225666	0.13326202454204
0	0	8260	0.133240135776908	0.133227700107086	0.133230660608608
0	0	8264	0.13320878738844	0.133196112005665	0.133199318940611
0	0	8268	0.133177461207385	0.133165043338979	0.133167999472112
0	0	8272	0.133146157246498	0.133133499652264	0.133136702216187
0	0	8276	0.133114875440858	0.13310247533193	0.133105427107048
0	0	8280	0.133083615803133	0.133070975954895	0.1330741741581
0	0	8284	0.133052378267753	0.133039995875859	0.133042943303317
0	0	8288	0.133021162847382	0.133008540703491	0.133011734556295
0	0	8292	0.13298996947764	0.132977604761096	0.132980547851177
0	0	8296	0.132958798170616	0.132946193688912	0.132949383201593
0	0	8300	0.132927648861771	0.132915301778626	0.132918240541621
0	0	8304	0.132896521563557	0.132883934702436	0.132887119885219
0	0	8308	0.132865416211322	0.132853086720197	0.132856021166355
0	0	8312	0.132834332818424	0.132821763536218	0.132824944399288
0	0	8316	0.132803271319532	0.13279095937842	0.132793889517935
0	0	8320	0.132772231727723	0.132759679983181	0.13276285653671
0	0	8324	0.132741213978797	0.132728919546446	0.132731845389493
0	0	8328	0.132710218085055	0.132697683836759	0.132700856090884
0	0	8332	0.132679243982629	0.132666967017906	0.132669888574648
0	0	8336	0.13264829168412	0.132635774890899	0.132638942855715
0	0	8340	0.132617361125469	0.132605101587332	0.132608018867864
0	0	8344	0.132586452319817	0.13257395294065	0.13257711662621
0	0	8348	0.132555565202725	0.132543323050082	0.13254623606447
0	0	8352	0.132524699787351	0.13251221778146	0.132515377197824
0	0	8356	0.132493856010027	0.132481631201895	0.132484539960161
0	0	8360	0.132463033883325	0.132450569209709	0.132453724366859
0	0	8364	0.132432233343416	0.132420025839291	0.132422930351484
0	0	8368	0.132401454403771	0.132389007021995	0.132392157929886
0	0	8372	0.132370697000478	0.132358506759562	0.132361407035634
0	0	8376	0.132339961146741	0.13232753101621	0.132330677684756
0	0	8380	0.132309246778752	0.132297073760622	0.132299969810548
0	0	8384	0.132278553909939	0.132266140990347	0.132269283429442
0	0	8388	0.132247882476647	0.132235726640993	0.132238618474675
0	0	8392	0.132217232492121	0.132204836743247	0.132207974962776
0	0	8396	0.13218660389317	0.132174465199872	0.132177352827161
0	0	8400	0.132155996692879	0.132143618074628	0.132146752084428
0	0	8404	0.132125410827994	0.132113289237045	0.132116172667812
0	0	8408	0.132094846312126	0.132082484784407	0.132085614594277
0	0	8412	0.132064303081717	0.132052198553086	0.132055077797119
0	0	8416	0.132033781150387	0.132021436673629	0.132024562293348
0	0	8420	0.132003280455216	0.131991192949154	0.131994068016237
0	0	8424	0.131972801009789	0.131960473543858	0.13196359498314
0	0	8428	0.13194234275023	0.131930272227219	0.131933143127112
0	0	8432	0.131911905691506	0.131899595197035	0.131902712465616
0	0	8436	0.131881489769254	0.131869436189615	0.131872302931996
0	0	8440	0.131851094998293	0.131838801436052	0.131841914543633
0	0	8444	0.131820721315279	0.131808684639447	0.131811547233989
0	0	8448	0.131790368733812	0.13177809206436	0.131781201020584
0	0	8452	0.13176003719151	0.131748017380504	0.131750875836858
0	0	8456	0.131729726702091	0.13171746688611	0.131720571700578
0	0	8460	0.13169943720251	0.131687434217071	0.131690288544899
0	0	8464	0.131669168707468	0.131656925705982	0.131660026388222
0	0	8468	0.13163892115346	0.131626934954516	0.131629785163405
0	0	8472	0.131608694555079	0.131596468329274	0.131599564888877
0	0	8476	0.131578488849292	0.13156651939811	0.131569365497622
0	0	8480	0.131548304051106	0.131536094562014	0.131539187008461
0	0	8484	0.131518140096853	0.13150618735446	0.131509029354129
0	0	8488	0.131487997001974	0.131475804210934	0.131478892553707
0	0	8492	0.131457874702655	0.131445938630501	0.131448776539829
0	0	8496	0.131427773214424	0.131415597082956	0.13141868133156
0	0	8500	0.131397692474238	0.131385773033712	0.131388606862091
0	0	8504	0.131367632496719	0.13135547298644	0.131358553150305
0	0	8508	0.131337593219281	0.131325690372221	0.131328520129137
0	0	8512	0.131307574657009	0.131295431729488	0.131298507817991
0	0	8516	0.131277576746874	0.131265690454873	0.13126851614972
0	0	8520	0.131247599504296	0.131235473121412	0.131238545143914
0	0	8524	0.131217642866149	0.131205773091101	0.131208594733267
0	0	8528	0.131187706848217	0.131175596971883	0.131178664937706
0	0	8532	0.131157791387222	0.131145938091048	0.131148755689866
0	0	8536	0.131127896498771	0.131115803091232	0.131118867009707
0	0	8540	0.131098022120604	0.131086185265265	0.131088998830031
0	0	8544	0.131068168267416	0.131056091290583	0.13105915117097
0	0	8548	0.131038334877009	0.131026514424967	0.131029323965009
0	0	8552	0.131008521964954	0.130996461381279	0.130999517232799
0	0	8556	0.130978729468377	0.130966925382045	0.130969730906622
0	0	8560	0.130948957403724	0.130936913175631	0.130939965007475
0	0	8564	0.130919205707791	0.130907417949221	0.130910219467546
0	0	8568	0.130889474396016	0.130877446486305	0.130880494307713
0	0	8572	0.130859763407129	0.130847991939312	0.130850789460543
0	0	8576	0.130830072756141	0.130818061127028	0.13082110494712
0	0	8580	0.130800402380686	0.130788647166192	0.130791440699546
0	0	8584	0.130770752296784	0.13075875691141	0.130761796739314
0	0	8588	0.130741122442234	0.130729383443924	0.130732172998531
0	0	8592	0.130711512833123	0.130699533654187	0.130702569498979
0	0	8596	0.130681923406828	0.130670200587737	0.130672986172685
0	0	8600	0.130652354179753	0.130640391170482	0.130643423041281
0	0	8604	0.130622805089953	0.130611098412841	0.130613880037172
0	0	8608	0.13059327615291	0.130581329276287	0.130584357182114
0	0	8612	0.130563767307161	0.13055207673539	0.130554854408191
0	0	8616	0.130534278568234	0.130522347787672	0.130525371737536
0	0	8620	0.130504809874975	0.130493135372009	0.130495909102278
0	0	8624	0.130475361243151	0.130463446521744	0.130466466524629
0	0	8628	0.130445932610612	0.130434274139938	0.13043704393667
0	0	8632	0.130416523994211	0.130404625295804	0.130407641360689
0	0	8636	0.130387135332099	0.130375492857058	0.130378258729158
0	0	8640	0.130357766640499	0.130345883928389	0.130348896064207
0	0	8644	0.130328417857532	0.13031679134171	0.130319553298142
0	0	8648	0.130299088999696	0.130287222237988	0.130290230453604
0	0	8652	0.130269780005572	0.13025816941278	0.13026092746249
0	0	8656	0.130240490891473	0.130228640043935	0.130231644348154
0	0	8660	0.130211221595978	0.130199626890122	0.130202381042012
0	0	8664	0.13018197213527	0.130170137165845	0.130173137567545
0	0	8668	0.130152742448658	0.130141163593768	0.130143913856623
0	0	8672	0.130123532552014	0.130111713424559	0.130114709932556
0	0	8676	0.130094342384049	0.130082779344329	0.130085525727011
0	0	8680	0.130065171961873	0.130053368640707	0.130056361263768
0	0	8684	0.130036021223751	0.130024473963254	0.130027216474523
0	0	8688	0.130006890186371	0.129995102635966	0.129998091382888
0	0	8692	0.129977778789116	0.129966247272215	0.129968985920814
0	0	8696	0.129948687047866	0.129936915232572	0.129939900112068
0	0	8700	0.129919614902257	0.129908099093536	0.12991083388825
0	0	8704	0.129890562368945	0.129878806253156	0.129881787273861
0	0	8708	0.129861529386476	0.129850029250477	0.129852760200037
0	0	8712	0.129832515972279	0.129820775520781	0.129823752691402
0	0	8716	0.129803522065216	0.129792037566443	0.129794764679477
0	0	8720	0.129774547682085	0.129762822859546	0.129765796188743
0	0	8724	0.129745592762004	0.129734123865541	0.12973684715071
0	0	8728	0.129716657322288	0.129704948093724	0.129707917590105
0	0	8732	0.129687741302187	0.129676287972482	0.129679007438406
0	0	8736	0.129658844717887	0.12964715104828	0.129650116720444
0	0	8740	0.129629967509735	0.129618529712284	0.129621245367582
0	0	8744	0.129601109694482	0.129589431548626	0.129592393405103
0	0	8748	0.129572271211148	0.129560848910906	0.129563560764152
0	0	8752	0.129543452077427	0.129531789420804	0.129534747470142
0	0	8756	0.129514652232274	0.12950324539462	0.129505953454339
0	0	8760	0.129485871693546	0.129474224491402	0.129477178742131
0	0	8764	0.129457110400353	0.129445718990165	0.129448423264869
0	0	8768	0.129428368369725	0.129416736587527	0.129419687048126
0	0	8772	0.129399645541744	0.129388269524969	0.129390970023155
0	0	8776	0.129370941933706	0.129359325536868	0.129362272215781
0	0	8780	0.129342257485173	0.129330896827139	0.12933359355725
0	0	8784	0.129313592213159	0.129301991167585	0.129304934073285
0	0	8788	0.129284946058532	0.129273600724925	0.129276293695381
0	0	8792	0.129256319037632	0.129244733308682	0.129247672449529
0	0	8796	0.129227711090802	0.129216381047449	0.129219070266718
0	0	8800	0.129199122235438	0.129187551789146	0.129190487173496
0	0	8804	0.129170552411358	0.129159237624267	0.12916192310073
0	0	8808	0.129142001636726	0.129130446438944	0.129133378075143
0	0	8812	0.129113469850552	0.129102170285505	0.129104852027522
0	0	8816	0.129084957071285	0.129073417088312	0.129076344984699
0	0	8820	0.129056463238565	0.129045178861697	0.129047856877585
0	0	8824	0.129027988370464	0.129016463568303	0.129019387733163
0	0	8828	0.128999532406627	0.12898826318414	0.128990937482211
0	0	8832	0.128971095365227	0.128959585710215	0.128962506151835
0	0	8836	0.128942677186024	0.128931423084234	0.128934093672782
0	0	8840	0.128914277887388	0.128902783345968	0.128905700072563
0	0	8844	0.128885897409196	0.128874658394489	0.128877325281759
0	0	8848	0.128857535769295	0.128846056308068	0.128848969327885
0	0	8852	0.128829192908408	0.128817968947249	0.128820632141492
0	0	8856	0.128800868844131	0.128789404429548	0.128792313750713
0	0	8860	0.128772563517113	0.12876135457619	0.128764014085632
0	0	8864	0.128744276945042	0.128732827543764	0.128735733174481
0	0	8868	0.128716009068866	0.128704815114952	0.128707470947718
0	0	8872	0.128687759906014	0.128676325484856	0.128679227433309
0	0	8876	0.128659529397706	0.128648350397702	0.128651002561931
0	0	8880	0.128631317561541	0.128619898087386	0.128622796361686
0	0	8884	0.128603124338564	0.128591960259238	0.128594608763077
0	0	8888	0.128574949746595	0.128563545186391	0.128566439794604
0	0	8892	0.128546793726246	0.128535644534909	0.128538289386484
0	0	8896	0.128518656296334	0.128507266617238	0.128510157567441
0	0	8900	0.128490537397033	0.128479403060553	0.1284820442679
0	0	8904	0.128462437046984	0.128451062216356	0.128453949516588
0	0	8908	0.128434355186934	0.12842323567247	0.128425873243677
0	0	8912	0.128406291834776	0.128394931819975	0.128397815478255
0	0	8916	0.128378246932451	0.128367142207515	0.128369776150583
0	0	8920	0.128350220497461	0.128338875265552	0.128341755289855
0	0	8924	0.128322212470878	0.128311122503039	0.128313752826011
0	0	8928	0.128294222871737	0.128282892390271	0.128285768788572
0	0	8932	0.128266251640173	0.128255176396889	0.128257803107698
0	0	8936	0.12823829879575	0.128226983032566	0.128229855812821
0	0	8940	0.128210364278592	0.128199303727382	0.128201926833999
0	0	8944	0.128182448107963	0.128171147030802	0.128174016200931
0	0	8948	0.128154550224503	0.12814350433329	0.128146123843638
0	0	8952	0.128126670647605	0.12811538422412	0.12811824979201
0	0	8956	0.128098809317797	0.128087778054077	0.128090393976053
0	0	8960	0.128070966254049	0.128059694452223	0.128062556425746
0	0	8964	0.128043141397347	0.128032124729438	0.128034737070943
0	0	8968	0.128015334767085	0.128004077554966	0.128006935941963
0	0	8972	0.127987546303899	0.127976544199729	0.12797915296861
0	0	8976	0.127959776027491	0.127948533373091	0.127951388181373
0	0	8980	0.127932023878364	0.127921036305949	0.127923641510027
0	0	8984	0.127904289875958	0.127893061747711	0.12789591298509
0	0	8988	0.12787657396148	0.127865600889143	0.127868202536249
0	0	8992	0.127848876154176	0.127837662520109	0.127840510194352
0	0	8996	0.127821196395358	0.127810237791358	0.127812835889229
0	0	9000	0.12779353470385	0.127782335532591	0.127785179651485
0	0	9004	0.127765891021584	0.127754946854512	0.127757541410937
0	0	9008	0.127738265367663	0.127727080627558	0.127729921198774
0	0	9012	0.127710657683525	0.127699727921726	0.12770231894445
0	0	9016	0.127683067988323	0.127671897648016	0.127674734679275
0	0	9020	0.127655496223772	0.127644580836022	0.127647168332755
0	0	9024	0.12762794240921	0.127616786437432	0.127619619936404
0	0	9028	0.127600406486362	0.127589505441264	0.127592089419685
0	0	9032	0.127572888474173	0.127561746839755	0.127564576814119
0	0	9036	0.127545388314962	0.127534501581454	0.127537082049229
0	0	9040	0.127517906027806	0.127506778699426	0.127509605156796
0	0	9044	0.127490441554538	0.127479569101438	0.127482146066207
0	0	9048	0.127462994914582	0.127451881861359	0.127454704809356
0	0	9052	0.127435566049686	0.127424707846129	0.127427281315533
0	0	9056	0.127408154980003	0.127397056170981	0.127399875617139
0	0	9060	0.127380761646753	0.127369917661463	0.127372487643108
0	0	9064	0.127353386069433	0.127342301474068	0.127345117425973
0	0	9068	0.127326028190862	0.127315198393236	0.1273177648947
0	0	9072	0.127298688029903	0.127287617617075	0.127290430082222
0	0	9076	0.127271365528888	0.127260549888324	0.12726311291717
0	0	9080	0.127244060707334	0.127233004446515	0.127235813432471
0	0	9084	0.127216773507735	0.12720597199354	0.127208531557237
0	0	9088	0.127189503949285	0.127178461809859	0.127181267324143
0	0	9092	0.127162251974522	0.127151464556371	0.127154020662416
0	0	9096	0.127135017603127	0.127123989554725	0.127126791604816
0	0	9100	0.127107800777465	0.127097027424591	0.127099580080484
0	0	9104	0.127080601517126	0.127069587529409	0.1270723861227
0	0	9108	0.127053419764691	0.127042660446875	0.127045209660108
0	0	9112	0.127026255539767	0.127015255582395	0.127018050726314
0	0	9116	0.126999108785108	0.126988363472086	0.126990909250068
0	0	9120	0.126971979520268	0.126960993563011	0.126963785264968
0	0	9124	0.126944867687747	0.126934136349485	0.126936678699647
0	0	9128	0.126917773307649	0.126906801320485	0.126909589587879
0	0	9132	0.126890696322562	0.126879978928758	0.126882517858462
0	0	9136	0.126863636752214	0.126852678705119	0.12685546354529
0	0	9140	0.12683659453932	0.126825891060215	0.126828426576866
0	0	9144	0.126809569703954	0.126798625567073	0.126801406987366
0	0	9148	0.126782562188935	0.126771872594526	0.126774404705436
0	0	9152	0.126755572014083	0.126744641757519	0.126747419765249
0	0	9156	0.126728599122349	0.126717923382879	0.126720452095381
0	0	9160	0.126701643533787	0.126690727127792	0.126693501730242
0	0	9164	0.1266747051912	0.126664043276876	0.126666568598278
0	0	9168	0.126647784114626	0.126636881529584	0.126639652734037
0	0	9172	0.126620880246888	0.126610232128329	0.126612754065924
0	0	9176	0.126593993608848	0.126583104815161	0.126585872628836
0	0	9180	0.126567124142455	0.126556489789914	0.126559008350964
0	0	9184	0.126540271868778	0.126529396837158	0.1265321612673
0	0	9188	0.126513436730242	0.126502816114463	0.126505331306184
0	0	9192	0.126486618747878	0.12647575744882	0.126478518502639
0	0	9196	0.126459817864037	0.126449210955362	0.126451722784969
0	0	9200	0.126433034099458	0.126422186503693	0.126424944188371
0	0	9204	0.126406267396991	0.126395674166361	0.126398182641057
0	0	9208	0.126379517777514	0.12636868385585	0.126371438178528
0	0	9212	0.126352785183568	0.126342205601763	0.126344710728737
0	0	9216	0.126326069636318	0.126315249359589	0.126318000327414
0	0	9220	0.126299371078348	0.126288805116293	0.126291306902664
0	0	9224	0.126272689530678	0.126261882869905	0.126264630490029
0	0	9228	0.126246024936198	0.126235472564864	0.126237971017755
0	0	9232	0.126219377315756	0.126208584242164	0.12621132852166
0	0	9236	0.126192746612478	0.126182207803052	0.126184702929612
0	0	9240	0.126166132847544	0.126155353331983	0.126158094277902
0	0	9244	0.126139535963502	0.126129010687004	0.126131502494304
0	0	9248	0.126112955981901	0.126102189995723	0.126104927615132
0	0	9252	0.126086392845265	0.126075881072998	0.126078369568114
0	0	9256	0.126059846575225	0.126049094089846	0.126051828389778
0	0	9260	0.12603331711465	0.126022818817949	0.126025304007903
0	0	9264	0.126006804484522	0.125996065471367	0.125998796458874
0	0	9268	0.125980308628606	0.125969823778886	0.125972305670689
0	0	9272	0.12595382956757	0.125943103997974	0.125945831680011
0	0	9276	0.125927367244927	0.125916895813772	0.125919374414451
0	0	9280	0.125900921681673	0.12589020952731	0.125892933910869
0	0	9284	0.125874492821536	0.125864034780493	0.125866510097014
0	0	9288	0.12584808068551	0.125837381917851	0.12584010300987
0	0	9292	0.125821685216914	0.125811240537654	0.125813712576993
0	0	9296	0.125795306437272	0.125784621028245	0.125787338835649
0	0	9300	0.125768944289936	0.125758512944219	0.125760981713316
0	0	9304	0.125742598796475	0.125731926717832	0.125734641247507
0	0	9308	0.125716269900033	0.125705851859597	0.125708317365399
0	0	9312	0.125689957621964	0.125679298845842	0.125682010104701
0	0	9316	0.125663661906409	0.125653257143361	0.125655719392747
0	0	9320	0.125637382774343	0.125626737272469	0.125629445267365
0	0	9324	0.125611120169604	0.125600728655902	0.125603187655755
0	0	9328	0.125584874113336	0.125574241858049	0.125576946595844
0	0	9332	0.125558644550052	0.125548266257657	0.125550722014839
0	0	9336	0.125532431500351	0.125521812463508	0.125524513950997
0	0	9340	0.125506234908541	0.12549586980987	0.125498322331234
0	0	9344	0.125480054795682	0.125469448949807	0.125472147193838
0	0	9348	0.125453891106625	0.125443539173788	0.125445988466105
0	0	9352	0.125427743861837	0.125417151178872	0.125419846186234
0	0	9356	0.125401613005755	0.125391274211348	0.125393720281426
0	0	9360	0.125375498559835	0.125364919012503	0.125367610789986
0	0	9364	0.125349400468587	0.125339074784736	0.125341517639323
0	0	9368	0.125323318752797	0.125312752313356	0.125315440867711
0	0	9372	0.125297253357163	0.125286940756622	0.125289380402485
0	0	9376	0.125271204302905	0.12526065094415	0.125263336282109
0	0	9380	0.125245171534652	0.125234871989909	0.125237308433802
0	0	9384	0.125219155073788	0.125208614768161	0.125211296896402
0	0	9388	0.125193154864511	0.125182868348183	0.12518530159684
0	0	9392	0.125167170928761	0.125156643649123	0.125159322574309
0	0	9396	0.125141203210522	0.125130929695381	0.125133359755516
0	0	9400	0.125115251731776	0.125104737450929	0.125107413179753
0	0	9404	0.125089316436853	0.125079055895677	0.125081482773938
0	0	9408	0.125063397347385	0.125052896038235	0.125055568577349
0	0	9412	0.125037494407944	0.125027246813656	0.12502967051673
0	0	9416	0.125011607640282	0.125001119275707	0.125003788631724
0	0	9420	0.124985736988752	0.124975502314432	0.124977922848957
0	0	9424	0.124959882475488	0.124949407028639	0.124952073208176
0	0	9428	0.124934044044927	0.124923822263451	0.124926239636036
0	0	9432	0.124908221718792	0.12489775916278	0.124900422172423
0	0	9436	0.124882415441742	0.124872206526498	0.124874620743773
0	0	9440	0.124856625236081	0.124846175543991	0.124848835390298
0	0	9444	0.124830851045828	0.124820654969917	0.124823066038443
0	0	9448	0.124805092893681	0.124794656038897	0.12479731272843
0	0	9452	0.124779350723649	0.124769167460325	0.124771575386669
0	0	9456	0.124753624558321	0.124743200514156	0.124745854053464
0	0	9460	0.124727914341857	0.124717743864616	0.124720148655309
0	0	9464	0.12470222009718	0.124691808837062	0.124694459232651
0	0	9468	0.124676541768046	0.124666384050252	0.124668785711834
0	0	9472	0.124650879377538	0.124640480875156	0.124643128133518
0	0	9476	0.12462523286992	0.124615087885	0.124617486423973
0	0	9480	0.124599602267695	0.124589216496469	0.124591860624071
0	0	9484	0.124573987515353	0.124563855237097	0.124566250659955
0	0	9488	0.124548388635622	0.124538015569252	0.124540656572568
0	0	9492	0.124522805573056	0.124512685975048	0.124515078288232
0	0	9496	0.12449723835008	0.124486877962353	0.124489515847838
0	0	9500	0.124471686911467	0.124461579967647	0.124463969177626
0	0	9504	0.124446151280171	0.12443580354483	0.124438438318874
0	0	9508	0.124420631400487	0.124410537084427	0.124412923197629
0	0	9512	0.124395127295114	0.124384792186219	0.124387423855238
0	0	9516	0.12436963890899	0.124359557194813	0.124361940217672
0	0	9520	0.124344166265111	0.124333843756509	0.124336472326825
0	0	9524	0.124318709307851	0.124308640169236	0.124311020108173
0	0	9528	0.124293268059821	0.124282958125749	0.124285583603756
0	0	9532	0.124267842466706	0.124257785877952	0.124260162739306
0	0	9536	0.124242432550338	0.124232135164689	0.12423475755675
0	0	9540	0.124217038256441	0.124206994191778	0.124209367981899
0	0	9544	0.124191659607131	0.124181374744322	0.12418399405677
0	0	9548	0.124166296548264	0.124156264981775	0.124158635707023
0	0	9552	0.124140949102009	0.124130676735989	0.124133292975099
0	0	9556	0.124115617213686	0.124105598119788	0.124107965786477
0	0	9560	0.124090300906081	0.12408004101143	0.12408265418353
0	0	9564	0.124065000124598	0.124054993477528	0.124057358091941
0	0	9568	0.124039714891859	0.124029467442832	0.124032077554186
0	0	9572	0.124014445153209	0.124004450927562	0.124006812495963
0	0	9576	0.123989190931441	0.123978955902615	0.123981562959529
0	0	9580	0.12396395217199	0.123953970342231	0.123956328870871
0	0	9584	0.123938728897854	0.123928506263833	0.123931110272505
0	0	9588	0.123913521054321	0.123903551594756	0.123905907089928
0	0	9592	0.123888328663805	0.123878118399385	0.123880719366036
0	0	9596	0.123863151673047	0.123853194558657	0.123855547026538
0	0	9600	0.123837990103692	0.123827792183213	0.123830390114069
0	0	9604	0.12381284390194	0.123802899107472	0.123805248554302
0	0	9608	0.123787713090412	0.123777527488954	0.12378012239019
0	0	9612	0.123762597615207	0.123752665115353	0.12375501154732
0	0	9616	0.12373749749905	0.123727324191215	0.123729916068959
0	0	9620	0.123712412687278	0.123702492456939	0.12370483588026
0	0	9624	0.123687343203352	0.123677182164349	0.123679771024763
0	0	9628	0.12366228899278	0.123652381006934	0.123654721427743
0	0	9632	0.123637250078937	0.123627101283593	0.123629687132799
0	0	9636	0.123612226407022	0.12360233064062	0.123604668065071
0	0	9640	0.123587218000826	0.123577081424298	0.123579664268403
0	0	9644	0.123562224805493	0.12355234123357	0.123554675667791
0	0	9648	0.123537246844595	0.123527122462122	0.123529702307227
0	0	9652	0.123512284063843	0.123502412661621	0.123504744111716
0	0	9656	0.123487336486722	0.123477224273331	0.123479801125488
0	0	9660	0.123462404058703	0.123452544801333	0.123454873273386
0	0	9664	0.123437486803281	0.123427386734342	0.123429960599639
0	0	9668	0.123412584666016	0.123402737528987	0.123405063029087
0	0	9672	0.123387697670909	0.123377609721892	0.12338018060634
0	0	9676	0.123362825763268	0.123352990721751	0.123355313255963
0	0	9680	0.123337968966888	0.123327893113054	0.123330461022693
0	0	9684	0.123313127227347	0.123303304257028	0.123305623831344
0	0	9688	0.123288300568564	0.123278236785475	0.123280801726357
0	0	9692	0.123263488936111	0.123253678012316	0.123255994632745
0	0	9696	0.123238692353743	0.123228640616964	0.123231202595074
0	0	9700	0.123213910767187	0.123204111865638	0.1232064255382
0	0	9704	0.123189144200567	0.123179104485721	0.123181663507012
0	0	9708	0.123164392599238	0.1231546056955	0.123156916426183
0	0	9712	0.123139655987474	0.123129628270339	0.123132184340767
0	0	9716	0.123114934310684	0.123105159380504	0.123107467175295
0	0	9720	0.12309022759347	0.123080211849748	0.123082764975219
0	0	9724	0.123065535780988	0.123055772799956	0.123058077664812
0	0	9728	0.123040858897476	0.123030855103064	0.123033405289534
0	0	9732	0.123016196888754	0.123006445832991	0.123008747773835
0	0	9736	0.122991549779158	0.122981557909919	0.122984105163285
0	0	9740	0.122966917514221	0.122957178359524	0.122959477382267
0	0	9744	0.122942300118238	0.122932320150215	0.122934864476387
0	0	9748	0.122917697537085	0.122907970259547	0.122910266370083
0	0	9752	0.122893109794935	0.122883141704196	0.122885683109051
0	0	9756	0.122868536838022	0.122858821413579	0.122861114617776
0	0	9760	0.122843978690089	0.122834022452654	0.12283656094204
0	0	9764	0.122819435297269	0.122809731702233	0.122812022006008
0	0	9768	0.122794906684142	0.122784962276202	0.122787497855939
0	0	9772	0.122770392796386	0.122760701006802	0.122762988415978
0	0	9776	0.122745893658403	0.122735961056344	0.122738493732278
0	0	9780	0.122721409216409	0.122711729208645	0.122714013729049
0	0	9784	0.12269693949467	0.122687018674715	0.12268954845264
0	0	9788	0.122672484439288	0.122662816189594	0.122665097827063
0	0	9792	0.122648044074416	0.122638135012993	0.122640661898729
0	0	9796	0.122623618346811	0.122613961831598	0.122616240591901
0	0	9800	0.122599207280398	0.12258930995375	0.122591833953056
0	0	9804	0.122574810821455	0.122565166017252	0.122567441906197
0	0	9808	0.122550428994369	0.122540543379383	0.122543064498023
0	0	9812	0.122526061746017	0.122516428629194	0.122518701652546
0	0	9816	0.122501709100081	0.122491835173063	0.122494353416743
0	0	9820	0.122477371003356	0.12246774955068	0.122470019714228
0	0	9824	0.122453047480111	0.122443185217808	0.122445700592262
0	0	9828	0.122428738476946	0.122419128665027	0.122421395974494
0	0	9832	0.122404444018065	0.122394593397338	0.122397105908271
0	0	9836	0.122380164050493	0.122370565856061	0.122372830317169
0	0	9840	0.12235589859813	0.122346059595438	0.122348569248568
0	0	9844	0.122331647607998	0.122322061007819	0.122324322626244
0	0	9848	0.122307411104281	0.122297583696632	0.122300090497623
0	0	9852	0.122283189033757	0.122273614004763	0.122275872786223
0	0	9856	0.122258981420721	0.122249165585126	0.122251669539659
0	0	9860	0.122234788212551	0.122225224731542	0.122227480681673
0	0	9864	0.122210609432956	0.122200805146167	0.122203306259878
0	0	9868	0.122186445029038	0.12217689307322	0.122179146197719
0	0	9872	0.122162295025362	0.122152502264674	0.122155000543186
0	0	9876	0.122138159368949	0.122128618915158	0.122130869219657
0	0	9880	0.12211403808394	0.122104256826324	0.122106752275245
0	0	9884	0.122089931117589	0.122080402143123	0.122082649633249
0	0	9888	0.122065838494371	0.122056068716874	0.122058561341822
0	0	9892	0.12204176016114	0.122032242643091	0.12203448732443
0	0	9896	0.122017696142579	0.12200793782253	0.122010427629112
0	0	9900	0.121993646385538	0.121984140301271	0.121986382179412
0	0	9904	0.121969610915197	0.121959864029828	0.121962351023593
0	0	9908	0.121945589677895	0.121936095004524	0.121938334085046
0	0	9912	0.121921582698898	0.121911847225668	0.121914331412167
0	0	9916	0.121897589924686	0.121888106639732	0.121890342928214
0	0	9920	0.12187361138068	0.121863887297024	0.121866368681793
0	0	9924	0.121849647013453	0.121840175094158	0.12184240859614
0	0	9928	0.121825696847811	0.121815984131327	0.121818462719901
0	0	9932	0.121801760831212	0.121792300255248	0.121794530976271
0	0	9936	0.121777838988328	0.121768137616427	0.12177061341427
0	0	9940	0.121753931266337	0.121744482011095	0.121746709956705
0	0	9944	0.121730037689957	0.121720347640258	0.121722820652863
0	0	9948	0.121706158206443	0.121696720249785	0.121698945425487
0	0	9952	0.121682292841127	0.1216726140912	0.121675084324035
0	0	9956	0.121658441540685	0.121649014859984	0.121651237271247
0	0	9960	0.121634604330213	0.121624936858016	0.121627404316558
0	0	9964	0.121610781157124	0.121601365730356	0.121603585382665
0	0	9968	0.12158697204643	0.121577315829595	0.121579780519274
0	0	9972	0.121563176945388	0.121553772750166	0.121555989648971
0	0	9976	0.121539395878919	0.121529750895421	0.121532212821653
0	0	9980	0.121515628794324	0.121506235808792	0.121508449959576
0	0	9984	0.121491875717151	0.121482241944804	0.121484701112995
0	0	9988	0.12146813659425	0.12145875479605	0.121460966204212
0	0	9992	0.121444411451006	0.121434788867762	0.121437245283342
0	0	9996	0.12142070023461	0.121411329601918	0.121413538272855
0	0	10000	0.121397002970525	0.121387391554453	0.121389845222823
