t_d_model_ps	DeltaT_lattice_K	DeltaT_electron_K
-1.2	295	295
-1.19786524349566	295	295.000000793874
-1.19573048699133	295.000000000168	295.000001683651
-1.19359573048699	295.000000000525	295.000002676587
-1.19146097398266	295.000000001094	295.000003778992
-1.18932621747832	295.000000001896	295.000004995887
-1.18719146097398	295.000000002957	295.000006330877
-1.18505670446965	295.000000004303	295.000007786221
-1.18292194796531	295.000000005958	295.000009363029
-1.18078719146097	295.000000007949	295.000011061514
-1.17865243495664	295.000000010303	295.00001288126
-1.1765176784523	295.000000013044	295.000014821463
-1.17438292194797	295.0000000162	295.000016881138
-1.17224816544363	295.000000019794	295.00001905928
-1.17011340893929	295.000000023854	295.00002135499
-1.16797865243496	295.000000028403	295.000023767563
-1.16584389593062	295.000000033467	295.000026296553
-1.16370913942628	295.000000039071	295.000028941816
-1.16157438292195	295.00000004524	295.000031703529
-1.15943962641761	295.000000051998	295.000034582212
-1.15730486991328	295.000000059371	295.000037578723
-1.15517011340894	295.000000067383	295.000040694266
-1.1530353569046	295.000000076061	295.00004393038
-1.15090060040027	295.000000085429	295.000047288934
-1.14876584389593	295.000000095515	295.000050772122
-1.14663108739159	295.000000106344	295.000054382447
-1.14449633088726	295.000000117945	295.00005812272
-1.14236157438292	295.000000130344	295.000061996046
-1.14022681787859	295.00000014357	295.00006600582
-1.13809206137425	295.000000157652	295.000070155718
-1.13595730486991	295.000000172621	295.000074449691
-1.13382254836558	295.000000188506	295.000078891961
-1.13168779186124	295.00000020534	295.000083487018
-1.1295530353569	295.000000223155	295.000088239611
-1.12741827885257	295.000000241984	295.000093154751
-1.12528352234823	295.000000261864	295.00009823771
-1.1231487658439	295.000000282828	295.000103494015
-1.12101400933956	295.000000304915	295.000108929453
-1.11887925283522	295.000000328163	295.000114550065
-1.11674449633089	295.00000035261	295.000120362157
-1.11460973982655	295.000000378299	295.000126372294
-1.11247498332221	295.00000040527	295.000132587304
-1.11034022681788	295.000000433569	295.000139014284
-1.10820547031354	295.00000046324	295.0001456606
-1.10607071380921	295.00000049433	295.000152533894
-1.10393595730487	295.000000526887	295.000159642086
-1.10180120080053	295.000000560962	295.000166993383
-1.0996664442962	295.000000596607	295.000174596278
-1.09753168779186	295.000000633875	295.000182459562
-1.09539693128752	295.000000672821	295.000190592329
-1.09326217478319	295.000000713504	295.000199003981
-1.09112741827885	295.000000755983	295.000207704234
-1.08899266177452	295.000000800319	295.00021670313
-1.08685790527018	295.000000846576	295.000226011042
-1.08472314876584	295.000000894821	295.00023563868
-1.08258839226151	295.000000945121	295.000245597106
-1.08045363575717	295.000000997546	295.000255897734
-1.07831887925284	295.000001052171	295.000266552349
-1.0761841227485	295.000001109071	295.000277573109
-1.07404936624416	295.000001168323	295.000288972558
-1.07191460973983	295.000001230009	295.000300763635
-1.06977985323549	295.000001294211	295.000312959689
-1.06764509673115	295.000001361018	295.000325574482
-1.06551034022682	295.000001430517	295.000338622207
-1.06337558372248	295.000001502802	295.000352117497
-1.06124082721815	295.000001577968	295.000366075437
-1.05910607071381	295.000001656113	295.000380511577
-1.05697131420947	295.00000173734	295.000395441943
-1.05483655770514	295.000001821755	295.000410883052
-1.0527018012008	295.000001909466	295.000426851925
-1.05056704469646	295.000002000585	295.000443366097
-1.04843228819213	295.00000209523	295.000460443638
-1.04629753168779	295.00000219352	295.000478103161
-1.04416277518346	295.000002295581	295.000496363841
-1.04202801867912	295.000002401539	295.000515245424
-1.03989326217478	295.000002511528	295.000534768254
-1.03775850567045	295.000002625685	295.000554953275
-1.03562374916611	295.00000274415	295.000575822058
-1.03348899266177	295.00000286707	295.000597396812
-1.03135423615744	295.000002994596	295.000619700403
-1.0292194796531	295.000003126883	295.000642756372
-1.02708472314877	295.000003264091	295.000666588951
-1.02494996664443	295.000003406387	295.000691223082
-1.02281521014009	295.000003553941	295.000716684437
-1.02068045363576	295.000003706931	295.000742999437
-1.01854569713142	295.000003865538	295.000770195269
-1.01641094062708	295.00000402995	295.000798299909
-1.01427618412275	295.000004200362	295.00082734214
-1.01214142761841	295.000004376973	295.000857351577
-1.01000667111408	295.00000455999	295.000888358682
-1.00787191460974	295.000004749626	295.000920394793
-1.0057371581054	295.0000049461	295.00095349214
-1.00360240160107	295.00000514964	295.000987683873
-1.00146764509673	295.000005360478	295.001023004081
-0.999332888592395	295.000005578856	295.001059487819
-0.997198132088059	295.000005805022	295.001097171133
-0.995063375583722	295.000006039231	295.001136091079
-0.992928619079386	295.000006281749	295.001176285756
-0.99079386257505	295.000006532847	295.001217794327
-0.988659106070714	295.000006792805	295.001260657047
-0.986524349566377	295.000007061913	295.00130491529
-0.984389593062041	295.000007340469	295.001350611576
-0.982254836557705	295.000007628779	295.001397789601
-0.980120080053369	295.000007927159	295.001446494262
-0.977985323549033	295.000008235936	295.00149677169
-0.975850567044696	295.000008555446	295.001548669278
-0.97371581054036	295.000008886034	295.001602235713
-0.971581054036024	295.000009228056	295.001657521005
-0.969446297531688	295.000009581879	295.001714576518
-0.967311541027352	295.000009947882	295.001773455007
-0.965176784523015	295.000010326453	295.001834210645
-0.963042028018679	295.000010717993	295.001896899062
-0.960907271514343	295.000011122915	295.001961577374
-0.958772515010007	295.000011541643	295.002028304222
-0.95663775850567	295.000011974614	295.002097139806
-0.954503002001334	295.00001242228	295.002168145919
-0.952368245496998	295.000012885102	295.002241385988
-0.950233488992662	295.000013363559	295.002316925109
-0.948098732488326	295.00001385814	295.002394830086
-0.945963975983989	295.000014369351	295.002475169467
-0.943829219479653	295.000014897711	295.00255801359
-0.941694462975317	295.000015443756	295.002643434615
-0.939559706470981	295.000016008034	295.002731506573
-0.937424949966644	295.000016591113	295.002822305403
-0.935290193462308	295.000017193573	295.002915908996
-0.933155436957972	295.000017816015	295.003012397235
-0.931020680453636	295.000018459053	295.003111852046
-0.928885923949299	295.00001912332	295.003214357437
-0.926751167444963	295.000019809469	295.003319999542
-0.924616410940627	295.000020518169	295.003428866675
-0.922481654436291	295.000021250107	295.003541049369
-0.920346897931955	295.000022005992	295.003656640427
-0.918212141427618	295.000022786551	295.003775734973
-0.916077384923282	295.000023592533	295.003898430495
-0.913942628418946	295.000024424705	295.004024826901
-0.91180787191461	295.000025283858	295.004155026569
-0.909673115410274	295.000026170804	295.004289134395
-0.907538358905937	295.000027086377	295.004427257849
-0.905403602401601	295.000028031434	295.004569507027
-0.903268845897265	295.000029006855	295.004715994708
-0.901134089392929	295.000030013546	295.004866836402
-0.898999332888592	295.000031052437	295.005022150413
-0.896864576384256	295.00003212448	295.005182057894
-0.89472981987992	295.000033230658	295.005346682899
-0.892595063375584	295.000034371978	295.00551615245
-0.890460306871247	295.000035549472	295.005690596589
-0.888325550366911	295.000036764204	295.00587014844
-0.886190793862575	295.000038017263	295.006054944273
-0.884056037358239	295.000039309769	295.00624512356
-0.881921280853903	295.000040642871	295.006440829042
-0.879786524349566	295.000042017749	295.006642206789
-0.87765176784523	295.000043435613	295.006849406268
-0.875517011340894	295.000044897706	295.007062580403
-0.873382254836558	295.000046405304	295.007281885646
-0.871247498332221	295.000047959716	295.007507482038
-0.869112741827885	295.000049562284	295.007739533282
-0.866977985323549	295.000051214385	295.007978206809
-0.864843228819213	295.000052917435	295.008223673845
-0.862708472314876	295.000054672882	295.008476109484
-0.86057371581054	295.000056482215	295.008735692757
-0.858438959306204	295.000058346959	295.009002606707
-0.856304202801868	295.000060268679	295.009277038456
-0.854169446297532	295.00006224898	295.009559179282
-0.852034689793195	295.000064289507	295.009849224692
-0.849899933288859	295.000066391947	295.010147374497
-0.847765176784523	295.000068558032	295.010453832889
-0.845630420280187	295.000070789533	295.010768808514
-0.843495663775851	295.00007308827	295.011092514554
-0.841360907271514	295.000075456105	295.0114251688
-0.839226150767178	295.00007789495	295.011766993735
-0.837091394262842	295.000080406761	295.012118216611
-0.834956637758506	295.000082993545	295.012479069532
-0.832821881254169	295.000085657357	295.012849789531
-0.830687124749833	295.000088400303	295.013230618654
-0.828552368245497	295.000091224542	295.013621804046
-0.826417611741161	295.000094132284	295.014023598026
-0.824282855236825	295.000097125793	295.01443625818
-0.822148098732488	295.00010020739	295.014860047438
-0.820013342228152	295.000103379449	295.015295234165
-0.817878585723816	295.000106644404	295.015742092242
-0.81574382921948	295.000110004745	295.016200901157
-0.813609072715143	295.000113463025	295.01667194609
-0.811474316210807	295.000117021854	295.017155518
-0.809339559706471	295.000120683907	295.017651913715
-0.807204803202135	295.000124451922	295.018161436018
-0.805070046697798	295.000128328699	295.018684393741
-0.802935290193462	295.000132317108	295.019221101852
-0.800800533689126	295.000136420082	295.019771881545
-0.79866577718479	295.000140640627	295.020337060332
-0.796531020680454	295.000144981815	295.020916972135
-0.794396264176117	295.000149446792	295.021511957376
-0.792261507671781	295.000154038774	295.022122363072
-0.790126751167445	295.000158761054	295.022748542923
-0.787991994663109	295.000163616998	295.023390857411
-0.785857238158772	295.000168610051	295.024049673887
-0.783722481654436	295.000173743735	295.02472536667
-0.7815877251501	295.000179021653	295.025418317137
-0.779452968645764	295.000184447488	295.026128913819
-0.777318212141427	295.000190025007	295.026857552495
-0.775183455637091	295.00019575806	295.027604636286
-0.773048699132755	295.000201650587	295.028370575748
-0.770913942628419	295.00020770661	295.029155788973
-0.768779186124083	295.000213930244	295.029960701674
-0.766644429619746	295.000220325695	295.030785747289
-0.76450967311541	295.000226897259	295.031631367068
-0.762374916611074	295.000233649329	295.032498010175
-0.760240160106738	295.000240586391	295.033386133778
-0.758105403602402	295.000247713032	295.034296203143
-0.755970647098065	295.000255033934	295.035228691731
-0.753835890593729	295.000262553884	295.036184081292
-0.751701134089393	295.000270277771	295.037162861958
-0.749566377585057	295.000278210586	295.038165532334
-0.74743162108072	295.000286357429	295.039192599596
-0.745296864576384	295.000294723509	295.040244579582
-0.743162108072048	295.000303314141	295.041321996883
-0.741027351567712	295.000312134757	295.042425384937
-0.738892595063375	295.000321190899	295.043555286117
-0.736757838559039	295.000330488227	295.044712251827
-0.734623082054703	295.000340032518	295.045896842588
-0.732488325550367	295.000349829668	295.04710962813
-0.730353569046031	295.000359885696	295.048351187477
-0.728218812541694	295.000370206743	295.04962210904
-0.726084056037358	295.000380799076	295.050922990701
-0.723949299533022	295.000391669091	295.052254439898
-0.721814543028686	295.000402823312	295.053617073714
-0.71967978652435	295.000414268396	295.055011518958
-0.717545030020013	295.000426011132	295.056438412248
-0.715410273515677	295.000438058446	295.057898400096
-0.713275517011341	295.000450417403	295.059392138984
-0.711140760507005	295.000463095206	295.060920295448
-0.709006004002668	295.000476099201	295.062483546153
-0.706871247498332	295.000489436881	295.06408257797
-0.704736490993996	295.00050311588	295.065718088052
-0.70260173448966	295.000517143987	295.067390783908
-0.700466977985323	295.000531529137	295.069101383473
-0.698332221480987	295.000546279421	295.070850615181
-0.696197464976651	295.000561403086	295.072639218029
-0.694062708472315	295.000576908534	295.074467941649
-0.691927951967979	295.000592804328	295.07633754637
-0.689793195463642	295.000609099196	295.078248803281
-0.687658438959306	295.000625802026	295.080202494293
-0.68552368245497	295.000642921876	295.082199412195
-0.683388925950634	295.000660467973	295.084240360712
-0.681254169446297	295.000678449714	295.086326154561
-0.679119412941961	295.000696876672	295.088457619499
-0.676984656437625	295.000715758593	295.090635592376
-0.674849899933289	295.000735105406	295.092860921179
-0.672715143428953	295.000754927216	295.09513446508
-0.670580386924616	295.000775234315	295.097457094471
-0.66844563042028	295.000796037181	295.099829691011
-0.666310873915944	295.000817346477	295.102253147655
-0.664176117411608	295.000839173059	295.104728368693
-0.662041360907272	295.000861527975	295.107256269775
-0.659906604402935	295.000884422469	295.109837777941
-0.657771847898599	295.000907867983	295.112473831644
-0.655637091394263	295.000931876158	295.115165380771
-0.653502334889926	295.000956458839	295.11791338666
-0.65136757838559	295.000981628076	295.120718822115
-0.649232821881254	295.001007396125	295.123582671411
-0.647098065376918	295.001033775455	295.126505930311
-0.644963308872582	295.001060778745	295.129489606058
-0.642828552368245	295.001088418889	295.132534717382
-0.640693795863909	295.001116709001	295.135642294493
-0.638559039359573	295.001145662411	295.138813379071
-0.636424282855237	295.001175292674	295.142049024255
-0.634289526350901	295.001205613569	295.145350294628
-0.632154769846564	295.001236639102	295.148718266192
-0.630020013342228	295.001268383509	295.152154026348
-0.627885256837892	295.001300861258	295.155658673861
-0.625750500333556	295.00133408705	295.159233318832
-0.623615743829219	295.001368075825	295.162879082654
-0.621480987324883	295.001402842761	295.166597097973
-0.619346230820547	295.001438403278	295.170388508639
-0.617211474316211	295.001474773041	295.174254469652
-0.615076717811875	295.001511967959	295.178196147104
-0.612941961307538	295.001550004192	295.182214718122
-0.610807204803202	295.00158889815	295.186311370793
-0.608672448298866	295.001628666499	295.190487304097
-0.60653769179453	295.001669326156	295.194743727825
-0.604402935290193	295.001710894301	295.199081862499
-0.602268178785857	295.001753388371	295.203502939282
-0.600133422281521	295.001796826068	295.208008199884
-0.597998665777185	295.001841225357	295.212598896461
-0.595863909272848	295.001886604471	295.217276291514
-0.593729152768512	295.001932981913	295.222041657772
-0.591594396264176	295.001980376457	295.226896278081
-0.58945963975984	295.002028807151	295.231841445276
-0.587324883255504	295.002078293317	295.236878462059
-0.585190126751167	295.002128854558	295.242008640856
-0.583055370246831	295.002180510754	295.247233303686
-0.580920613742495	295.002233282069	295.252553782006
-0.578785857238159	295.00228718895	295.257971416562
-0.576651100733823	295.002342252131	295.263487557228
-0.574516344229486	295.002398492634	295.269103562844
-0.57238158772515	295.002455931768	295.274820801037
-0.570246831220814	295.002514591138	295.280640648051
-0.568112074716478	295.00257449264	295.286564488553
-0.565977318212141	295.002635658466	295.29259371545
-0.563842561707805	295.002698111106	295.298729729682
-0.561707805203469	295.002761873346	295.304973940025
-0.559573048699133	295.002826968275	295.311327762873
-0.557438292194796	295.002893419285	295.317792622021
-0.55530353569046	295.002961250068	295.324369948443
-0.553168779186124	295.003030484625	295.331061180053
-0.551034022681788	295.003101147261	295.337867761471
-0.548899266177452	295.003173262592	295.344791143774
-0.546764509673115	295.00324685554	295.351832784243
-0.544629753168779	295.00332195134	295.358994146103
-0.542494996664443	295.003398575539	295.366276698254
-0.540360240160107	295.003476753997	295.373681914996
-0.53822548365577	295.003556512888	295.38121127575
-0.536090727151434	295.003637878702	295.388866264765
-0.533955970647098	295.003720878245	295.396648370824
-0.531821214142762	295.003805538641	295.404559086938
-0.529686457638425	295.003891887332	295.41259991004
-0.527551701134089	295.00397995208	295.420772340659
-0.525416944629753	295.004069760966	295.429077882602
-0.523282188125417	295.004161342393	295.437518042617
-0.521147431621081	295.004254725083	295.446094330054
-0.519012675116744	295.004349938082	295.454808256518
-0.516877918612408	295.004447010758	295.463661335513
-0.514743162108072	295.0045459728	295.472655082082
-0.512608405603736	295.004646854222	295.481791012439
-0.5104736490994	295.004749685361	295.491070643586
-0.508338892595063	295.004854496876	295.500495492937
-0.506204136090727	295.004961319752	295.510067077925
-0.504069379586391	295.005070185294	295.5197869156
-0.501934623082055	295.005181125133	295.529656522229
-0.499799866577718	295.005294171224	295.539677412879
-0.497665110073382	295.005409355841	295.549851101004
-0.495530353569046	295.005526711586	295.560179098011
-0.49339559706471	295.005646271379	295.570662912831
-0.491260840560374	295.005768068462	295.581304051479
-0.489126084056037	295.005892136401	295.592104016604
-0.486991327551701	295.006018509079	295.603064307037
-0.484856571047365	295.0061472207	295.61418641733
-0.482721814543029	295.006278305787	295.625471837287
-0.480587058038692	295.006411799178	295.636922051491
-0.478452301534356	295.00654773603	295.648538538823
-0.47631754503002	295.006686151815	295.660322771976
-0.474182788525684	295.006827082317	295.672276216957
-0.472048032021347	295.006970563633	295.684400332593
-0.469913275517011	295.007116632173	295.696696570021
-0.467778519012675	295.007265324652	295.709166372179
-0.465643762508339	295.007416678097	295.721811173282
-0.463509006004003	295.007570729837	295.734632398305
-0.461374249499666	295.007727517507	295.747631462448
-0.45923949299533	295.007887079041	295.760809770602
-0.457104736490994	295.008049452674	295.774168716811
-0.454969979986658	295.008214676938	295.78770968372
-0.452835223482321	295.008382790658	295.801434042026
-0.450700466977985	295.008553832954	295.815343149922
-0.448565710473649	295.00872784323	295.829438352535
-0.446430953969313	295.008904861182	295.843720981356
-0.444296197464977	295.009084926785	295.858192353674
-0.44216144096064	295.009268080298	295.872853771995
-0.440026684456304	295.009454362256	295.887706523463
-0.437891927951968	295.009643813466	295.902751879278
-0.435757171447632	295.009836475007	295.917991094103
-0.433622414943295	295.010032388228	295.933425405476
-0.431487658438959	295.010231594736	295.949056033208
-0.429352901934623	295.010434136401	295.96488417879
-0.427218145430287	295.010640055349	295.980911024784
-0.425083388925951	295.010849393954	295.99713773422
-0.422948632421614	295.011062194842	296.013565449985
-0.420813875917278	295.011278500878	296.030195294211
-0.418679119412942	295.011498355169	296.047028367662
-0.416544362908606	295.011721801054	296.064065749116
-0.414409606404269	295.011948882101	296.081308494745
-0.412274849899933	295.012179642104	296.098757637496
-0.410140093395597	295.012414125076	296.116414186466
-0.408005336891261	295.012652375244	296.13427912628
-0.405870580386925	295.012894437044	296.152353416464
-0.403735823882588	295.013140355118	296.170637990818
-0.401601067378252	295.013390174303	296.189133756793
-0.399466310873916	295.01364393963	296.207841594856
-0.39733155436958	295.013901696318	296.226762357869
-0.395196797865243	295.014163489765	296.245896870456
-0.393062041360907	295.014429365547	296.265245928379
-0.390927284856571	295.014699369404	296.284810297905
-0.388792528352235	295.014973547244	296.304590715185
-0.386657771847898	295.015251945125	296.324587885627
-0.384523015343562	295.01553460926	296.344802483268
-0.382388258839226	295.015821586001	296.365235150153
-0.38025350233489	295.016112921838	296.385886495716
-0.378118745830554	295.016408663387	296.406757096157
-0.375983989326217	295.01670885739	296.427847493827
-0.373849232821881	295.0170135507	296.449158196614
-0.371714476317545	295.017322790277	296.470689677328
-0.369579719813209	295.017636623185	296.492442373099
-0.367444963308872	295.017955096574	296.514416684766
-0.365310206804536	295.018278257682	296.536612976278
-0.3631754503002	295.018606153823	296.559031574099
-0.361040693795864	295.018938832378	296.58167276661
-0.358905937291528	295.01927634079	296.604536803527
-0.356771180787191	295.019618726551	296.62762389531
-0.354636424282855	295.0199660372	296.650934212592
-0.352501667778519	295.020318320308	296.674467885601
-0.350366911274183	295.020675623475	296.698225003595
-0.348232154769846	295.021037994315	296.722205614301
-0.34609739826551	295.021405480454	296.746409723358
-0.343962641761174	295.021778129516	296.770837293774
-0.341827885256838	295.022155989117	296.795488245377
-0.339693128752502	295.022539106851	296.820362454288
-0.337558372248165	295.022927530289	296.845459752393
-0.335423615743829	295.023321306959	296.87077992682
-0.333288859239493	295.023720484347	296.896322719434
-0.331154102735157	295.024125109878	296.922087826333
-0.32901934623082	295.024535230914	296.948074897353
-0.326884589726484	295.024950894737	296.974283535586
-0.324749833222148	295.025372148546	297.000713296904
-0.322615076717812	295.025799039441	297.027363689492
-0.320480320213476	295.026231614416	297.054234173394
-0.318345563709139	295.026669920348	297.081324160071
-0.316210807204803	295.027114003987	297.108633011957
-0.314076050700467	295.027563911944	297.136160042045
-0.311941294196131	295.028019690683	297.163904513466
-0.309806537691794	295.028481386508	297.191865639092
-0.307671781187458	295.028949045552	297.220042581143
-0.305537024683122	295.029422713769	297.248434450812
-0.303402268178786	295.029902436921	297.277040307893
-0.301267511674449	295.030388260567	297.305859160433
-0.299132755170113	295.030880230051	297.334889964389
-0.296997998665777	295.031378390495	297.364131623297
-0.294863242161441	295.031882786783	297.393582987963
-0.292728485657105	295.032393463551	297.423242856156
-0.290593729152768	295.032910465178	297.453109972322
-0.288458972648432	295.033433835772	297.483183027312
-0.286324216144096	295.03396361916	297.513460658122
-0.28418945963976	295.034499858875	297.543941447645
-0.282054703135424	295.035042598147	297.574623924445
-0.279919946631087	295.035591879887	297.605506562538
-0.277785190126751	295.036147746681	297.636587781197
-0.275650433622415	295.036710240773	297.667865944759
-0.273515677118079	295.037279404057	297.699339362465
-0.271380920613742	295.037855278065	297.731006288301
-0.269246164109406	295.038437903951	297.762864920862
-0.26711140760507	295.039027322483	297.794913403231
-0.264976651100734	295.039623574033	297.827149822878
-0.262841894596398	295.040226698559	297.859572211564
-0.260707138092061	295.040836735599	297.892178545281
-0.258572381587725	295.041453724254	297.924966744188
-0.256437625083389	295.042077703182	297.95793467258
-0.254302868579053	295.04270871058	297.991080138866
-0.252168112074716	295.043346784175	298.024400895571
-0.25003335557038	295.043991961212	298.057894639346
-0.247898599066044	295.044644278444	298.091559011005
-0.245763842561708	295.045303772115	298.125391595578
-0.243629086057371	295.045970477953	298.159389922376
-0.241494329553035	295.046644431154	298.193551465085
-0.239359573048699	295.047325666374	298.227873641868
-0.237224816544363	295.048014217714	298.262353815489
-0.235090060040027	295.048710118711	298.296989293461
-0.23295530353569	295.049413402324	298.331777328205
-0.230820547031354	295.050124100922	298.366715117228
-0.228685790527018	295.050842246273	298.401799803331
-0.226551034022682	295.051567869535	298.437028474818
-0.224416277518346	295.05230100124	298.47239816574
-0.222281521014009	295.053041671282	298.50790585615
-0.220146764509673	295.053789908912	298.543548472376
-0.218012008005337	295.05454574272	298.579322887321
-0.215877251501001	295.055309200624	298.615225920773
-0.213742494996664	295.056080309863	298.651254339741
-0.211607738492328	295.056859096984	298.687404858804
-0.209472981987992	295.057645587825	298.723674140489
-0.207338225483656	295.058439807514	298.760058795654
-0.205203468979319	295.059241780451	298.796555383906
-0.203068712474983	295.060051530297	298.833160414025
-0.200933955970647	295.060869079967	298.869870344418
-0.198799199466311	295.061694451616	298.90668158358
-0.196664442961975	295.06252766663	298.943590490589
-0.194529686457638	295.063368745616	298.980593375607
-0.192394929953302	295.064217708388	299.017686500407
-0.190260173448966	295.065074573961	299.054866078916
-0.18812541694463	295.065939360538	299.092128277783
-0.185990660440293	295.066812085502	299.129469216954
-0.183855903935957	295.067692765402	299.166884970278
-0.181721147431621	295.06858141595	299.204371566125
-0.179586390927285	295.069478052003	299.241924988022
-0.177451634422948	295.070382687561	299.279541175314
-0.175316877918612	295.071295335753	299.317216023834
-0.173182121414276	295.072216008828	299.354945386599
-0.17104736490994	295.073144718148	299.392725074519
-0.168912608405604	295.074081474178	299.430550857129
-0.166777851901267	295.075026286475	299.46841846333
-0.164643095396931	295.075979163683	299.506323582159
-0.162508338892595	295.076940113523	299.544261863567
-0.160373582388259	295.077909142783	299.582228919219
-0.158238825883923	295.078886257311	299.620220323309
-0.156104069379586	295.07987146201	299.658231613394
-0.15396931287525	295.080864760823	299.696258291242
-0.151834556370914	295.081866156734	299.734295823697
-0.149699799866578	295.082875651753	299.772339643562
-0.147565043362241	295.083893246914	299.810385150497
-0.145430286857905	295.084918942266	299.848427711931
-0.143295530353569	295.085952736863	299.886462663992
-0.141160773849233	295.086994628765	299.924485312452
-0.139026017344897	295.088044615023	299.962490933682
-0.13689126084056	295.089102691678	300.000474775631
-0.134756504336224	295.090168853754	300.038432058812
-0.132621747831888	295.091243095251	300.076357977304
-0.130486991327552	295.09232540914	300.114247699767
-0.128352234823216	295.093415787359	300.152096370475
-0.126217478318879	295.094514220804	300.189899110356
-0.124082721814543	295.095620699327	300.22765101805
-0.121947965310207	295.096735211733	300.265347170977
-0.11981320880587	295.09785774577	300.302982626415
-0.117678452301534	295.098988288129	300.340552422598
-0.115543695797198	295.10012682444	300.378051579819
-0.113408939292862	295.101273339265	300.41547510154
-0.111274182788526	295.102427816098	300.452817975529
-0.109139426284189	295.103590237358	300.490075174987
-0.107004669779853	295.10476058439	300.527241659705
-0.104869913275517	295.105938837459	300.564312377214
-0.102735156771181	295.107124975748	300.601282263956
-0.100600400266845	295.108318977357	300.638146246458
-0.0984656437625083	295.1095208193	300.674899242522
-0.096330887258172	295.110730477502	300.71153616241
-0.0941961307538358	295.1119479268	300.748051910052
-0.0920613742494995	295.113173140939	300.784441384253
-0.0899266177451634	295.114406092572	300.82069947991
-0.0877918612408272	295.115646753261	300.856821089231
-0.0856571047364909	295.116895093472	300.892801102971
-0.0835223482321547	295.11815108258	300.928634411661
-0.0813875917278184	295.119414688864	300.964315906852
-0.0792528352234823	295.120685879513	300.999840482364
-0.0771180787191459	295.121964620619	301.035203035529
-0.0749833222148098	295.123250877184	301.070398468456
-0.0728485657104736	295.12454461312	301.10542168928
-0.0707138092061373	295.125845791248	301.140267613435
-0.068579052701801	295.127154373299	301.174931164911
-0.0664442961974648	295.12847031992	301.209407277526
-0.0643095396931287	295.129793590674	301.243690896197
-0.0621747831887925	295.131124144041	301.277776978211
-0.0600400266844562	295.132461937422	301.3116604945
-0.0579052701801199	295.133806927142	301.345336430911
-0.0557705136757837	295.135159068452	301.378799789487
-0.0536357571714476	295.136518315535	301.412045589738
-0.0515010006671112	295.137884621506	301.445068869914
-0.0493662441627751	295.139257938422	301.477864688284
-0.0472314876584389	295.140638217278	301.5104281244
-0.0450967311541026	295.142025408019	301.542754280375
-0.0429619746497663	295.143419459541	301.574838282145
-0.0408272181454301	295.144820319696	301.606675280738
-0.038692461641094	295.146227935301	301.638260453535
-0.0365577051367578	295.147642252139	301.669589005525
-0.0344229486324215	295.149063214967	301.700656170567
-0.0322881921280852	295.150490767523	301.731457212633
-0.0301534356237492	295.151924852532	301.761987427055
-0.0280186791194129	295.15336541171	301.792242141766
-0.0258839226150767	295.154812385777	301.822216718532
-0.0237491661107404	295.156265714457	301.851906554181
-0.0216144096064041	295.157725336491	301.881307081822
-0.0194796531020681	295.159191189643	301.91041377206
-0.0173448965977316	295.160663210708	301.939222134203
-0.0152101400933956	295.162141335519	301.967727717456
-0.0130753835890593	295.163625498958	301.995926112113
-0.0109406270847231	295.165115634963	302.023812950739
-0.00880587058038679	295.166611676538	302.05138390934
-0.00667111407605053	295.168113555761	302.078634708523
-0.00453635757171448	295.169621203797	302.105561114649
-0.00240160106737822	295.171134550901	302.132158940973
-0.000266844563041957	295.172653526438	302.158424048775
0.0018679119412943	295.174178058883	302.184352348476
0.00400266844563056	295.175708075838	302.209939800747
0.00613742494996662	295.177243504041	302.235182417602
0.00827218145430308	295.178784269377	302.260076263477
0.0104069379586391	295.180330296888	302.284617456304
0.0125416944629754	295.181881510789	302.30880216856
0.0146764509673117	295.183437834472	302.332626628313
0.0168112074716479	295.184999190525	302.356087120247
0.0189459639759842	295.186565500741	302.379179986673
0.0210807204803202	295.18813668613	302.40190162853
0.0232154769846565	295.189712666932	302.424248506362
0.0253502334889928	295.191293362633	302.44621714129
0.027484989993329	295.192878691971	302.467804115957
0.0296197464976653	295.194468572956	302.489006075465
0.0317545030020015	295.196062922879	302.509819728292
0.0338892595063378	295.197661658329	302.530241847191
0.0360240160106738	295.199264695203	302.550269270072
0.0381587725150101	295.200871948723	302.569898900868
0.0402935290193464	295.202483333449	302.589127710381
0.0424282855236826	295.204098763294	302.607952737108
0.0445630420280189	295.205718151536	302.626371088056
0.0466977985323549	295.207341410835	302.644379939526
0.0488325550366912	295.20896845325	302.661976537888
0.0509673115410273	295.210599190249	302.679158200331
0.0531020680453637	295.212233532727	302.695922315594
0.0552368245497	295.21387139102	302.71226634468
0.057371581054036	295.215512674924	302.728187821542
0.0595063375583723	295.217157293706	302.743684353758
0.0616410940627088	295.218805156122	302.758753623177
0.0637758505670448	295.220456170433	302.773393386547
0.0659106070713811	295.22211024442	302.787601476122
0.0680453635757171	295.223767285403	302.80137580025
0.0701801200800534	295.225427200253	302.814714343928
0.0723148765843899	295.227089895412	302.827615169351
0.0744496330887259	295.228755276907	302.840076416425
0.0765843895930622	295.230423250368	302.852096303265
0.0787191460973984	295.232093721046	302.863673126666
0.0808539026017345	295.233766593828	302.874805262555
0.0829886591060709	295.235441773252	302.885491166419
0.085123415610407	295.23711916353	302.895729373707
0.0872581721147433	295.238798668558	302.905518500209
0.0893929286190795	295.24048019194	302.914857242417
0.0915276851234156	295.242163637	302.923744377853
0.093662441627752	295.243848906801	302.932178765386
0.0957971981320883	295.245535904165	302.940159345506
0.0979319546364244	295.247224531687	302.947685140599
0.100066711140761	295.248914691752	302.954755255172
0.102201467645097	295.250606286559	302.961368876073
0.104336224149433	295.252299218129	302.967525272681
0.106470980653769	295.253993388331	302.973223797062
0.108605737158105	295.255688698895	302.978463884118
0.110740493662442	295.257385051432	302.983245051699
0.112875250166778	295.25908234745	302.98756690069
0.115010006671114	295.260780488375	302.991429115084
0.11714476317545	295.262479375562	302.994831462019
0.119279519679787	295.264178910323	302.997773791796
0.121414276184123	295.265878993934	303.000256037873
0.123549032688459	295.267579527662	303.00227821683
0.125683789192795	295.269280412775	303.003840428314
0.127818545697132	295.270981550568	303.004942854957
0.129953302201468	295.272682842372	303.005585762271
0.132088058705804	295.274384189578	303.005769498515
0.13422281521014	295.276085493654	303.005494494544
0.136357571714476	295.277786656159	303.004761263624
0.138492328218813	295.279487578765	303.003570401234
0.140627084723149	295.281188163271	303.001922584835
0.142761841227485	295.282888311625	302.999818573616
0.144896597731821	295.284587925935	302.997259208224
0.147031354236158	295.286286908494	302.994245410456
0.149166110740494	295.287985161791	302.990778182942
0.15130086724483	295.289682588533	302.986858608792
0.153435623749166	295.291379091658	302.982487851229
0.155570380253502	295.293074574356	302.97766715319
0.157705136757839	295.294768940083	302.972397836912
0.159839893262175	295.296462092581	302.96668130349
0.161974649766511	295.298153935891	302.960519032409
0.164109406270847	295.299844374375	302.953912581065
0.166244162775183	295.301533312727	302.946863584247
0.16837891927952	295.303220655995	302.939373753614
0.170513675783856	295.304906309591	302.931444877134
0.172648432288192	295.306590179314	302.923078818512
0.174783188792528	295.308272171364	302.914277516593
0.176917945296865	295.309952192354	302.905042984742
0.179052701801201	295.311630149332	302.895377310204
0.181187458305537	295.313305949795	302.885282653445
0.183322214809873	295.314979501701	302.874761247467
0.18545697131421	295.316650713489	302.863815397109
0.187591727818546	295.318319494092	302.852447478324
0.189726484322882	295.319985752955	302.840659937437
0.191861240827218	295.321649400046	302.828455290383
0.193995997331554	295.323310345873	302.815836121927
0.196130753835891	295.324968501501	302.802805084864
0.198265510340227	295.326623778561	302.789364899201
0.200400266844563	295.328276089271	302.775518351321
0.202535023348899	295.329925346443	302.761268293125
0.204669779853236	295.331571463505	302.746617641167
0.206804536357572	295.333214354509	302.731569375757
0.208939292861908	295.334853934145	302.716126540058
0.211074049366244	295.336490117758	302.700292239166
0.213208805870581	295.338122821358	302.684069639166
0.215343562374917	295.339751961635	302.667461966178
0.217478318879253	295.341377455971	302.650472505391
0.219613075383589	295.34299922245	302.633104600073
0.221747831887926	295.344617179878	302.615361650574
0.223882588392262	295.346231247786	302.59724711331
0.226017344896598	295.347841346449	302.578764499735
0.228152101400934	295.349447396894	302.559917375301
0.23028685790527	295.351049320912	302.540709358402
0.232421614409607	295.352647041071	302.521144119308
0.234556370913943	295.354240480728	302.501225379083
0.236691127418279	295.355829564034	302.4809569085
0.238825883922615	295.357414215951	302.460342526929
0.240960640426951	295.35899436226	302.439386101234
0.243095396931288	295.36056992957	302.418091544643
0.245230153435624	295.362140845332	302.396462815613
0.24736490993996	295.363707037842	302.374503916691
0.249499666444296	295.365268436258	302.35221889336
0.251634422948632	295.366824970601	302.329611832877
0.253769179452969	295.368376571773	302.306686863102
0.255903935957305	295.369923171559	302.283448151326
0.258038692461641	295.371464702637	302.259899903078
0.260173448965977	295.373001098587	302.236046360945
0.262308205470314	295.374532293899	302.211891803362
0.26444296197465	295.37605822398	302.187440543418
0.266577718478986	295.377578825163	302.162696927642
0.268712474983322	295.379094034711	302.13766533479
0.270847231487659	295.380603790826	302.112350174625
0.272981987991995	295.382108032658	302.086755886699
0.275116744496331	295.383606700304	302.060886939119
0.277251501000667	295.385099734823	302.034747827326
0.279386257505003	295.386587078237	302.008343072855
0.28152101400934	295.388068673536	301.981677222108
0.283655770513676	295.389544464685	301.954754845112
0.285790527018012	295.39101439663	301.927580534286
0.287925283522348	295.3924784153	301.900158903201
0.290060040026685	295.393936467613	301.872494585343
0.292194796531021	295.395388501482	301.844592232871
0.294329553035357	295.396834465814	301.816456515387
0.296464309539693	295.398274310522	301.788092118691
0.29859906604403	295.399707986517	301.759503743551
0.300733822548366	295.401135445724	301.730696104471
0.302868579052702	295.402556641075	301.701673928456
0.305003335557038	295.403971526515	301.672441953787
0.307138092061375	295.405380057006	301.643004928798
0.309272848565711	295.406782188528	301.613367610652
0.311407605070047	295.40817787808	301.583534764127
0.313542361574383	295.409567083682	301.553511160405
0.315677118078719	295.410949764377	301.523301575862
0.317811874583056	295.412325880233	301.492910790869
0.319946631087392	295.41369539234	301.462343588599
0.322081387591728	295.415058262816	301.431604753833
0.324216144096064	295.416414454803	301.400699071781
0.3263509006004	295.417763932469	301.369631326907
0.328485657104737	295.419106661007	301.338406301763
0.330620413609073	295.420442606636	301.307028775823
0.332755170113409	295.421771736598	301.275503524341
0.334889926617745	295.423094019161	301.243835317202
0.337024683122081	295.424409423613	301.212028917792
0.339159439626418	295.425717920264	301.180089081872
0.341294196130754	295.427019480443	301.148020556466
0.34342895263509	295.428314076495	301.115828078756
0.345563709139426	295.429601681783	301.083516374991
0.347698465643763	295.430882270682	301.051090159402
0.349833222148099	295.432155818577	301.018554133133
0.351967978652435	295.433422301859	300.985912983181
0.354102735156771	295.434681697927	300.95317138135
0.356237491661108	295.435933985178	300.920333983214
0.358372248165444	295.437179143009	300.887405427094
0.36050700466978	295.438417151811	300.854390333052
0.362641761174116	295.439647992962	300.821293301891
0.364776517678453	295.440871648831	300.788118914172
0.366911274182789	295.442088102765	300.754871729247
0.369046030687125	295.443297339089	300.721556284302
0.371180787191461	295.444499343101	300.688177093416
0.373315543695797	295.445694101066	300.654738646635
0.375450300200134	295.446881600212	300.621245409059
0.37758505670447	295.448061828723	300.587701819947
0.379719813208806	295.449234775734	300.554112291836
0.381854569713142	295.450400431326	300.52048120967
0.383989326217478	295.451558786522	300.486812929956
0.386124082721815	295.452709833276	300.453111779926
0.388258839226151	295.453853564469	300.419382056718
0.390393595730487	295.454989973905	300.385628026575
0.392528352234824	295.456119056301	300.351853924061
0.394663108739159	295.457240807282	300.318063951288
0.396797865243496	295.458355223374	300.284262277167
0.398932621747832	295.459462301995	300.250453036668
0.401067378252168	295.460562041449	300.216640330109
0.403202134756504	295.461654440922	300.182828222446
0.40533689126084	295.462739500467	300.149020742596
0.407471647765177	295.463817221003	300.115221882768
0.409606404269513	295.464887604304	300.08143559781
0.411741160773849	295.465950652991	300.047665804587
0.413875917278186	295.467006370525	300.013916381357
0.416010673782522	295.468054761198	299.980191167181
0.418145430286858	295.469095830124	299.946493961346
0.420280186791194	295.470129583233	299.9128285228
0.42241494329553	295.471156027258	299.879198569612
0.424549699799867	295.472175169731	299.845607778451
0.426684456304203	295.473187018972	299.812059784076
0.428819212808539	295.474191584078	299.778558178847
0.430953969312875	295.475188874918	299.745106512261
0.433088725817212	295.476178902119	299.711708290494
0.435223482321548	295.477161677063	299.678366975969
0.437358238825884	295.478137211872	299.645085986943
0.43949299533022	295.479105519399	299.611868697105
0.441627751834556	295.480066613223	299.578718435201
0.443762508338893	295.481020507635	299.545638484667
0.445897264843229	295.48196721763	299.512632083292
0.448032021347565	295.482906758896	299.479702422886
0.450166777851902	295.483839147806	299.446852648977
0.452301534356238	295.484764401407	299.414085860515
0.454436290860574	295.48568253741	299.381405109608
0.45657104736491	295.486593574179	299.34881340126
0.458705803869246	295.487497530725	299.316313693137
0.460840560373583	295.48839442669	299.283908895347
0.462975316877919	295.489284282341	299.251601870236
0.465110073382255	295.490167118558	299.219395432205
0.467244829886591	295.491042956824	299.187292347541
0.469379586390927	295.491911819216	299.155295334266
0.471514342895264	295.492773728392	299.123407062002
0.4736490993996	295.493628707583	299.091630151854
0.475783855903936	295.494476780582	299.05996717631
0.477918612408272	295.495317971732	299.028420659156
0.480053368912608	295.49615230592	298.996993075406
0.482188125416945	295.496979808561	298.965686851252
0.484322881921281	295.497800505589	298.934504364028
0.486457638425617	295.49861442345	298.903447942187
0.488592394929953	295.499421589088	298.872519865299
0.49072715143429	295.500222029936	298.841722364061
0.492861907938626	295.501015773904	298.811057620321
0.494996664442962	295.501802849372	298.780527767122
0.497131420947298	295.502583285174	298.750134888753
0.499266177451634	295.503357110594	298.719881020825
0.501400933955971	295.50412435535	298.689768150351
0.503535690460307	295.504885049588	298.659798215847
0.505670446964643	295.505639223867	298.629973107447
0.50780520346898	295.506386909153	298.600294667023
0.509939959973316	295.507128136807	298.570764688334
0.512074716477652	295.507862938573	298.541384917172
0.514209472981988	295.508591346571	298.512157051534
0.516344229486324	295.509313393283	298.483082741797
0.518478985990661	295.510029111548	298.454163590916
0.520613742494997	295.510738534546	298.425401154621
0.522748498999333	295.511441695791	298.396796941641
0.524883255503669	295.512138629121	298.368352413928
0.527018012008005	295.512829368687	298.340068986898
0.529152768512342	295.513513948944	298.311948029684
0.531287525016678	295.514192404641	298.283990865398
0.533422281521014	295.514864770809	298.256198771405
0.53555703802535	295.515531082755	298.228572979606
0.537691794529687	295.516191376049	298.201114676736
0.539826551034023	295.516845686515	298.173825004664
0.541961307538359	295.517494050224	298.146705060712
0.544096064042695	295.51813650348	298.119755897979
0.546230820547032	295.518773082814	298.092978525672
0.548365577051368	295.519403824975	298.066373909451
0.550500333555704	295.520028766915	298.039942971781
0.55263509006004	295.520647945789	298.013686592291
0.554769846564376	295.521261398937	297.987605608145
0.556904603068713	295.52186916388	297.961700814414
0.559039359573049	295.52247127831	297.935972964465
0.561174116077385	295.52306778008	297.910422770352
0.563308872581721	295.523658707196	297.885050903214
0.565443629086057	295.52424409781	297.859857993682
0.567578385590394	295.524823990205	297.834844632293
0.56971314209473	295.525398422795	297.810011369908
0.571847898599066	295.52596743411	297.785358718138
0.573982655103402	295.526531062792	297.760887149777
0.576117411607739	295.527089347583	297.736597099238
0.578252168112075	295.527642327318	297.712488962999
0.580386924616411	295.528190040919	297.688563100045
0.582521681120747	295.528732527383	297.66481983233
0.584656437625083	295.529269825779	297.641259445227
0.58679119412942	295.529801975236	297.617882187993
0.588925950633756	295.530329014936	297.594688274238
0.591060707138092	295.530850984109	297.571677882392
0.593195463642428	295.531367922021	297.548851156182
0.595330220146765	295.531879867972	297.526208205109
0.597464976651101	295.532386861284	297.503749104926
0.599599733155437	295.532888941296	297.481473898129
0.601734489659773	295.533386147356	297.459382594436
0.60386924616411	295.533878518816	297.437475171282
0.606004002668446	295.534366095023	297.415751574309
0.608138759172782	295.53484891531	297.39421171786
0.610273515677118	295.535327018997	297.372855485473
0.612408272181454	295.535800445374	297.351682730382
0.614543028685791	295.536269233705	297.330693276014
0.616677785190127	295.536733423212	297.309886916486
0.618812541694463	295.537193053077	297.289263417113
0.620947298198799	295.53764816243	297.268822514904
0.623082054703135	295.538098790346	297.248563919068
0.625216811207472	295.538544975837	297.228487311514
0.627351567711808	295.538986757848	297.208592347358
0.629486324216144	295.539424175251	297.188878655423
0.63162108072048	295.539857266838	297.169345838743
0.633755837224817	295.540286071317	297.149993475067
0.635890593729153	295.540710627305	297.13082111736
0.638025350233489	295.541130973325	297.111828294303
0.640160106737825	295.541547147799	297.093014510798
0.642294863242161	295.541959189042	297.074379248461
0.644429619746498	295.54236713526	297.055921966127
0.646564376250834	295.542771024542	297.037642100342
0.64869913275517	295.543170894859	297.01953906586
0.650833889259506	295.543566784055	297.001612256137
0.652968645763843	295.543958729845	296.983861043822
0.655103402268179	295.544346769811	296.966284781244
0.657238158772515	295.544730941394	296.948882800907
0.659372915276851	295.545111281896	296.931654415965
0.661507671781188	295.54548782847	296.914598920713
0.663642428285524	295.545860618119	296.897715591062
0.66577718478986	295.546229687691	296.881003685019
0.667911941294197	295.546595073875	296.864462443158
0.670046697798533	295.546956813199	296.848091089097
0.672181454302869	295.547314942024	296.83188882996
0.674316210807205	295.547669496542	296.815854856847
0.676450967311541	295.548020512773	296.799988345291
0.678585723815878	295.548368026559	296.784288455721
0.680720480320214	295.548712073565	296.768754333914
0.68285523682455	295.549052689271	296.753385111446
0.684989993328886	295.549389908972	296.738179906139
0.687124749833222	295.549723767776	296.723137822505
0.689259506337559	295.550054300598	296.708257952187
0.691394262841895	295.550381542159	296.693539374389
0.693529019346231	295.550705526984	296.678981156313
0.695663775850567	295.551026289399	296.664582353583
0.697798532354903	295.551343863527	296.650342010669
0.69993328885924	295.551658283286	296.636259161303
0.702068045363576	295.55196958239	296.622332828894
0.704202801867912	295.552277794342	296.60856202694
0.706337558372248	295.552582952435	296.594945759427
0.708472314876584	295.55288508975	296.581483021234
0.71060707138092	295.553184239151	296.568172798526
0.712741827885257	295.553480433288	296.555014069147
0.714876584389593	295.553773704589	296.542005803
0.717011340893929	295.554064085265	296.529146962438
0.719146097398266	295.554351607304	296.516436502627
0.721280853902602	295.55463630247	296.503873371931
0.723415610406938	295.554918202303	296.491456512265
0.725550366911275	295.555197338118	296.479184859466
0.727685123415611	295.555473740999	296.467057343646
0.729819879919947	295.555747441804	296.455072889538
0.731954636424283	295.556018471162	296.443230416851
0.734089392928619	295.556286859467	296.431528840603
0.736224149432956	295.556552636886	296.419967071459
0.738358905937292	295.556815833349	296.408544016063
0.740493662441628	295.557076478555	296.397258577362
0.742628418945964	295.557334601968	296.386109654924
0.7447631754503	295.557590232814	296.375096145256
0.746897931954637	295.557843400088	296.364216942111
0.749032688458973	295.558094132543	296.353470936794
0.751167444963309	295.5583424587	296.34285701846
0.753302201467645	295.55858840684	296.332374074408
0.755436957971981	295.558832005005	296.322020990369
0.757571714476318	295.559073281001	296.311796650789
0.759706470980654	295.559312262395	296.30169993911
0.76184122748499	295.559548976515	296.291729738039
0.763975983989326	295.559783450449	296.281884929817
0.766110740493662	295.560015711048	296.272164396482
0.768245496997999	295.560245784923	296.262567020127
0.770380253502335	295.560473698447	296.253091683148
0.772515010006671	295.560699477751	296.243737268496
0.774649766511007	295.560923148732	296.234502659915
0.776784523015344	295.561144737044	296.22538674218
0.77891927951968	295.561364268105	296.21638840133
0.781054036024016	295.561581767094	296.207506524889
0.783188792528352	295.561797258952	296.198740002095
0.785323549032689	295.562010768383	296.19008772411
0.787458305537025	295.562222319855	296.181548584235
0.789593062041361	295.562431937597	296.173121478115
0.791727818545697	295.562639645604	296.16480530394
0.793862575050034	295.562845467633	296.156598962642
0.79599733155437	295.56304942721	296.148501358088
0.798132088058706	295.563251547622	296.140511397264
0.800266844563042	295.563451851926	296.132627990461
0.802401601067378	295.563650362945	296.124850051448
0.804536357571715	295.563847103269	296.117176497648
0.806671114076051	295.564042095257	296.109606250304
0.808805870580387	295.564235361037	296.102138234644
0.810940627084723	295.564426922509	296.094771380037
0.813075383589059	295.564616801342	296.087504620151
0.815210140093396	295.564805018978	296.0803368931
0.817344896597732	295.564991596632	296.07326714159
0.819479653102068	295.565176555292	296.066294313058
0.821614409606404	295.565359915723	296.059417359814
0.82374916611074	295.565541698465	296.052635239166
0.825883922615077	295.565721923835	296.045946913554
0.828018679119413	295.565900611928	296.03935135067
0.830153435623749	295.566077782619	296.032847523579
0.832288192128085	295.566253455562	296.026434410835
0.834422948632422	295.566427650195	296.020110996591
0.836557705136758	295.566600385737	296.013876270707
0.838692461641094	295.566771681192	296.007729228854
0.84082721814543	295.566941555349	296.001668872615
0.842961974649767	295.567110026784	295.995694209575
0.845096731154103	295.56727711386	295.98980425342
0.847231487658439	295.56744283473	295.983998024022
0.849366244162776	295.567607207337	295.978274547522
0.851501000667112	295.567770249416	295.972632856414
0.853635757171448	295.567931978496	295.967071989621
0.855770513675784	295.5680924119	295.961590992566
0.85790527018012	295.568251566746	295.956188917249
0.860040026684456	295.56840945995	295.950864822307
0.862174783188793	295.568566108229	295.945617773082
0.864309539693129	295.568721528097	295.940446841679
0.866444296197465	295.568875735871	295.935351107025
0.868579052701801	295.569028747671	295.930329654919
0.870713809206137	295.569180579423	295.925381578089
0.872848565710474	295.569331246857	295.920505976234
0.87498332221481	295.569480765511	295.915701956071
0.877118078719146	295.569629150734	295.910968631376
0.879252835223482	295.569776417684	295.906305123025
0.881387591727818	295.569922581331	295.901710559025
0.883522348232155	295.57006765646	295.897184074553
0.885657104736491	295.570211657669	295.892724811983
0.887791861240827	295.570354599374	295.888331920912
0.889926617745163	295.570496495811	295.884004558189
0.892061374249499	295.570637361033	295.879741887936
0.894196130753836	295.570777208915	295.875543081567
0.896330887258172	295.570916053157	295.871407317806
0.898465643762508	295.571053907281	295.8673337827
0.900600400266845	295.571190784636	295.863321669638
0.902735156771181	295.571326698399	295.859370179353
0.904869913275517	295.571461661577	295.855478519937
0.907004669779854	295.571595687006	295.851645906842
0.90913942628419	295.571728787355	295.847871562886
0.911274182788526	295.571860975128	295.844154718254
0.913408939292862	295.571992262663	295.840494610499
0.915543695797198	295.572122662137	295.836890484537
0.917678452301535	295.572252185563	295.833341592644
0.919813208805871	295.572380844797	295.82984719445
0.921947965310207	295.572508651535	295.82640655693
0.924082721814543	295.572635617317	295.823018954393
0.926217478318879	295.572761753529	295.819683668473
0.928352234823216	295.572887071403	295.816399988113
0.930486991327552	295.573011582017	295.813167209551
0.932621747831888	295.573135296301	295.809984636303
0.934756504336224	295.573258225036	295.806851579143
0.936891260840561	295.573380378856	295.803767356087
0.939026017344897	295.573501768249	295.800731292367
0.941160773849233	295.573622403557	295.797742720411
0.943295530353569	295.573742294982	295.794800979817
0.945430286857905	295.573861452585	295.791905417331
0.947565043362242	295.573979886286	295.789055386814
0.949699799866578	295.574097605867	295.78625024922
0.951834556370914	295.574214620974	295.783489372561
0.95396931287525	295.57433094112	295.780772131881
0.956104069379586	295.574446575681	295.778097909221
0.958238825883923	295.574561533903	295.775466093589
0.960373582388259	295.574675824902	295.772876080922
0.962508338892595	295.574789457665	295.770327274055
0.964643095396931	295.574902441048	295.767819082684
0.966777851901268	295.575014783787	295.765350923324
0.968912608405604	295.575126494489	295.762922219282
0.97104736490994	295.575237581638	295.760532400605
0.973182121414276	295.575348053599	295.758180904051
0.975316877918613	295.575457918615	295.755867173044
0.977451634422949	295.57556718481	295.753590657633
0.979586390927285	295.57567586019	295.751350814448
0.981721147431621	295.575783952648	295.749147106662
0.983855903935957	295.57589146996	295.746979003945
0.985990660440294	295.575998419788	295.744845982418
0.98812541694463	295.576104809684	295.742747524614
0.990260173448966	295.576210647089	295.740683119426
0.992394929953302	295.576315939335	295.738652262064
0.994529686457639	295.576420693646	295.736654454011
0.996664442961975	295.57652491714	295.734689202974
0.998799199466311	295.57662861683	295.732756022835
1.00093395597065	295.576731799623	295.730854433606
1.00306871247498	295.576834472328	295.72898396138
1.00520346897932	295.57693664165	295.727144138282
1.00733822548366	295.577038314193	295.725334502419
1.00947298198799	295.577139496465	295.723554597834
1.01160773849233	295.577240194876	295.721803974454
1.01374249499666	295.577340415739	295.720082188039
1.015877251501	295.577440165274	295.718388800135
1.01801200800534	295.577539449606	295.71672337802
1.02014676450967	295.577638274768	295.715085494656
1.02228152101401	295.577736646701	295.713474728639
1.02441627751835	295.577834571259	295.711890664145
1.02655103402268	295.577932054204	295.710332890879
1.02868579052702	295.578029101213	295.708801004028
1.03082054703135	295.578125717874	295.707294604205
1.03295530353569	295.578221909693	295.705813297397
1.03509006004003	295.578317682089	295.70435669492
1.03722481654436	295.578413040401	295.702924413358
1.0393595730487	295.578507989883	295.70151607452
1.04149432955304	295.578602535712	295.700131305383
1.04362908605737	295.578696682982	295.698769738041
1.04576384256171	295.578790436711	295.697431009655
1.04789859906604	295.578883801838	295.6961147624
1.05003335557038	295.578976783227	295.694820643415
1.05216811207472	295.579069385665	295.693548304747
1.05430286857905	295.579161613868	295.692297403307
1.05643762508339	295.579253472476	295.691067600811
1.05857238158773	295.579344966057	295.689858563733
1.06070713809206	295.57943609911	295.688669963255
1.0628418945964	295.579526876063	295.68750147521
1.06497665110073	295.579617301272	295.686352780038
1.06711140760507	295.57970737903	295.68522356273
1.06924616410941	295.57979711356	295.684113512781
1.07138092061374	295.579886509018	295.683022324137
1.07351567711808	295.579975569496	295.681949695148
1.07565043362242	295.580064299023	295.680895328514
1.07778519012675	295.580152701562	295.679858931236
1.07991994663109	295.580240781016	295.67884021457
1.08205470313542	295.580328541224	295.677838893975
1.08418945963976	295.580415985967	295.676854689061
1.0863242161441	295.580503118965	295.675887323547
1.08845897264843	295.580589943879	295.674936525205
1.09059372915277	295.580676464312	295.674002025818
1.0927284856571	295.58076268381	295.673083561127
1.09486324216144	295.580848605863	295.672180870786
1.09699799866578	295.580934233906	295.671293698313
1.09913275517011	295.581019571318	295.670421791044
1.10126751167445	295.581104621425	295.669564900085
1.10340226817879	295.581189387501	295.668722780268
1.10553702468312	295.581273872766	295.667895190098
1.10767178118746	295.581358080389	295.667081891717
1.10980653769179	295.58144201349	295.666282650848
1.11194129419613	295.581525675137	295.665497236758
1.11407605070047	295.58160906835	295.664725422207
1.1162108072048	295.5816921961	295.663966983407
1.11834556370914	295.581775061312	295.663221699976
1.12048032021348	295.581857666861	295.662489354896
1.12261507671781	295.58194001558	295.661769734465
1.12474983322215	295.582022110253	295.661062628258
1.12688458972648	295.582103953621	295.660367829084
1.12901934623082	295.58218554838	295.65968513294
1.13115410273516	295.582266897183	295.65901433897
1.13328885923949	295.582348002641	295.658355249427
1.13542361574383	295.582428867322	295.657707669626
1.13755837224817	295.582509493753	295.657071407906
1.1396931287525	295.582589884419	295.656446275589
1.14182788525684	295.582670041767	295.655832086938
1.14396264176117	295.582749968204	295.65522865912
1.14609739826551	295.582829666096	295.654635812162
1.14823215476985	295.582909137774	295.654053368918
1.15036691127418	295.58298838553	295.653481155023
1.15250166777852	295.583067411617	295.652918998861
1.15463642428286	295.583146218254	295.65236673152
1.15677118078719	295.583224807623	295.651824186764
1.15890593729153	295.583303181871	295.651291200983
1.16104069379586	295.583381343111	295.650767613169
1.1631754503002	295.583459293421	295.650253264869
1.16531020680454	295.583537034844	295.649748000156
1.16744496330887	295.583614569392	295.649251665589
1.16957971981321	295.583691899044	295.648764110178
1.17171447631755	295.583769025747	295.648285185352
1.17384923282188	295.583845951414	295.647814744922
1.17598398932622	295.583922677931	295.647352645044
1.17811874583055	295.58399920715	295.646898744191
1.18025350233489	295.584075540896	295.646452903116
1.18238825883923	295.584151680961	295.646014984818
1.18452301534356	295.584227629111	295.645584854512
1.1866577718479	295.584303387082	295.645162379594
1.18879252835223	295.584378956582	295.644747429611
1.19092728485657	295.584454339291	295.644339876227
1.19306204136091	295.584529536862	295.643939593196
1.19519679786524	295.584604550921	295.643546456326
1.19733155436958	295.58467938307	295.64316034345
1.19946631087392	295.58475403488	295.642781134399
1.20160106737825	295.584828507902	295.642408710969
1.20373582388259	295.584902803658	295.642042956891
1.20587058038692	295.584976923648	295.641683757804
1.20800533689126	295.585050869346	295.641331001226
1.2101400933956	295.585124642203	295.640984576524
1.21227484989993	295.585198243645	295.640644374889
1.21440960640427	295.585271675078	295.640310289302
1.21654436290861	295.585344937883	295.639982214517
1.21867911941294	295.58541803342	295.639660047024
1.22081387591728	295.585490963024	295.639343685028
1.22294863242161	295.585563728013	295.63903302842
1.22508338892595	295.585636329681	295.638727978753
1.22721814543029	295.585708769301	295.638428439217
1.22935290193462	295.585781048127	295.638134314609
1.23148765843896	295.585853167392	295.637845511314
1.2336224149433	295.585925128309	295.637561937278
1.23575717144763	295.585996932071	295.637283501982
1.23789192795197	295.586068579854	295.637010116419
1.2400266844563	295.586140072812	295.636741693074
1.24216144096064	295.586211412084	295.636478145894
1.24429619746498	295.586282598789	295.636219390272
1.24643095396931	295.586353634026	295.635965343017
1.24856571047365	295.58642451888	295.635715922338
1.25070046697799	295.586495254418	295.63547104782
1.25283522348232	295.586565841687	295.635230640399
1.25496997998666	295.586636281722	295.634994622346
1.25710473649099	295.586706575537	295.634762917241
1.25923949299533	295.586776724133	295.634535449955
1.26137424949967	295.586846728493	295.634312146629
1.263509006004	295.586916589586	295.634092934653
1.26564376250834	295.586986308366	295.633877742644
1.26777851901268	295.58705588577	295.633666500433
1.26991327551701	295.587125322721	295.633459139037
1.27204803202135	295.587194620127	295.633255590647
1.27418278852568	295.587263778884	295.633055788603
1.27631754503002	295.587332799871	295.632859667381
1.27845230153436	295.587401683955	295.632667162572
1.28058705803869	295.587470431988	295.632478210862
1.28272181454303	295.587539044809	295.632292750019
1.28485657104737	295.587607523246	295.63211071887
1.2869913275517	295.587675868111	295.631932057288
1.28912608405604	295.587744080205	295.631756706174
1.29126084056037	295.587812160316	295.631584607438
1.29339559706471	295.58788010922	295.631415703984
1.29553035356905	295.587947927681	295.631249939696
1.29766511007338	295.58801561645	295.631087259417
1.29979986657772	295.58808317627	295.630927608937
1.30193462308205	295.588150607868	295.630770934977
1.30406937958639	295.588217911962	295.630617185173
1.30620413609073	295.588285089259	295.630466308059
1.30833889259506	295.588352140454	295.630318253057
1.3104736490994	295.588419066234	295.630172970457
1.31260840560374	295.588485867273	295.630030411406
1.31474316210807	295.588552544235	295.629890527892
1.31687791861241	295.588619097775	295.629753272732
1.31901267511674	295.588685528537	295.629618599557
1.32114743162108	295.588751837155	295.629486462796
1.32328218812542	295.588818024256	295.629356817669
1.32541694462975	295.588884090454	295.629229620167
1.32755170113409	295.588950036356	295.629104827043
1.32968645763843	295.58901586256	295.628982395798
1.33182121414276	295.589081569653	295.62886228467
1.3339559706471	295.589147158215	295.628744452619
1.33609072715143	295.589212628817	295.628628859316
1.33822548365577	295.589277982022	295.628515465134
1.34036024016011	295.589343218384	295.62840423113
1.34249499666444	295.589408338449	295.62829511904
1.34462975316878	295.589473342754	295.628188091262
1.34676450967312	295.58953823183	295.62808311085
1.34889926617745	295.589603006199	295.627980141497
1.35103402268179	295.589667666375	295.627879147531
1.35316877918612	295.589732212867	295.627780093899
1.35530353569046	295.589796646173	295.627682946158
1.3574382921948	295.589860966786	295.627587670466
1.35957304869913	295.589925175192	295.627494233569
1.36170780520347	295.589989271868	295.627402602794
1.36384256170781	295.590053257288	295.627312746038
1.36597731821214	295.590117131915	295.627224631758
1.36811207471648	295.590180896208	295.627138228961
1.37024683122081	295.590244550619	295.627053507195
1.37238158772515	295.590308095593	295.626970436541
1.37451634422949	295.590371531569	295.626888987602
1.37665110073382	295.59043485898	295.626809131496
1.37878585723816	295.590498078254	295.626730839844
1.38092061374249	295.59056118981	295.626654084767
1.38305537024683	295.590624194065	295.626578838871
1.38519012675117	295.590687091428	295.626505075242
1.3873248832555	295.590749882302	295.626432767439
1.38945963975984	295.590812567085	295.626361889482
1.39159439626418	295.590875146171	295.626292415849
1.39372915276851	295.590937619947	295.626224321464
1.39586390927285	295.590999988795	295.626157581691
1.39799866577719	295.591062253092	295.626092172325
1.40013342228152	295.59112441321	295.626028069588
1.40226817878586	295.591186469516	295.625965250118
1.40440293529019	295.591248422373	295.625903690965
1.40653769179453	295.591310272137	295.625843369579
1.40867244829887	295.591372019162	295.62578426381
1.4108072048032	295.591433663795	295.625726351894
1.41294196130754	295.591495206379	295.625669612452
1.41507671781188	295.591556647254	295.62561402448
1.41721147431621	295.591617986755	295.625559567343
1.41934623082055	295.591679225211	295.625506220771
1.42148098732488	295.591740362949	295.625453964848
1.42361574382922	295.59180140029	295.625402780012
1.42575050033356	295.591862337553	295.625352647042
1.42788525683789	295.591923175051	295.625303547058
1.43002001334223	295.591983913094	295.625255461512
1.43215476984656	295.592044551988	295.625208372183
1.4342895263509	295.592105092035	295.625162261171
1.43642428285524	295.592165533534	295.625117110891
1.43855903935957	295.59222587678	295.625072904069
1.44069379586391	295.592286122063	295.625029623735
1.44282855236825	295.592346269672	295.624987253221
1.44496330887258	295.59240631989	295.624945776148
1.44709806537692	295.592466272999	295.624905176432
1.44923282188125	295.592526129275	295.624865438268
1.45136757838559	295.592585888994	295.624826546134
1.45350233488993	295.592645552425	295.624788484779
1.45563709139426	295.592705119837	295.624751239223
1.4577718478986	295.592764591494	295.624714794751
1.45990660440294	295.592823967657	295.624679136908
1.46204136090727	295.592883248586	295.624644251494
1.46417611741161	295.592942434536	295.624610124559
1.46631087391594	295.59300152576	295.624576742402
1.46844563042028	295.593060522507	295.624544091563
1.47058038692462	295.593119425024	295.62451215882
1.47271514342895	295.593178233556	295.624480931186
1.47484989993329	295.593236948344	295.624450395901
1.47698465643763	295.593295569628	295.624420540435
1.47911941294196	295.593354097643	295.624391352477
1.4812541694463	295.593412532623	295.624362819934
1.48338892595063	295.5934708748	295.624334930928
1.48552368245497	295.593529124402	295.624307673792
1.48765843895931	295.593587281656	295.624281037063
1.48979319546364	295.593645346786	295.624255009485
1.49192795196798	295.593703320013	295.624229579998
1.49406270847232	295.593761201557	295.624204737739
1.49619746497665	295.593818991634	295.624180472038
1.49833222148099	295.59387669046	295.624156772414
1.50046697798532	295.593934298248	295.624133628573
1.50260173448966	295.593991815207	295.6241110304
1.504736490994	295.594049241547	295.624088967963
1.50687124749833	295.594106577473	295.624067431505
1.50900600400267	295.59416382319	295.624046411442
1.511140760507	295.594220978901	295.624025898358
1.51327551701134	295.594278044806	295.624005883008
1.51541027351568	295.594335021103	295.623986356308
1.51754503002001	295.594391907989	295.623967309337
1.51967978652435	295.594448705659	295.623948733331
1.52181454302869	295.594505414306	295.623930619683
1.52394929953302	295.594562034121	295.623912959936
1.52608405603736	295.594618565293	295.623895745787
1.52821881254169	295.594675008009	295.623878969078
1.53035356904603	295.594731362457	295.623862621797
1.53248832555037	295.59478762882	295.623846696072
1.5346230820547	295.594843807281	295.623831184175
1.53675783855904	295.594899898022	295.623816078511
1.53889259506338	295.59495590122	295.623801371623
1.54102735156771	295.595011817056	295.623787056186
1.54316210807205	295.595067645704	295.623773125003
1.54529686457638	295.59512338734	295.623759571007
1.54743162108072	295.595179042138	295.623746387257
1.54956637758506	295.595234610269	295.623733566933
1.55170113408939	295.595290091904	295.62372110334
1.55383589059373	295.595345487212	295.623708989898
1.55597064709807	295.595400796362	295.623697220147
1.5581054036024	295.595456019519	295.62368578774
1.56024016010674	295.595511156849	295.623674686444
1.56237491661107	295.595566208516	295.623663910136
1.56450967311541	295.595621174682	295.623653452804
1.56664442961975	295.59567605551	295.623643308541
1.56877918612408	295.595730851158	295.623633471545
1.57091394262842	295.595785561786	295.623623936118
1.57304869913276	295.595840187551	295.623614696663
1.57518345563709	295.595894728612	295.623605747684
1.57731821214143	295.595949185121	295.623597083781
1.57945296864576	295.596003557235	295.623588699652
1.5815877251501	295.596057845106	295.623580590086
1.58372248165444	295.596112048887	295.62357274997
1.58585723815877	295.596166168728	295.623565174277
1.58799199466311	295.59622020478	295.623557858074
1.59012675116744	295.596274157192	295.623550796511
1.59226150767178	295.596328026111	295.623543984829
1.59439626417612	295.596381811684	295.623537418351
1.59653102068045	295.596435514058	295.623531092484
1.59866577718479	295.596489133378	295.623525002718
1.60080053368913	295.596542669787	295.623519144622
1.60293529019346	295.59659612343	295.623513513844
1.6050700466978	295.596649494448	295.62350810611
1.60720480320213	295.596702782982	295.623502917223
1.60933955970647	295.596755989174	295.623497943059
1.61147431621081	295.596809113162	295.623493179569
1.61360907271514	295.596862155086	295.623488622777
1.61574382921948	295.596915115084	295.623484268774
1.61787858572382	295.596967993292	295.623480113726
1.62001334222815	295.597020789848	295.623476153864
1.62214809873249	295.597073504886	295.623472385487
1.62428285523682	295.597126138541	295.62346880496
1.62641761174116	295.597178690948	295.623465408713
1.6285523682455	295.59723116224	295.62346219324
1.63068712474983	295.597283552549	295.623459155097
1.63282188125417	295.597335862006	295.623456290903
1.63495663775851	295.597388090744	295.623453597334
1.63709139426284	295.597440238893	295.623451071129
1.63922615076718	295.597492306581	295.623448709084
1.64136090727151	295.597544293939	295.623446508051
1.64349566377585	295.597596201094	295.623444464939
1.64563042028019	295.597648028174	295.623442576714
1.64776517678452	295.597699775307	295.623440840393
1.64989993328886	295.597751442618	295.623439253049
1.6520346897932	295.597803030234	295.623437811806
1.65416944629753	295.59785453828	295.62343651384
1.65630420280187	295.597905966879	295.623435356377
1.6584389593062	295.597957316157	295.623434336692
1.66057371581054	295.598008586237	295.62343345211
1.66270847231488	295.598059777241	295.623432700003
1.66484322881921	295.598110889292	295.623432077792
1.66697798532355	295.598161922511	295.62343158294
1.66911274182789	295.59821287702	295.623431212959
1.67124749833222	295.59826375294	295.623430965404
1.67338225483656	295.598314550389	295.623430837875
1.67551701134089	295.598365269489	295.623430828013
1.67765176784523	295.598415910358	295.623430933503
1.67978652434957	295.598466473115	295.62343115207
1.6819212808539	295.598516957877	295.623431481482
1.68405603735824	295.598567364763	295.623431919543
1.68619079386258	295.59861769389	295.623432464101
1.68832555036691	295.598667945374	295.62343311304
1.69046030687125	295.598718119331	295.623433864281
1.69259506337558	295.598768215878	295.623434715785
1.69472981987992	295.598818235129	295.623435665547
1.69686457638426	295.598868177199	295.623436711599
1.69899933288859	295.598918042204	295.623437852008
1.70113408939293	295.598967830256	295.623439084877
1.70326884589726	295.59901754147	295.623440408342
1.7054036024016	295.599067175959	295.623441820571
1.70753835890594	295.599116733835	295.623443319767
1.70967311541027	295.599166215211	295.623444904164
1.71180787191461	295.599215620198	295.62344657203
1.71394262841895	295.599264948909	295.62344832166
1.71607738492328	295.599314201455	295.623450151383
1.71821214142762	295.599363377947	295.623452059556
1.72034689793195	295.599412478494	295.623454044568
1.72248165443629	295.599461503208	295.623456104834
1.72461641094063	295.599510452198	295.6234582388
1.72675116744496	295.599559325573	295.623460444937
1.7288859239493	295.599608123442	295.623462721747
1.73102068045364	295.599656845915	295.623465067756
1.73315543695797	295.599705493099	295.623467481519
1.73529019346231	295.599754065103	295.623469961614
1.73742494996664	295.599802562034	295.623472506646
1.73955970647098	295.599850984	295.623475115247
1.74169446297532	295.599899331107	295.623477786072
1.74382921947965	295.599947603464	295.623480517798
1.74596397598399	295.599995801176	295.62348330913
1.74809873248833	295.600043924349	295.623486158794
1.75023348899266	295.600091973089	295.623489065539
1.752368245497	295.600139947502	295.623492028136
1.75450300200133	295.600187847693	295.623495045381
1.75663775850567	295.600235673767	295.623498116087
1.75877251501001	295.600283425829	295.623501239093
1.76090727151434	295.600331103984	295.623504413257
1.76304202801868	295.600378708335	295.623507637456
1.76517678452302	295.600426238986	295.62351091059
1.76731154102735	295.600473696042	295.623514231578
1.76944629753169	295.600521079605	295.623517599358
1.77158105403602	295.600568389779	295.623521012888
1.77371581054036	295.600615626666	295.623524471143
1.7758505670447	295.60066279037	295.623527973118
1.77798532354903	295.600709880992	295.623531517826
1.78012008005337	295.600756898635	295.623535104299
1.7822548365577	295.6008038434	295.623538731584
1.78438959306204	295.60085071539	295.623542398747
1.78652434956638	295.600897514705	295.623546104871
1.78865910607071	295.600944241447	295.623549849054
1.79079386257505	295.600990895717	295.623553630412
1.79292861907939	295.601037477616	295.623557448076
1.79506337558372	295.601083987244	295.623561301194
1.79719813208806	295.601130424702	295.623565188928
1.79933288859239	295.601176790088	295.623569110456
1.80146764509673	295.601223083505	295.62357306497
1.80360240160107	295.60126930505	295.623577051678
1.8057371581054	295.601315454824	295.623581069802
1.80787191460974	295.601361532926	295.623585118578
1.81000667111408	295.601407539455	295.623589197255
1.81214142761841	295.60145347451	295.623593305097
1.81427618412275	295.601499338189	295.62359744138
1.81641094062708	295.601545130591	295.623601605395
1.81854569713142	295.601590851814	295.623605796445
1.82068045363576	295.601636501956	295.623610013844
1.82281521014009	295.601682081115	295.623614256922
1.82494996664443	295.601727589389	295.623618525018
1.82708472314877	295.601773026875	295.623622817485
1.8292194796531	295.601818393671	295.623627133687
1.83135423615744	295.601863689874	295.623631472999
1.83348899266178	295.601908915581	295.623635834808
1.83562374916611	295.601954070888	295.623640218514
1.83775850567045	295.601999155892	295.623644623525
1.83989326217478	295.602044170691	295.623649049261
1.84202801867912	295.602089115379	295.623653495154
1.84416277518346	295.602133990053	295.623657960643
1.84629753168779	295.602178794809	295.623662445181
1.84843228819213	295.602223529743	295.62366694823
1.85056704469646	295.602268194951	295.623671469259
1.8527018012008	295.602312790527	295.623676007751
1.85483655770514	295.602357316568	295.623680563195
1.85697131420947	295.602401773169	295.623685135092
1.85910607071381	295.602446160423	295.62368972295
1.86124082721815	295.602490478427	295.623694326288
1.86337558372248	295.602534727275	295.623698944633
1.86551034022682	295.602578907061	295.623703577519
1.86764509673115	295.60262301788	295.623708224493
1.86977985323549	295.602667059826	295.623712885104
1.87191460973983	295.602711032994	295.623717558916
1.87404936624416	295.602754937476	295.623722245496
1.8761841227485	295.602798773368	295.623726944422
1.87831887925283	295.602842540762	295.623731655277
1.88045363575717	295.602886239752	295.623736377656
1.88258839226151	295.602929870431	295.623741111156
1.88472314876584	295.602973432894	295.623745855387
1.88685790527018	295.603016927232	295.623750609961
1.88899266177452	295.603060353539	295.623755374502
1.89112741827885	295.603103711907	295.623760148637
1.89326217478319	295.60314700243	295.623764932003
1.89539693128753	295.6031902252	295.623769724241
1.89753168779186	295.603233380308	295.623774525001
1.8996664442962	295.603276467849	295.623779333938
1.90180120080053	295.603319487913	295.623784150715
1.90393595730487	295.603362440593	295.623788974999
1.90607071380921	295.603405325981	295.623793806465
1.90820547031354	295.603448144168	295.623798644793
1.91034022681788	295.603490895246	295.623803489671
1.91247498332222	295.603533579307	295.623808340789
1.91460973982655	295.603576196442	295.623813197848
1.91674449633089	295.603618746743	295.623818060549
1.91887925283522	295.603661230299	295.623822928603
1.92101400933956	295.603703647204	295.623827801724
1.9231487658439	295.603745997547	295.623832679633
1.92528352234823	295.603788281419	295.623837562055
1.92741827885257	295.603830498911	295.62384244872
1.92955303535691	295.603872650113	295.623847339364
1.93168779186124	295.603914735117	295.623852233727
1.93382254836558	295.603956754012	295.623857131556
1.93595730486991	295.603998706888	295.6238620326
1.93809206137425	295.604040593836	295.623866936615
1.94022681787859	295.604082414945	295.62387184336
1.94236157438292	295.604124170306	295.623876752599
1.94449633088726	295.604165860008	295.623881664102
1.94663108739159	295.604207484141	295.62388657764
1.94876584389593	295.604249042794	295.623891492993
1.95090060040027	295.604290536057	295.62389640994
1.9530353569046	295.604331964019	295.623901328269
1.95517011340894	295.60437332677	295.623906247769
1.95730486991328	295.604414624398	295.623911168233
1.95943962641761	295.604455856992	295.623916089461
1.96157438292195	295.604497024641	295.623921011253
1.96370913942628	295.604538127434	295.623925933415
1.96584389593062	295.60457916546	295.623930855756
1.96797865243496	295.604620138808	295.62393577809
1.97011340893929	295.604661047564	295.623940700233
1.97224816544363	295.604701891819	295.623945622004
1.97438292194797	295.60474267166	295.623950543229
1.9765176784523	295.604783387176	295.623955463732
1.97865243495664	295.604824038454	295.623960383346
1.98078719146097	295.604864625582	295.623965301903
1.98292194796531	295.604905148648	295.62397021924
1.98505670446965	295.60494560774	295.623975135198
1.98719146097398	295.604986002946	295.62398004962
1.98932621747832	295.605026334352	295.623984962351
1.99146097398266	295.605066602047	295.623989873241
1.99359573048699	295.605106806118	295.623994782143
1.99573048699133	295.605146946652	295.62399968891
1.99786524349566	295.605187023735	295.624004593402
2	295.605227037456	295.624009495479
2.05	295.606130056808	295.624121764728
2.1	295.607000508195	295.624230741438
2.15	295.607839427828	295.624335929038
2.2	295.608647824718	295.624437024567
2.25	295.609426681209	295.62453386469
2.3	295.610176953382	295.624626383704
2.35	295.610899571402	295.624714583044
2.4	295.611595439822	295.62479850967
2.45	295.612265437889	295.62487824092
2.5	295.612910419859	295.624953873941
2.55	295.613531215338	295.625025518327
2.6	295.614128629645	295.625093291012
2.65	295.614703444209	295.625157312733
2.7	295.615256416988	295.625217705593
2.75	295.615788282911	295.625274591393
2.8	295.61629975435	295.625328090508
2.85	295.6167915216	295.625378321126
2.9	295.617264253378	295.625425398764
2.95	295.617718597334	295.625469435959
3	295.618155180564	295.625510542086
3.05	295.618574610137	295.625548823268
3.1	295.618977473619	295.625584382345
3.15	295.619364339595	295.625617318885
3.2	295.619735758194	295.625647729224
3.25	295.620092261613	295.625675706527
3.3	295.620434364623	295.625701340851
3.35	295.620762565085	295.625724719234
3.4	295.621077344449	295.62574592577
3.45	295.621379168244	295.625765041699
3.5	295.621668486564	295.62578214549
3.55	295.621945734546	295.625797312935
3.6	295.622211332824	295.625810617223
3.65	295.622465687994	295.625822129032
3.7	295.622709193047	295.625831916608
3.75	295.622942227809	295.625840045844
3.8	295.623165159354	295.625846580361
3.85	295.623378342421	295.625851581578
3.9	295.623582119807	295.62585510879
3.95	295.623776822756	295.625857219237
4	295.623962771336	295.625857968174
4.05	295.624140274804	295.625857408938
4.1	295.624309631962	295.625855593008
4.15	295.624471131498	295.625852570073
4.2	295.624625052321	295.625848388091
4.25	295.624771663887	295.625843093345
4.3	295.624911226509	295.625836730499
4.35	295.625043991661	295.625829342662
4.4	295.625170202275	295.625820971424
4.45	295.625290093022	295.625811656923
4.5	295.62540389059	295.625801437887
4.55	295.625511813949	295.62579035168
4.6	295.625614074611	295.625778434353
4.65	295.62571087688	295.625765720686
4.7	295.62580241809	295.62575224423
4.75	295.625888888844	295.625738037352
4.8	295.625970473235	295.625723131271
4.85	295.626047349068	295.625707556102
4.9	295.62611968807	295.625691340887
4.95	295.626187656094	295.625674513638
5	295.62625141332	295.625657101369
5.05	295.626311114439	295.625639130128
5.1	295.626366908846	295.625620625034
5.15	295.62641894081	295.625601610307
5.2	295.626467349656	295.625582109296
5.25	295.626512269922	295.625562144511
5.3	295.626553831528	295.625541737653
5.35	295.626592159927	295.625520909639
5.4	295.626627376258	295.62549968063
5.45	295.62665959749	295.625478070056
5.5	295.626688936565	295.625456096641
5.55	295.626715502531	295.625433778429
5.6	295.626739400675	295.625411132805
5.65	295.626760732649	295.62538817652
5.7	295.626779596593	295.625364925707
5.75	295.626796087255	295.625341395909
5.8	295.626810296104	295.625317602096
5.85	295.626822311439	295.625293558684
5.9	295.626832218502	295.625269279557
5.95	295.626840099573	295.625244778083
6	295.626846034076	295.625220067128
6.05	295.626850098676	295.625195159083
6.1	295.626852367365	295.625170065868
6.15	295.626852911562	295.625144798961
6.2	295.626851800193	295.625119369405
6.25	295.626849099778	295.625093787821
6.3	295.626844874511	295.62506806443
6.35	295.626839186341	295.625042209063
6.4	295.626832095046	295.625016231175
6.45	295.626823658306	295.624990139858
6.5	295.626813931775	295.624963943849
6.55	295.626802969151	295.624937651552
6.6	295.626790822238	295.624911271041
6.65	295.626777541016	295.624884810076
6.7	295.626763173696	295.624858276112
6.75	295.626747766786	295.624831676309
6.8	295.626731365146	295.624805017543
6.85	295.626714012042	295.62477830642
6.9	295.626695749205	295.624751549278
6.95	295.626676616878	295.624724752199
7	295.626656653868	295.624697921023
7.05	295.626635897599	295.624671061347
7.1	295.626614384151	295.624644178545
7.15	295.626592148313	295.624617277767
7.2	295.626569223623	295.624590363946
7.25	295.626545642411	295.624563441815
7.3	295.62652143584	295.624536515905
7.35	295.626496633949	295.624509590556
7.4	295.626471265684	295.624482669923
7.45	295.626445358944	295.624455757984
7.5	295.62641894061	295.624428858543
7.55	295.626392036582	295.624401975238
7.6	295.626364671814	295.624375111549
7.65	295.626336870345	295.624348270803
7.7	295.626308655328	295.624321456172
7.75	295.626280049064	295.624294670691
7.8	295.626251073029	295.624267917252
7.85	295.626221747904	295.624241198618
7.9	295.626192093599	295.624214517421
7.95	295.626162129283	295.624187876169
8	295.626131873408	295.624161277249
8.05	295.626101343732	295.624134722937
8.1	295.626070557345	295.624108215396
8.15	295.626039530693	295.62408175668
8.2	295.626008279594	295.624055348743
8.25	295.62597681927	295.624028993439
8.3	295.625945164356	295.624002692525
8.35	295.62591332893	295.623976447667
8.4	295.625881326525	295.623950260444
8.45	295.625849170154	295.623924132346
8.5	295.625816872321	295.623898064782
8.55	295.625784445047	295.623872059084
8.6	295.625751899878	295.623846116504
8.65	295.625719247909	295.623820238225
8.7	295.625686499794	295.623794425355
8.75	295.625653665766	295.623768678937
8.8	295.625620755648	295.623742999947
8.85	295.625587778868	295.623717389298
8.9	295.625554744475	295.623691847845
8.95	295.62552166115	295.623666376381
9	295.62548853722	295.623640975645
9.05	295.62545538067	295.623615646322
9.1	295.625422199155	295.623590389046
9.15	295.625389000009	295.6235652044
9.2	295.625355790264	295.623540092918
9.25	295.625322576652	295.62351505509
9.3	295.625289365619	295.623490091363
9.35	295.625256163336	295.623465202138
9.4	295.625222975709	295.623440387778
9.45	295.625189808387	295.623415648607
9.5	295.625156666769	295.62339098491
9.55	295.625123556019	295.623366396935
9.6	295.625090481068	295.623341884899
9.65	295.625057446627	295.623317448982
9.7	295.625024457191	295.623293089336
9.75	295.624991517051	295.623268806079
9.8	295.624958630297	295.623244599302
9.85	295.624925800829	295.623220469066
9.9	295.62489303236	295.623196415408
9.95	295.624860328428	295.623172438337
10	295.624827692395	295.62314853784
10.05	295.624795127462	295.623124713876
10.1	295.624762636667	295.623100966385
10.15	295.624730222897	295.623077295285
10.2	295.624697888889	295.623053700474
10.25	295.624665637239	295.623030181829
10.3	295.624633470404	295.623006739207
10.35	295.624601390711	295.622983372449
10.4	295.624569400357	295.62296008138
10.45	295.624537501419	295.622936865808
10.5	295.624505695854	295.622913725522
10.55	295.624473985505	295.622890660301
10.6	295.624442372108	295.622867669906
10.65	295.624410857291	295.622844754089
10.7	295.624379442582	295.622821912585
10.75	295.624348129413	295.622799145118
10.8	295.624316919118	295.622776451403
10.85	295.624285812945	295.622753831139
10.9	295.624254812053	295.622731284021
10.95	295.624223917518	295.622708809729
11	295.624193130337	295.622686407935
11.05	295.624162451427	295.622664078305
11.1	295.624131881633	295.622641820493
11.15	295.624101421729	295.622619634147
11.2	295.624071072419	295.622597518908
11.25	295.624040834343	295.622575474408
11.3	295.624010708077	295.622553500275
11.35	295.623980694136	295.62253159613
11.4	295.623950792977	295.622509761585
11.45	295.623921005002	295.622487996254
11.5	295.623891330559	295.622466299739
11.55	295.623861769943	295.62244467164
11.6	295.623832323402	295.622423111555
11.65	295.623802991136	295.622401619073
11.7	295.623773773299	295.622380193784
11.75	295.623744670002	295.622358835271
11.8	295.623715681314	295.622337543115
11.85	295.623686807264	295.622316316898
11.9	295.623658047845	295.622295156193
11.95	295.623629403011	295.622274060575
12	295.623600872682	295.622253029615
12.05	295.623572456745	295.622232062884
12.1	295.623544155053	295.622211159949
12.15	295.623515967431	295.622190320377
12.2	295.623487893675	295.622169543734
12.25	295.62345993355	295.622148829584
12.3	295.623432086797	295.62212817749
12.35	295.623404353132	295.622107587017
12.4	295.623376732246	295.622087057726
12.45	295.623349223805	295.62206658918
12.5	295.623321827457	295.622046180942
12.55	295.623294542826	295.622025832571
12.6	295.623267369518	295.622005543633
12.65	295.623240307119	295.62198531369
12.7	295.623213355198	295.621965142302
12.75	295.623186513305	295.621945029035
12.8	295.623159780976	295.621924973452
12.85	295.623133157732	295.621904975119
12.9	295.623106643078	295.621885033601
12.95	295.623080236505	295.621865148465
13	295.623053937492	295.62184531928
13.05	295.623027745507	295.621825545614
13.1	295.623001660004	295.621805827038
13.15	295.622975680428	295.621786163124
13.2	295.622949806213	295.621766553444
13.25	295.622924036783	295.621746997574
13.3	295.622898371555	295.621727495091
13.35	295.622872809935	295.621708045572
13.4	295.622847351324	295.621688648596
13.45	295.622821995112	295.621669303748
13.5	295.622796740687	295.621650010608
13.55	295.622771587425	295.621630768763
13.6	295.622746534703	295.621611577801
13.65	295.622721581886	295.62159243731
13.7	295.622696728338	295.621573346884
13.75	295.622671973418	295.621554306115
13.8	295.622647316481	295.6215353146
13.85	295.622622756876	295.621516371936
13.9	295.622598293953	295.621497477724
13.95	295.622573927054	295.621478631567
14	295.622549655523	295.621459833069
14.05	295.622525478699	295.621441081839
14.1	295.622501395919	295.621422377486
14.15	295.62247740652	295.621403719622
14.2	295.622453509837	295.621385107862
14.25	295.622429705202	295.621366541823
14.3	295.622405991949	295.621348021125
14.35	295.62238236941	295.62132954539
14.4	295.622358836918	295.621311114242
14.45	295.622335393803	295.621292727309
14.5	295.622312039398	295.62127438422
14.55	295.622288773035	295.621256084608
14.6	295.622265594047	295.621237828109
14.65	295.622242501768	295.621219614358
14.7	295.622219495533	295.621201442996
14.75	295.622196574677	295.621183313667
14.8	295.622173738538	295.621165226015
14.85	295.622150986453	295.621147179688
14.9	295.622128317764	295.621129174337
14.95	295.622105731812	295.621111209615
15	295.622083227942	295.621093285178
15.05	295.622060805498	295.621075400684
15.1	295.62203846383	295.621057555794
15.15	295.622016202288	295.621039750171
15.2	295.621994020225	295.621021983485
15.25	295.621971916996	295.621004255402
15.3	295.62194989196	295.620986565593
15.35	295.621927944476	295.620968913732
15.4	295.62190607391	295.620951299498
15.45	295.621884279628	295.620933722571
15.5	295.621862560998	295.62091618263
15.55	295.621840917395	295.620898679361
15.6	295.621819348194	295.620881212453
15.65	295.621797852773	295.620863781593
15.7	295.621776430517	295.620846386476
15.75	295.62175508081	295.620829026796
15.8	295.621733803041	295.620811702251
15.85	295.621712596605	295.620794412538
15.9	295.621691460896	295.620777157364
15.95	295.621670395315	295.620759936431
16	295.621649399266	295.620742749449
16.05	295.621628472155	295.620725596127
16.1	295.621607613394	295.620708476178
16.15	295.621586822397	295.620691389317
16.2	295.621566098584	295.620674335261
16.25	295.621545441375	295.620657313731
16.3	295.621524850198	295.620640324451
16.35	295.621504324482	295.620623367144
16.4	295.621483863663	295.620606441538
16.45	295.621463467176	295.620589547363
16.5	295.621443134465	295.62057268435
16.55	295.621422864975	295.620555852235
16.6	295.621402658155	295.620539050755
16.65	295.62138251346	295.620522279648
16.7	295.621362430348	295.620505538657
16.75	295.621342408279	295.620488827525
16.8	295.621322446721	295.620472146
16.85	295.621302545142	295.620455493828
16.9	295.621282703016	295.620438870762
16.95	295.621262919822	295.620422276556
17	295.621243195041	295.620405710962
17.05	295.621223528159	295.620389173739
17.1	295.621203918665	295.620372664648
17.15	295.621184366055	295.62035618345
17.2	295.621164869825	295.62033972991
17.25	295.621145429478	295.620323303794
17.3	295.62112604452	295.62030690487
17.35	295.621106714461	295.62029053291
17.4	295.621087438814	295.620274187685
17.45	295.621068217097	295.62025786897
17.5	295.621049048833	295.620241576543
17.55	295.621029933548	295.620225310183
17.6	295.62101087077	295.620209069672
17.65	295.620991860034	295.620192854791
17.7	295.620972900878	295.620176665326
17.75	295.620953992843	295.620160501064
17.8	295.620935135474	295.620144361797
17.85	295.620916328321	295.620128247312
17.9	295.620897570937	295.620112157404
17.95	295.62087886288	295.620096091869
18	295.620860203709	295.620080050503
18.05	295.62084159299	295.620064033105
18.1	295.620823030291	295.620048039475
18.15	295.620804515184	295.620032069416
18.2	295.620786047245	295.620016122734
18.25	295.620767626055	295.620000199236
18.3	295.620749251196	295.619984298727
18.35	295.620730922255	295.619968421019
18.4	295.620712638823	295.619952565924
18.45	295.620694400495	295.619936733256
18.5	295.620676206869	295.61992092283
18.55	295.620658057547	295.619905134463
18.6	295.620639952132	295.619889367975
18.65	295.620621890235	295.619873623184
18.7	295.620603871468	295.619857899915
18.75	295.620585895447	295.619842197991
18.8	295.62056796179	295.619826517239
18.85	295.62055007012	295.619810857485
18.9	295.620532220065	295.619795218559
18.95	295.620514411253	295.619779600293
19	295.620496643317	295.619764002517
19.05	295.620478915895	295.619748425066
19.1	295.620461228625	295.619732867775
19.15	295.620443581151	295.619717330483
19.2	295.62042597312	295.619701813027
19.25	295.62040840418	295.619686315248
19.3	295.620390873985	295.619670836987
19.35	295.620373382192	295.619655378088
19.4	295.620355928458	295.619639938395
19.45	295.620338512448	295.619624517757
19.5	295.620321133826	295.619609116019
19.55	295.620303792261	295.619593733033
19.6	295.620286487426	295.619578368648
19.65	295.620269218995	295.619563022716
19.7	295.620251986647	295.619547695091
19.75	295.620234790062	295.619532385629
19.8	295.620217628925	295.619517094186
19.85	295.620200502923	295.619501820619
19.9	295.620183411746	295.619486564788
19.95	295.620166355086	295.619471326554
20	295.62014933264	295.619456105779
20.05	295.620132344107	295.619440902325
20.1	295.620115389188	295.619425716058
20.15	295.620098467587	295.619410546845
20.2	295.620081579013	295.61939539455
20.25	295.620064723174	295.619380259044
20.3	295.620047899785	295.619365140197
20.35	295.620031108561	295.619350037877
20.4	295.62001434922	295.619334951961
20.45	295.619997621482	295.61931988232
20.5	295.619980925073	295.619304828829
20.55	295.619964259717	295.619289791363
20.6	295.619947625145	295.619274769801
20.65	295.619931021088	295.619259764021
20.7	295.61991444728	295.619244773903
20.75	295.619897903457	295.619229799327
20.8	295.61988138936	295.619214840177
20.85	295.619864904729	295.619199896332
20.9	295.61984844931	295.619184967679
20.95	295.619832022849	295.619170054104
21	295.619815625095	295.619155155492
21.05	295.6197992558	295.619140271732
21.1	295.619782914718	295.619125402711
21.15	295.619766601605	295.619110548319
21.2	295.619750316221	295.61909570845
21.25	295.619734058326	295.619080882991
21.3	295.619717827683	295.619066071839
21.35	295.61970162406	295.619051274886
21.4	295.619685447223	295.619036492027
21.45	295.619669296943	295.61902172316
21.5	295.619653172992	295.61900696818
21.55	295.619637075146	295.618992226987
21.6	295.619621003181	295.618977499478
21.65	295.619604956877	295.618962785554
21.7	295.619588936013	295.618948085117
21.75	295.619572940375	295.618933398067
21.8	295.619556969748	295.618918724309
21.85	295.619541023918	295.618904063746
21.9	295.619525102677	295.618889416283
21.95	295.619509205814	295.618874781825
22	295.619493333126	295.618860160281
22.05	295.619477484406	295.618845551556
22.1	295.619461659454	295.61883095556
22.15	295.619445858068	295.618816372202
22.2	295.619430080051	295.618801801392
22.25	295.619414325205	295.618787243042
22.3	295.619398593338	295.618772697063
22.35	295.619382884256	295.618758163368
22.4	295.619367197768	295.618743641873
22.45	295.619351533686	295.61872913249
22.5	295.619335891824	295.618714635135
22.55	295.619320271995	295.618700149724
22.6	295.619304674017	295.618685676175
22.65	295.619289097708	295.618671214406
22.7	295.619273542889	295.618656764334
22.75	295.619258009382	295.61864232588
22.8	295.61924249701	295.618627898964
22.85	295.6192270056	295.618613483506
22.9	295.619211534978	295.618599079431
22.95	295.619196084973	295.618584686657
23	295.619180655416	295.618570305109
23.05	295.61916524614	295.618555934713
23.1	295.619149856979	295.618541575392
23.15	295.619134487767	295.618527227071
23.2	295.619119138343	295.618512889677
23.25	295.619103808545	295.618498563138
23.3	295.619088498213	295.61848424738
23.35	295.61907320719	295.618469942333
23.4	295.61905793532	295.618455647925
23.45	295.619042682446	295.618441364085
23.5	295.619027448416	295.618427090745
23.55	295.619012233078	295.618412827836
23.6	295.618997036282	295.618398575289
23.65	295.618981857878	295.618384333037
23.7	295.618966697719	295.618370101013
23.75	295.61895155566	295.618355879149
23.8	295.618936431555	295.618341667383
23.85	295.618921325262	295.618327465648
23.9	295.618906236639	295.618313273878
23.95	295.618891165545	295.618299092012
24	295.618876111842	295.618284919986
24.05	295.618861075392	295.618270757739
24.1	295.618846056058	295.618256605207
24.15	295.618831053706	295.618242462328
24.2	295.618816068203	295.618228329043
24.25	295.618801099416	295.618214205292
24.3	295.618786147213	295.618200091014
24.35	295.618771211467	295.618185986152
24.4	295.618756292047	295.618171890646
24.45	295.618741388828	295.61815780444
24.5	295.618726501683	295.618143727475
24.55	295.618711630487	295.618129659696
24.6	295.618696775118	295.618115601045
24.65	295.618681935453	295.618101551467
24.7	295.61866711137	295.618087510907
24.75	295.618652302751	295.618073479312
24.8	295.618637509477	295.618059456626
24.85	295.61862273143	295.618045442796
24.9	295.618607968494	295.618031437769
24.95	295.618593220554	295.618017441493
25	295.618578487496	295.618003453917
25.05	295.618563769207	295.617989474986
25.1	295.618549065575	295.617975504652
25.15	295.618534376489	295.617961542864
25.2	295.618519701841	295.617947589572
25.25	295.618505041521	295.617933644726
25.3	295.618490395422	295.617919708277
25.35	295.618475763438	295.617905780178
25.4	295.618461145463	295.61789186038
25.45	295.618446541393	295.617877948834
25.5	295.618431951125	295.617864045494
25.55	295.618417374557	295.617850150313
25.6	295.618402811587	295.617836263245
25.65	295.618388262115	295.617822384246
25.7	295.618373726041	295.617808513267
25.75	295.618359203268	295.617794650264
25.8	295.618344693699	295.617780795194
25.85	295.618330197236	295.617766948011
25.9	295.618315713784	295.617753108674
25.95	295.618301243249	295.617739277137
26	295.618286785538	295.617725453359
26.05	295.618272340557	295.617711637296
26.1	295.618257908216	295.617697828907
26.15	295.618243488422	295.617684028151
26.2	295.618229081086	295.617670234985
26.25	295.61821468612	295.61765644937
26.3	295.618200303434	295.617642671263
26.35	295.618185932943	295.617628900627
26.4	295.618171574558	295.61761513742
26.45	295.618157228195	295.617601381604
26.5	295.618142893768	295.61758763314
26.55	295.618128571194	295.617573891988
26.6	295.61811426039	295.617560158111
26.65	295.618099961273	295.617546431472
26.7	295.618085673763	295.617532712032
26.75	295.618071397777	295.617518999755
26.8	295.618057133236	295.617505294602
26.85	295.618042880062	295.617491596539
26.9	295.618028638175	295.617477905529
26.95	295.618014407498	295.617464221537
27	295.618000187955	295.617450544527
27.05	295.617985979469	295.617436874463
27.1	295.617971781964	295.617423211312
27.15	295.617957595367	295.617409555038
27.2	295.617943419604	295.617395905607
27.25	295.6179292546	295.617382262987
27.3	295.617915100285	295.617368627144
27.35	295.617900956585	295.617354998044
27.4	295.61788682343	295.617341375653
27.45	295.61787270075	295.617327759942
27.5	295.617858588475	295.617314150877
27.55	295.617844486537	295.617300548424
27.6	295.617830394866	295.617286952554
27.65	295.617816313394	295.617273363236
27.7	295.617802242056	295.617259780436
27.75	295.617788180785	295.617246204127
27.8	295.617774129515	295.617232634276
27.85	295.617760088181	295.617219070854
27.9	295.617746056719	295.61720551383
27.95	295.617732035064	295.617191963176
28	295.617718023155	295.617178418862
28.05	295.617704020927	295.617164880857
28.1	295.61769002832	295.617151349136
28.15	295.617676045271	295.617137823667
28.2	295.617662071721	295.617124304425
28.25	295.617648107609	295.61711079138
28.3	295.617634152875	295.617097284505
28.35	295.61762020746	295.617083783771
28.4	295.617606271307	295.617070289153
28.45	295.617592344357	295.617056800622
28.5	295.617578426553	295.617043318153
28.55	295.617564517837	295.617029841718
28.6	295.617550618155	295.617016371292
28.65	295.61753672745	295.617002906849
28.7	295.617522845667	295.616989448364
28.75	295.617508972752	295.61697599581
28.8	295.617495108651	295.616962549161
28.85	295.61748125331	295.616949108395
28.9	295.617467406675	295.616935673484
28.95	295.617453568696	295.616922244405
29	295.617439739318	295.616908821135
29.05	295.617425918492	295.616895403647
29.1	295.617412106167	295.616881991919
29.15	295.61739830229	295.616868585928
29.2	295.617384506814	295.616855185647
29.25	295.617370719688	295.616841791057
29.3	295.617356940863	295.616828402132
29.35	295.61734317029	295.616815018852
29.4	295.617329407922	295.616801641192
29.45	295.61731565371	295.61678826913
29.5	295.617301907608	295.616774902644
29.55	295.617288169569	295.616761541712
29.6	295.617274439546	295.616748186313
29.65	295.617260717494	295.616734836426
29.7	295.617247003368	295.616721492026
29.75	295.617233297122	295.616708153095
29.8	295.617219598711	295.616694819611
29.85	295.617205908093	295.616681491554
29.9	295.617192225222	295.616668168902
29.95	295.617178550057	295.616654851636
30	295.617164882553	295.616641539735
30.05	295.617151222669	295.616628233178
30.1	295.617137570362	295.616614931947
30.15	295.617123925591	295.616601636021
30.2	295.617110288315	295.61658834538
30.25	295.617096658492	295.616575060006
30.3	295.617083036083	295.616561779879
30.35	295.617069421047	295.61654850498
30.4	295.617055813345	295.61653523529
30.45	295.617042212937	295.616521970792
30.5	295.617028619784	295.616508711465
30.55	295.617015033848	295.616495457292
30.6	295.617001455091	295.616482208255
30.65	295.616987883475	295.616468964335
30.7	295.616974318962	295.616455725515
30.75	295.616960761515	295.616442491778
30.8	295.616947211098	295.616429263104
30.85	295.616933667674	295.616416039477
30.9	295.616920131207	295.616402820882
30.95	295.616906601661	295.616389607297
31	295.616893079001	295.616376398709
31.05	295.616879563192	295.6163631951
31.1	295.616866054199	295.616349996454
31.15	295.616852551988	295.616336802753
31.2	295.616839056525	295.616323613981
31.25	295.616825567776	295.616310430123
31.3	295.616812085707	295.616297251164
31.35	295.616798610285	295.616284077085
31.4	295.616785141479	295.616270907871
31.45	295.616771679254	295.616257743508
31.5	295.61675822358	295.616244583979
31.55	295.616744774424	295.61623142927
31.6	295.616731331754	295.616218279365
31.65	295.61671789554	295.616205134248
31.7	295.61670446575	295.616191993905
31.75	295.616691042353	295.616178858321
31.8	295.61667762532	295.616165727482
31.85	295.61666421462	295.616152601372
31.9	295.616650810223	295.616139479977
31.95	295.6166374121	295.616126363283
32	295.616624020222	295.616113251276
32.05	295.616610634558	295.616100143942
32.1	295.616597255082	295.616087041266
32.15	295.616583881764	295.616073943237
32.2	295.616570514576	295.616060849837
32.25	295.61655715349	295.616047761056
32.3	295.616543798478	295.616034676878
32.35	295.616530449514	295.616021597291
32.4	295.616517106569	295.616008522282
32.45	295.616503769617	295.615995451836
32.5	295.616490438632	295.615982385942
32.55	295.616477113587	295.615969324586
32.6	295.616463794455	295.615956267756
32.65	295.616450481211	295.615943215438
32.7	295.616437173829	295.61593016762
32.75	295.616423872284	295.615917124291
32.8	295.616410576551	295.615904085436
32.85	295.616397286604	295.615891051044
32.9	295.616384002419	295.615878021104
32.95	295.616370723971	295.615864995604
33	295.616357451236	295.61585197453
33.05	295.616344184189	295.61583895787
33.1	295.616330922808	295.615825945614
33.15	295.616317667069	295.615812937749
33.2	295.616304416947	295.615799934264
33.25	295.61629117242	295.615786935147
33.3	295.616277933466	295.615773940387
33.35	295.61626470006	295.615760949973
33.4	295.616251472181	295.615747963895
33.45	295.616238249806	295.61573498214
33.5	295.616225032913	295.615722004697
33.55	295.61621182148	295.615709031555
33.6	295.616198615485	295.615696062704
33.65	295.616185414908	295.615683098133
33.7	295.616172219725	295.615670137832
33.75	295.616159029917	295.61565718179
33.8	295.616145845463	295.615644229995
33.85	295.616132666341	295.615631282438
33.9	295.616119492531	295.615618339109
33.95	295.616106324013	295.615605399998
34	295.616093160766	295.615592465093
34.05	295.61608000277	295.615579534386
34.1	295.616066850006	295.615566607867
34.15	295.616053702454	295.615553685524
34.2	295.616040560094	295.615540767348
34.25	295.616027422908	295.615527853331
34.3	295.616014290875	295.615514943461
34.35	295.616001163977	295.615502037731
34.4	295.615988042195	295.615489136128
34.45	295.615974925511	295.615476238646
34.5	295.615961813906	295.615463345274
34.55	295.615948707362	295.615450456002
34.6	295.615935605861	295.615437570822
34.65	295.615922509384	295.615424689725
34.7	295.615909417914	295.615411812702
34.75	295.615896331434	295.615398939741
34.8	295.615883249925	295.615386070837
34.85	295.615870173371	295.61537320598
34.9	295.615857101754	295.615360345161
34.95	295.615844035057	295.615347488371
35	295.615830973263	295.615334635602
35.05	295.615817916357	295.615321786844
35.1	295.61580486432	295.61530894209
35.15	295.615791817137	295.61529610133
35.2	295.615778774791	295.615283264559
35.25	295.615765737267	295.615270431766
35.3	295.615752704548	295.615257602942
35.35	295.615739676618	295.61524477808
35.4	295.615726653461	295.615231957173
35.45	295.615713635063	295.61521914021
35.5	295.615700621408	295.615206327186
35.55	295.61568761248	295.615193518091
35.6	295.615674608264	295.615180712918
35.65	295.615661608745	295.615167911659
35.7	295.615648613909	295.615155114307
35.75	295.61563562374	295.615142320854
35.8	295.615622638224	295.615129531291
35.85	295.615609657346	295.61511674561
35.9	295.615596681092	295.615103963806
35.95	295.615583709447	295.615091185871
36	295.615570742399	295.615078411798
36.05	295.615557779931	295.615065641577
36.1	295.615544822031	295.615052875204
36.15	295.615531868686	295.615040112668
36.2	295.61551891988	295.615027353966
36.25	295.615505975601	295.615014599088
36.3	295.615493035834	295.615001848028
36.35	295.615480100568	295.614989100778
36.4	295.615467169789	295.614976357332
36.45	295.615454243483	295.614963617682
36.5	295.615441321638	295.614950881822
36.55	295.61542840424	295.614938149746
36.6	295.615415491278	295.614925421446
36.65	295.615402582738	295.614912696914
36.7	295.615389678608	295.614899976147
36.75	295.615376778875	295.614887259135
36.8	295.615363883527	295.614874545872
36.85	295.615350992552	295.614861836353
36.9	295.615338105939	295.614849130569
36.95	295.615325223673	295.614836428516
37	295.615312345745	295.614823730188
37.05	295.615299472142	295.614811035576
37.1	295.615286602852	295.614798344674
37.15	295.615273737864	295.614785657479
37.2	295.615260877166	295.614772973981
37.25	295.615248020746	295.614760294176
37.3	295.615235168595	295.614747618057
37.35	295.615222320699	295.614734945617
37.4	295.615209477049	295.614722276852
37.45	295.615196637633	295.614709611756
37.5	295.61518380244	295.614696950322
37.55	295.615170971459	295.614684292543
37.6	295.61515814468	295.614671638414
37.65	295.615145322092	295.61465898793
37.7	295.615132503684	295.614646341085
37.75	295.615119689446	295.614633697873
37.8	295.615106879367	295.614621058288
37.85	295.615094073437	295.614608422323
37.9	295.615081271646	295.614595789975
37.95	295.615068473984	295.614583161236
38	295.61505568044	295.614570536104
38.05	295.615042891004	295.614557914569
38.1	295.615030105668	295.614545296628
38.15	295.61501732442	295.614532682276
38.2	295.615004547251	295.614520071505
38.25	295.614991774152	295.614507464313
38.3	295.614979005112	295.614494860692
38.35	295.614966240123	295.614482260638
38.4	295.614953479174	295.614469664145
38.45	295.614940722257	295.614457071209
38.5	295.614927969362	295.614444481823
38.55	295.61491522048	295.614431895984
38.6	295.614902475602	295.614419313684
38.65	295.614889734719	295.61440673492
38.7	295.614876997821	295.614394159686
38.75	295.6148642649	295.614381587977
38.8	295.614851535947	295.614369019789
38.85	295.614838810954	295.614356455115
38.9	295.614826089911	295.614343893953
38.95	295.614813372809	295.614331336296
39	295.614800659641	295.614318782139
39.05	295.614787950398	295.614306231479
39.1	295.614775245071	295.614293684309
39.15	295.614762543652	295.614281140625
39.2	295.614749846132	295.614268600423
39.25	295.614737152504	295.614256063697
39.3	295.614724462759	295.614243530443
39.35	295.61471177689	295.614231000656
39.4	295.614699094887	295.614218474331
39.45	295.614686416743	295.614205951465
39.5	295.614673742451	295.614193432051
39.55	295.614661072001	295.614180916086
39.6	295.614648405387	295.614168403566
39.65	295.614635742601	295.614155894486
39.7	295.614623083635	295.614143388841
39.75	295.614610428481	295.614130886626
39.8	295.614597777132	295.614118387838
39.85	295.61458512958	295.614105892472
39.9	295.614572485818	295.614093400523
39.95	295.614559845838	295.614080911988
40	295.614547209633	295.614068426862
40.05	295.614534577197	295.61405594514
40.1	295.61452194852	295.614043466818
40.15	295.614509323597	295.614030991893
40.2	295.614496702421	295.614018520359
40.25	295.614484084983	295.614006052213
40.3	295.614471471278	295.613993587452
40.35	295.614458861297	295.613981126069
40.4	295.614446255035	295.613968668061
40.45	295.614433652485	295.613956213424
40.5	295.614421053639	295.613943762153
40.55	295.614408458491	295.613931314246
40.6	295.614395867033	295.613918869699
40.65	295.614383279261	295.613906428506
40.7	295.614370695166	295.613893990663
40.75	295.614358114742	295.613881556169
40.8	295.614345537983	295.613869125017
40.85	295.614332964882	295.613856697204
40.9	295.614320395433	295.613844272726
40.95	295.61430782963	295.61383185158
41	295.614295267466	295.613819433761
41.05	295.614282708934	295.613807019265
41.1	295.614270154029	295.61379460809
41.15	295.614257602744	295.61378220023
41.2	295.614245055074	295.613769795682
41.25	295.614232511012	295.613757394444
41.3	295.614219970551	295.61374499651
41.35	295.614207433687	295.613732601877
41.4	295.614194900413	295.613720210542
41.45	295.614182370722	295.613707822501
41.5	295.61416984461	295.613695437749
41.55	295.614157322071	295.613683056284
41.6	295.614144803097	295.613670678101
41.65	295.614132287685	295.613658303196
41.7	295.614119775827	295.613645931568
41.75	295.614107267519	295.613633563213
41.8	295.614094762755	295.613621198125
41.85	295.614082261528	295.613608836303
41.9	295.614069763834	295.613596477743
41.95	295.614057269667	295.613584122439
42	295.614044779021	295.61357177039
42.05	295.614032291891	295.613559421593
42.1	295.614019808272	295.613547076043
42.15	295.614007328158	295.613534733737
42.2	295.613994851543	295.613522394673
42.25	295.613982378423	295.613510058846
42.3	295.613969908792	295.613497726252
42.35	295.613957442645	295.61348539689
42.4	295.613944979977	295.613473070755
42.45	295.613932520782	295.613460747844
42.5	295.613920065056	295.613448428153
42.55	295.613907612792	295.61343611168
42.6	295.613895163987	295.613423798422
42.65	295.613882718636	295.613411488374
42.7	295.613870276732	295.613399181534
42.75	295.613857838271	295.613386877898
42.8	295.613845403249	295.613374577462
42.85	295.613832971659	295.613362280226
42.9	295.613820543499	295.613349986184
42.95	295.613808118761	295.613337695335
43	295.613795697443	295.613325407673
43.05	295.613783279538	295.613313123198
43.1	295.613770865043	295.613300841905
43.15	295.613758453952	295.61328856379
43.2	295.61374604626	295.613276288852
43.25	295.613733641964	295.613264017087
43.3	295.613721241059	295.613251748492
43.35	295.613708843539	295.613239483063
43.4	295.6136964494	295.613227220798
43.45	295.613684058638	295.613214961695
43.5	295.613671671248	295.61320270575
43.55	295.613659287226	295.613190452959
43.6	295.613646906567	295.61317820332
43.65	295.613634529267	295.613165956831
43.7	295.613622155322	295.613153713486
43.75	295.613609784726	295.613141473285
43.8	295.613597417476	295.613129236224
43.85	295.613585053567	295.6131170023
43.9	295.613572692995	295.61310477151
43.95	295.613560335756	295.613092543852
44	295.613547981845	295.613080319321
44.05	295.613535631258	295.613068097917
44.1	295.613523283992	295.613055879636
44.15	295.613510940041	295.613043664475
44.2	295.613498599402	295.61303145243
44.25	295.61348626207	295.613019243499
44.3	295.613473928042	295.61300703768
44.35	295.613461597313	295.612994834969
44.4	295.613449269879	295.612982635366
44.45	295.613436945737	295.612970438864
44.5	295.613424624882	295.612958245462
44.55	295.61341230731	295.612946055158
44.6	295.613399993017	295.61293386795
44.65	295.613387682	295.612921683833
44.7	295.613375374254	295.612909502806
44.75	295.613363069776	295.612897324865
44.8	295.613350768561	295.612885150009
44.85	295.613338470606	295.612872978233
44.9	295.613326175907	295.612860809536
44.95	295.61331388446	295.612848643915
45	295.613301596262	295.612836481368
45.05	295.613289311308	295.61282432189
45.1	295.613277029595	295.612812165481
45.15	295.613264751119	295.612800012137
45.2	295.613252475876	295.612787861856
45.25	295.613240203863	295.612775714635
45.3	295.613227935076	295.61276357047
45.35	295.613215669512	295.612751429362
45.4	295.613203407166	295.612739291305
45.45	295.613191148036	295.612727156299
45.5	295.613178892117	295.61271502434
45.55	295.613166639406	295.612702895425
45.6	295.6131543899	295.612690769553
45.65	295.613142143594	295.61267864672
45.7	295.613129900486	295.612666526923
45.75	295.613117660572	295.612654410161
45.8	295.613105423848	295.612642296432
45.85	295.613093190311	295.612630185732
45.9	295.613080959958	295.612618078059
45.95	295.613068732785	295.61260597341
46	295.613056508789	295.612593871785
46.05	295.613044287966	295.612581773178
46.1	295.613032070313	295.612569677589
46.15	295.613019855826	295.612557585014
46.2	295.613007644503	295.612545495451
46.25	295.61299543634	295.612533408899
46.3	295.612983231333	295.612521325355
46.35	295.61297102948	295.612509244814
46.4	295.612958830777	295.612497167277
46.45	295.612946635221	295.61248509274
46.5	295.612934442808	295.612473021201
46.55	295.612922253536	295.612460952657
46.6	295.612910067401	295.612448887107
46.65	295.6128978844	295.612436824547
46.7	295.61288570453	295.612424764976
46.75	295.612873527787	295.612412708391
46.8	295.612861354169	295.612400654789
46.85	295.612849183672	295.612388604168
46.9	295.612837016294	295.612376556527
46.95	295.612824852031	295.612364511863
47	295.61281269088	295.612352470172
47.05	295.612800532838	295.612340431454
47.1	295.612788377902	295.612328395706
47.15	295.612776226069	295.612316362925
47.2	295.612764077335	295.612304333109
47.25	295.612751931699	295.612292306258
47.3	295.612739789157	295.612280282366
47.35	295.612727649705	295.612268261433
47.4	295.612715513341	295.612256243455
47.45	295.612703380063	295.612244228432
47.5	295.612691249866	295.61223221636
47.55	295.612679122749	295.612220207238
47.6	295.612666998707	295.612208201063
47.65	295.612654877739	295.612196197833
47.7	295.612642759842	295.612184197546
47.75	295.612630645012	295.612172200199
47.8	295.612618533246	295.612160205791
47.85	295.612606424542	295.612148214318
47.9	295.612594318898	295.61213622578
47.95	295.612582216309	295.612124240174
48	295.612570116774	295.612112257497
48.05	295.612558020289	295.612100277747
48.1	295.612545926852	295.612088300923
48.15	295.612533836459	295.612076327023
48.2	295.612521749109	295.612064356043
48.25	295.612509664799	295.612052387982
48.3	295.612497583525	295.612040422838
48.35	295.612485505284	295.612028460608
48.4	295.612473430075	295.612016501291
48.45	295.612461357895	295.612004544884
48.5	295.61244928874	295.611992591384
48.55	295.612437222609	295.611980640791
48.6	295.612425159497	295.611968693102
48.65	295.612413099404	295.611956748315
48.7	295.612401042325	295.611944806428
48.75	295.612388988259	295.611932867438
48.8	295.612376937203	295.611920931343
48.85	295.612364889154	295.611908998142
48.9	295.612352844109	295.611897067834
48.95	295.612340802067	295.611885140414
49	295.612328763024	295.611873215882
49.05	295.612316726977	295.611861294235
49.1	295.612304693925	295.61184937547
49.15	295.612292663864	295.611837459587
49.2	295.612280636793	295.611825546583
49.25	295.612268612708	295.611813636457
49.3	295.612256591607	295.611801729205
49.35	295.612244573487	295.611789824826
49.4	295.612232558347	295.611777923318
49.45	295.612220546182	295.61176602468
49.5	295.612208536992	295.611754128907
49.55	295.612196530773	295.611742236
49.6	295.612184527524	295.611730345956
49.65	295.61217252724	295.611718458774
49.7	295.612160529921	295.611706574449
49.75	295.612148535564	295.611694692982
49.8	295.612136544165	295.611682814371
49.85	295.612124555723	295.611670938612
49.9	295.612112570236	295.611659065704
49.95	295.6121005877	295.611647195645
50	295.612088608114	295.611635328433
50.05	295.612076631475	295.611623464066
50.1	295.612064657781	295.611611602543
50.15	295.612052687029	295.61159974386
50.2	295.612040719217	295.611587888017
50.25	295.612028754342	295.611576035011
50.3	295.612016792403	295.611564184841
50.35	295.612004833396	295.611552337504
50.4	295.61199287732	295.611540492999
50.45	295.611980924172	295.611528651324
50.5	295.61196897395	295.611516812475
50.55	295.611957026652	295.611504976453
50.6	295.611945082275	295.611493143255
50.65	295.611933140816	295.611481312878
50.7	295.611921202275	295.611469485322
50.75	295.611909266647	295.611457660584
50.8	295.611897333932	295.611445838662
50.85	295.611885404127	295.611434019555
50.9	295.611873477229	295.611422203261
50.95	295.611861553236	295.611410389776
51	295.611849632146	295.611398579101
51.05	295.611837713957	295.611386771232
51.1	295.611825798667	295.611374966168
51.15	295.611813886273	295.611363163907
51.2	295.611801976773	295.611351364448
51.25	295.611790070164	295.611339567789
51.3	295.611778166446	295.611327773926
51.35	295.611766265615	295.611315982859
51.4	295.611754367669	295.611304194586
51.45	295.611742472607	295.611292409105
51.5	295.611730580425	295.611280626415
51.55	295.611718691121	295.611268846511
51.6	295.611706804695	295.611257069395
51.65	295.611694921143	295.611245295064
51.7	295.611683040463	295.611233523515
51.75	295.611671162653	295.611221754747
51.8	295.611659287711	295.611209988759
51.85	295.611647415635	295.611198225548
51.9	295.611635546422	295.611186465112
51.95	295.611623680071	295.61117470745
52	295.61161181658	295.61116295256
52.05	295.611599955946	295.61115120044
52.1	295.611588098167	295.611139451089
52.15	295.611576243241	295.611127704505
52.2	295.611564391166	295.611115960684
52.25	295.611552541941	295.611104219627
52.3	295.611540695562	295.611092481331
52.35	295.611528852027	295.611080745794
52.4	295.611517011336	295.611069013014
52.45	295.611505173485	295.611057282992
52.5	295.611493338473	295.611045555723
52.55	295.611481506297	295.611033831206
52.6	295.611469676956	295.61102210944
52.65	295.611457850447	295.611010390422
52.7	295.611446026769	295.610998674152
52.75	295.611434205919	295.610986960627
52.8	295.611422387895	295.610975249845
52.85	295.611410572696	295.610963541804
52.9	295.611398760319	295.610951836504
52.95	295.611386950762	295.610940133942
53	295.611375144024	295.610928434117
53.05	295.611363340102	295.610916737026
53.1	295.611351538994	295.610905042668
53.15	295.611339740699	295.610893351043
53.2	295.611327945214	295.610881662147
53.25	295.611316152537	295.610869975978
53.3	295.611304362667	295.610858292535
53.35	295.611292575601	295.610846611817
53.4	295.611280791338	295.610834933822
53.45	295.611269009875	295.610823258547
53.5	295.611257231211	295.610811585992
53.55	295.611245455343	295.610799916155
53.6	295.61123368227	295.610788249033
53.65	295.61122191199	295.610776584625
53.7	295.6112101445	295.61076492293
53.75	295.611198379799	295.610753263946
53.8	295.611186617886	295.610741607671
53.85	295.611174858757	295.610729954103
53.9	295.611163102411	295.610718303241
53.95	295.611151348847	295.610706655083
54	295.611139598062	295.610695009627
54.05	295.611127850054	295.610683366872
54.1	295.611116104821	295.610671726816
54.15	295.611104362363	295.610660089457
54.2	295.611092622676	295.610648454793
54.25	295.611080885759	295.610636822823
54.3	295.611069151609	295.610625193546
54.35	295.611057420226	295.61061356696
54.4	295.611045691607	295.610601943062
54.45	295.61103396575	295.610590321852
54.5	295.611022242654	295.610578703328
54.55	295.611010522317	295.610567087488
54.6	295.610998804736	295.610555474329
54.65	295.61098708991	295.610543863851
54.7	295.610975377837	295.610532256053
54.75	295.610963668515	295.610520650932
54.8	295.610951961943	295.610509048486
54.85	295.610940258118	295.610497448714
54.9	295.610928557039	295.610485851616
54.95	295.610916858703	295.610474257188
55	295.61090516311	295.610462665429
55.05	295.610893470257	295.610451076338
55.1	295.610881780143	295.610439489913
55.15	295.610870092765	295.610427906152
55.2	295.610858408122	295.610416325054
55.25	295.610846726212	295.610404746616
55.3	295.610835047033	295.610393170839
55.35	295.610823370583	295.610381597719
55.4	295.610811696861	295.610370027256
55.45	295.610800025865	295.610358459446
55.5	295.610788357593	295.610346894291
55.55	295.610776692043	295.610335331786
55.6	295.610765029214	295.61032377193
55.65	295.610753369103	295.610312214724
55.7	295.610741711709	295.610300660164
55.75	295.610730057031	295.610289108251
55.8	295.610718405066	295.61027755898
55.85	295.610706755812	295.61026601235
55.9	295.610695109269	295.610254468361
55.95	295.610683465433	295.61024292701
56	295.610671824304	295.610231388296
56.05	295.610660185879	295.610219852219
56.1	295.610648550158	295.610208318774
56.15	295.610636917137	295.610196787962
56.2	295.610625286816	295.610185259781
56.25	295.610613659193	295.610173734229
56.3	295.610602034266	295.610162211305
56.35	295.610590412033	295.610150691007
56.4	295.610578792492	295.610139173332
56.45	295.610567175642	295.610127658281
56.5	295.610555561481	295.610116145851
56.55	295.610543950008	295.610104636041
56.6	295.61053234122	295.610093128849
56.65	295.610520735116	295.610081624274
56.7	295.610509131695	295.610070122315
56.75	295.610497530954	295.610058622969
56.8	295.610485932891	295.610047126235
56.85	295.610474337506	295.61003563211
56.9	295.610462744797	295.610024140596
56.95	295.610451154761	295.610012651688
57	295.610439567397	295.610001165386
57.05	295.610427982703	295.609989681688
57.1	295.610416400679	295.609978200593
57.15	295.610404821321	295.609966722099
57.2	295.610393244629	295.609955246205
57.25	295.6103816706	295.609943772909
57.3	295.610370099233	295.60993230221
57.35	295.610358530527	295.609920834106
57.4	295.610346964479	295.609909368594
57.45	295.610335401089	295.609897905675
57.5	295.610323840354	295.609886445347
57.55	295.610312282272	295.609874987608
57.6	295.610300726843	295.609863532456
57.65	295.610289174064	295.60985207989
57.7	295.610277623934	295.609840629908
57.75	295.610266076451	295.609829182509
57.8	295.610254531613	295.609817737692
57.85	295.610242989419	295.609806295454
57.9	295.610231449868	295.609794855795
57.95	295.610219912957	295.609783418712
58	295.610208378685	295.609771984206
58.05	295.610196847051	295.609760552272
58.1	295.610185318052	295.60974912291
58.15	295.610173791687	295.609737696121
58.2	295.610162267955	295.6097262719
58.25	295.610150746853	295.609714850247
58.3	295.610139228381	295.609703431161
58.35	295.610127712536	295.609692014639
58.4	295.610116199318	295.60968060068
58.45	295.610104688724	295.609669189283
58.5	295.610093180752	295.609657780447
58.55	295.610081675402	295.60964637417
58.6	295.610070172671	295.609634970449
58.65	295.610058672559	295.609623569286
58.7	295.610047175063	295.609612170676
58.75	295.610035680181	295.609600774619
58.8	295.610024187913	295.609589381114
58.85	295.610012698257	295.609577990159
58.9	295.610001211211	295.609566601753
58.95	295.609989726773	295.609555215892
59	295.609978244942	295.609543832578
59.05	295.609966765716	295.609532451808
59.1	295.609955289094	295.609521073581
59.15	295.609943815075	295.609509697896
59.2	295.609932343656	295.60949832475
59.25	295.609920874836	295.609486954142
59.3	295.609909408613	295.609475586071
59.35	295.609897944987	295.609464220535
59.4	295.609886483954	295.609452857532
59.45	295.609875025515	295.609441497062
59.5	295.609863569667	295.609430139124
59.55	295.609852116408	295.609418783716
59.6	295.609840665738	295.609407430834
59.65	295.609829217654	295.60939608048
59.7	295.609817772155	295.609384732651
59.75	295.60980632924	295.609373387345
59.8	295.609794888907	295.609362044562
59.85	295.609783451154	295.609350704299
59.9	295.60977201598	295.609339366556
59.95	295.609760583383	295.609328031331
60	295.609749153362	295.609316698623
60.05	295.609737725916	295.60930536843
60.1	295.609726301042	295.60929404075
60.15	295.609714878739	295.609282715582
60.2	295.609703459006	295.609271392925
60.25	295.609692041841	295.609260072779
60.3	295.609680627243	295.609248755139
60.35	295.60966921521	295.609237440007
60.4	295.609657805741	295.609226127379
60.45	295.609646398833	295.609214817255
60.5	295.609634994487	295.609203509633
60.55	295.609623592699	295.609192204512
60.6	295.609612193469	295.609180901889
60.65	295.609600796795	295.609169601765
60.7	295.609589402675	295.609158304138
60.75	295.609578011109	295.609147009006
60.8	295.609566622094	295.609135716367
60.85	295.609555235629	295.609124426222
60.9	295.609543851712	295.609113138566
60.95	295.609532470343	295.609101853401
61	295.609521091519	295.609090570724
61.05	295.60950971524	295.609079290533
61.1	295.609498341503	295.609068012828
61.15	295.609486970306	295.609056737607
61.2	295.60947560165	295.609045464868
61.25	295.609464235532	295.609034194609
61.3	295.60945287195	295.609022926831
61.35	295.609441510903	295.609011661531
61.4	295.609430152391	295.609000398708
61.45	295.60941879641	295.60898913836
61.5	295.60940744296	295.608977880486
61.55	295.609396092039	295.608966625085
61.6	295.609384743646	295.608955372155
61.65	295.60937339778	295.608944121695
61.7	295.609362054438	295.608932873704
61.75	295.609350713619	295.608921628181
61.8	295.609339375323	295.608910385123
61.85	295.609328039547	295.608899144529
61.9	295.60931670629	295.608887906399
61.95	295.60930537555	295.608876670729
62	295.609294047327	295.60886543752
62.05	295.609282721618	295.60885420677
62.1	295.609271398423	295.608842978478
62.15	295.609260077739	295.608831752642
62.2	295.609248759565	295.60882052926
62.25	295.609237443901	295.608809308332
62.3	295.609226130743	295.608798089855
62.35	295.609214820092	295.60878687383
62.4	295.609203511945	295.608775660254
62.45	295.609192206301	295.608764449125
62.5	295.609180903159	295.608753240443
62.55	295.609169602516	295.608742034207
62.6	295.609158304373	295.608730830414
62.65	295.609147008727	295.608719629064
62.7	295.609135715577	295.608708430155
62.75	295.609124424921	295.608697233685
62.8	295.609113136758	295.608686039653
62.85	295.609101851087	295.608674848059
62.9	295.609090567906	295.608663658901
62.95	295.609079287214	295.608652472176
63	295.609068009009	295.608641287885
63.05	295.60905673329	295.608630106025
63.1	295.609045460056	295.608618926596
63.15	295.609034189304	295.608607749595
63.2	295.609022921034	295.608596575022
63.25	295.609011655245	295.608585402875
63.3	295.609000391934	295.608574233153
63.35	295.608989131101	295.608563065855
63.4	295.608977872743	295.608551900979
63.45	295.608966616861	295.608540738523
63.5	295.608955363451	295.608529578488
63.55	295.608944112513	295.60851842087
63.6	295.608932864046	295.60850726567
63.65	295.608921618047	295.608496112885
63.7	295.608910374517	295.608484962514
63.75	295.608899133452	295.608473814556
63.8	295.608887894852	295.608462669009
63.85	295.608876658716	295.608451525873
63.9	295.608865425041	295.608440385145
63.95	295.608854193827	295.608429246825
64	295.608842965073	295.608418110911
64.05	295.608831738776	295.608406977402
64.1	295.608820514935	295.608395846297
64.15	295.60880929355	295.608384717594
64.2	295.608798074618	295.608373591292
64.25	295.608786858139	295.608362467388
64.3	295.608775644111	295.608351345885
64.35	295.608764432532	295.608340226777
64.4	295.608753223401	295.608329110065
64.45	295.608742016717	295.608317995749
64.5	295.608730812478	295.608306883824
64.55	295.608719610683	295.60829577429
64.6	295.608708411331	295.608284667148
64.65	295.608697214421	295.608273562395
64.7	295.60868601995	295.60826246003
64.75	295.608674827918	295.608251360051
64.8	295.608663638323	295.608240262457
64.85	295.608652451163	295.608229167247
64.9	295.608641266438	295.60821807442
64.95	295.608630084147	295.608206983973
65	295.608618904287	295.608195895907
65.05	295.608607726857	295.608184810219
65.1	295.608596551856	295.608173726909
65.15	295.608585379283	295.608162645974
65.2	295.608574209137	295.608151567414
65.25	295.608563041415	295.608140491229
65.3	295.608551876117	295.608129417415
65.35	295.608540713241	295.608118345972
65.4	295.608529552785	295.608107276898
65.45	295.60851839475	295.608096210194
65.5	295.608507239133	295.608085145855
65.55	295.608496085932	295.608074083881
65.6	295.608484935147	295.608063024274
65.65	295.608473786776	295.60805196703
65.7	295.608462640818	295.608040912146
65.75	295.608451497272	295.608029859623
65.8	295.608440356135	295.60801880946
65.85	295.608429217408	295.608007761656
65.9	295.608418081087	295.607996716207
65.95	295.608406947173	295.607985673115
66	295.608395815664	295.607974632376
66.05	295.608384686558	295.60796359399
66.1	295.608373559855	295.607952557955
66.15	295.608362435552	295.607941524272
66.2	295.608351313648	295.607930492937
66.25	295.608340194143	295.60791946395
66.3	295.608329077035	295.607908437309
66.35	295.608317962322	295.607897413013
66.4	295.608306850003	295.607886391062
66.45	295.608295740077	295.607875371454
66.5	295.608284632543	295.607864354187
66.55	295.608273527399	295.607853339259
66.6	295.608262424644	295.607842326671
66.65	295.608251324276	295.60783131642
66.7	295.608240226295	295.607820308506
66.75	295.608229130699	295.607809302928
66.8	295.608218037486	295.607798299684
66.85	295.608206946656	295.607787298771
66.9	295.608195858206	295.607776300189
66.95	295.608184772137	295.607765303938
67	295.608173688446	295.607754310016
67.05	295.608162607131	295.607743318422
67.1	295.608151528193	295.607732329154
67.15	295.608140451629	295.607721342211
67.2	295.608129377439	295.607710357592
67.25	295.60811830562	295.607699375296
67.3	295.608107236172	295.607688395321
67.35	295.608096169093	295.607677417665
67.4	295.608085104382	295.607666442328
67.45	295.608074042038	295.60765546931
67.5	295.608062982059	295.607644498607
67.55	295.608051924445	295.60763353022
67.6	295.608040869193	295.607622564147
67.65	295.608029816303	295.607611600387
67.7	295.608018765773	295.607600638938
67.75	295.608007717602	295.607589679798
67.8	295.607996671789	295.607578722967
67.85	295.607985628332	295.607567768445
67.9	295.60797458723	295.607556816228
67.95	295.607963548482	295.607545866318
68	295.607952512086	295.607534918711
68.05	295.607941478042	295.607523973406
68.1	295.607930446348	295.607513030405
68.15	295.607919417002	295.607502089701
68.2	295.607908390004	295.607491151298
68.25	295.607897365352	295.607480215192
68.3	295.607886343045	295.607469281383
68.35	295.607875323082	295.607458349869
68.4	295.607864305461	295.607447420649
68.45	295.60785329018	295.607436493723
68.5	295.60784227724	295.607425569088
68.55	295.607831266638	295.607414646744
68.6	295.607820258374	295.607403726688
68.65	295.607809252445	295.607392808922
68.7	295.607798248851	295.607381893442
68.75	295.60778724759	295.607370980247
68.8	295.607776248662	295.607360069336
68.85	295.607765252065	295.607349160709
68.9	295.607754257797	295.607338254364
68.95	295.607743265858	295.6073273503
69	295.607732276245	295.607316448516
69.05	295.607721288959	295.607305549009
69.1	295.607710303998	295.607294651779
69.15	295.607699321359	295.607283756825
69.2	295.607688341043	295.607272864146
69.25	295.607677363048	295.607261973741
69.3	295.607666387372	295.607251085608
69.35	295.607655414015	295.607240199746
69.4	295.607644442975	295.607229316154
69.45	295.60763347425	295.60721843483
69.5	295.607622507841	295.607207555775
69.55	295.607611543744	295.607196678984
69.6	295.60760058196	295.60718580446
69.65	295.607589622487	295.6071749322
69.7	295.607578665323	295.607164062201
69.75	295.607567710468	295.607153194464
69.8	295.60755675792	295.607142328988
69.85	295.607545807678	295.60713146577
69.9	295.60753485974	295.607120604811
69.95	295.607523914106	295.607109746109
70	295.607512970774	295.607098889662
70.05	295.607502029744	295.607088035468
70.1	295.607491091013	295.607077183528
70.15	295.60748015458	295.60706633384
70.2	295.607469220445	295.607055486403
70.25	295.607458288605	295.607044641215
70.3	295.607447359061	295.607033798276
70.35	295.60743643181	295.607022957584
70.4	295.607425506852	295.607012119137
70.45	295.607414584184	295.607001282936
70.5	295.607403663807	295.606990448979
70.55	295.607392745718	295.606979617263
70.6	295.607381829917	295.606968787789
70.65	295.607370916402	295.606957960555
70.7	295.607360005172	295.60694713556
70.75	295.607349096226	295.606936312803
70.8	295.607338189562	295.606925492282
70.85	295.60732728518	295.606914673996
70.9	295.607316383078	295.606903857945
70.95	295.607305483255	295.606893044128
71	295.60729458571	295.606882232541
71.05	295.607283690441	295.606871423185
71.1	295.607272797447	295.606860616059
71.15	295.607261906728	295.606849811162
71.2	295.607251018281	295.606839008491
71.25	295.607240132106	295.606828208047
71.3	295.607229248202	295.606817409827
71.35	295.607218366567	295.606806613831
71.4	295.6072074872	295.606795820058
71.45	295.607196610099	295.606785028507
71.5	295.607185735265	295.606774239175
71.55	295.607174862695	295.606763452062
71.6	295.607163992388	295.606752667167
71.65	295.607153124343	295.606741884488
71.7	295.607142258559	295.606731104025
71.75	295.607131395034	295.606720325778
71.8	295.607120533768	295.606709549742
71.85	295.60710967476	295.60669877592
71.9	295.607098818007	295.606688004308
71.95	295.607087963509	295.606677234906
72	295.607077111265	295.606666467712
72.05	295.607066261273	295.606655702726
72.1	295.607055413533	295.606644939946
72.15	295.607044568043	295.606634179371
72.2	295.607033724801	295.606623421
72.25	295.607022883808	295.606612664832
72.3	295.607012045061	295.606601910866
72.35	295.607001208559	295.606591159101
72.4	295.606990374301	295.606580409535
72.45	295.606979542287	295.606569662168
72.5	295.606968712514	295.606558916997
72.55	295.606957884981	295.606548174023
72.6	295.606947059689	295.606537433243
72.65	295.606936236634	295.606526694656
72.7	295.606925415817	295.606515958263
72.75	295.606914597235	295.606505224061
72.8	295.606903780888	295.606494492049
72.85	295.606892966775	295.606483762227
72.9	295.606882154894	295.606473034592
72.95	295.606871345244	295.606462309145
73	295.606860537824	295.606451585884
73.05	295.606849732633	295.606440864806
73.1	295.60683892967	295.606430145911
73.15	295.606828128934	295.6064194292
73.2	295.606817330422	295.60640871467
73.25	295.606806534135	295.60639800232
73.3	295.606795740071	295.606387292149
73.35	295.606784948228	295.606376584156
73.4	295.606774158607	295.606365878339
73.45	295.606763371205	295.606355174698
73.5	295.606752586021	295.606344473232
73.55	295.606741803054	295.606333773939
73.6	295.606731022303	295.606323076818
73.65	295.606720243768	295.606312381868
73.7	295.606709467445	295.606301689088
73.75	295.606698693336	295.606290998478
73.8	295.606687921438	295.606280310035
73.85	295.60667715175	295.606269623758
73.9	295.606666384271	295.606258939646
73.95	295.606655619	295.606248257701
74	295.606644855936	295.606237577918
74.05	295.606634095077	295.606226900296
74.1	295.606623336423	295.606216224835
74.15	295.606612579973	295.606205551535
74.2	295.606601825724	295.606194880392
74.25	295.606591073677	295.606184211409
74.3	295.606580323829	295.606173544582
74.35	295.60656957618	295.606162879911
74.4	295.606558830729	295.606152217392
74.45	295.606548087474	295.606141557029
74.5	295.606537346414	295.606130898817
74.55	295.606526607549	295.606120242756
74.6	295.606515870876	295.606109588845
74.65	295.606505136395	295.606098937083
74.7	295.606494404106	295.606088287469
74.75	295.606483674005	295.606077640002
74.8	295.606472946093	295.60606699468
74.85	295.606462220369	295.606056351502
74.9	295.606451496831	295.606045710468
74.95	295.606440775477	295.606035071575
75	295.606430056308	295.606024434823
75.05	295.606419339321	295.606013800212
75.1	295.606408624516	295.60600316774
75.15	295.606397911892	295.605992537406
75.2	295.606387201446	295.605981909209
75.25	295.60637649318	295.605971283148
75.3	295.60636578709	295.605960659221
75.35	295.606355083176	295.605950037426
75.4	295.606344381437	295.605939417764
75.45	295.606333681872	295.605928800234
75.5	295.606322984479	295.605918184835
75.55	295.606312289258	295.605907571564
75.6	295.606301596208	295.605896960422
75.65	295.606290905326	295.605886351405
75.7	295.606280216613	295.605875744515
75.75	295.606269530067	295.605865139751
75.8	295.606258845686	295.605854537108
75.85	295.60624816347	295.605843936589
75.9	295.606237483418	295.605833338191
75.95	295.606226805529	295.605822741914
76	295.606216129801	295.605812147756
76.05	295.606205456233	295.605801555717
76.1	295.606194784825	295.605790965795
76.15	295.606184115574	295.605780377989
76.2	295.60617344848	295.605769792298
76.25	295.606162783543	295.605759208721
76.3	295.60615212076	295.605748627257
76.35	295.606141460131	295.605738047905
76.4	295.606130801654	295.605727470664
76.45	295.606120145328	295.605716895531
76.5	295.606109491153	295.605706322508
76.55	295.606098839128	295.605695751593
76.6	295.60608818925	295.605685182783
76.65	295.606077541519	295.60567461608
76.7	295.606066895934	295.605664051479
76.75	295.606056252494	295.605653488983
76.8	295.606045611198	295.605642928588
76.85	295.606034972044	295.605632370295
76.9	295.606024335032	295.605621814102
76.95	295.60601370016	295.605611260009
77	295.606003067427	295.605600708012
77.05	295.605992436833	295.605590158113
77.1	295.605981808376	295.60557961031
77.15	295.605971182054	295.605569064601
77.2	295.605960557868	295.605558520986
77.25	295.605949935815	295.605547979463
77.3	295.605939315896	295.605537440032
77.35	295.605928698107	295.605526902692
77.4	295.60591808245	295.60551636744
77.45	295.605907468921	295.605505834278
77.5	295.605896857521	295.605495303203
77.55	295.605886248249	295.605484774214
77.6	295.605875641102	295.60547424731
77.65	295.605865036081	295.60546372249
77.7	295.605854433184	295.605453199753
77.75	295.60584383241	295.605442679099
77.8	295.605833233757	295.605432160526
77.85	295.605822637225	295.605421644032
77.9	295.605812042813	295.605411129617
77.95	295.60580145052	295.605400617281
78	295.605790860344	295.605390107021
78.05	295.605780272284	295.605379598837
78.1	295.60576968634	295.605369092727
78.15	295.60575910251	295.605358588692
78.2	295.605748520794	295.605348086728
78.25	295.605737941189	295.605337586837
78.3	295.605727363696	295.605327089016
78.35	295.605716788313	295.605316593264
78.4	295.605706215038	295.605306099582
78.45	295.605695643871	295.605295607966
78.5	295.605685074812	295.605285118417
78.55	295.605674507857	295.605274630934
78.6	295.605663943008	295.605264145514
78.65	295.605653380262	295.605253662157
78.7	295.605642819618	295.605243180863
78.75	295.605632261076	295.60523270163
78.8	295.605621704634	295.605222224458
78.85	295.605611150292	295.605211749345
78.9	295.605600598048	295.60520127629
78.95	295.605590047901	295.605190805291
79	295.60557949985	295.605180336349
79.05	295.605568953894	295.60516986946
79.1	295.605558410032	295.605159404626
79.15	295.605547868263	295.605148941846
79.2	295.605537328586	295.605138481117
79.25	295.605526790999	295.605128022441
79.3	295.605516255503	295.605117565813
79.35	295.605505722095	295.605107111235
79.4	295.605495190774	295.605096658703
79.45	295.605484661541	295.60508620822
79.5	295.605474134392	295.605075759782
79.55	295.605463609329	295.605065313388
79.6	295.605453086348	295.605054869038
79.65	295.60544256545	295.605044426732
79.7	295.605432046633	295.605033986466
79.75	295.605421529897	295.605023548241
79.8	295.60541101524	295.605013112056
79.85	295.605400502661	295.605002677909
79.9	295.605389992159	295.604992245801
79.95	295.605379483733	295.604981815729
80	295.605368977382	295.604971387692
85	295.604673243021	295.604274832185
90	295.60398706648	295.603595457372
95	295.603312593945	295.602927634173
100	295.602649381466	295.602270796908
105	295.601996959646	295.601624485645
110	295.601354883031	295.600988269203
115	295.600722732162	295.600361742696
120	295.600100112729	295.599744525821
125	295.599486654081	295.599136261131
130	295.598882007625	295.598536612344
135	295.598285845244	295.597945262797
140	295.597697857806	295.597361913984
145	295.59711775377	295.596786284223
150	295.596545257914	295.596218107433
155	295.595980110145	295.595657132009
160	295.595422064422	295.595103119791
165	295.594870887766	295.594555845131
170	295.594326359347	295.59401509402
175	295.593788269649	295.593480663295
180	295.593256419706	295.592952359921
185	295.592730620401	295.59243000031
190	295.592210691809	295.59191340971
195	295.591696462611	295.591402421638
200	295.591187769538	295.590896877353
205	295.590684456867	295.590396625381
210	295.590186375952	295.589901521057
215	295.589693384792	295.589411426125
220	295.589205347632	295.588926208341
225	295.58872213459	295.588445741135
230	295.588243621311	295.58796990327
235	295.587769688656	295.587498578537
240	295.587300222398	295.587031655489
245	295.586835112951	295.586569027148
250	295.586374255108	295.586110590788
255	295.585917547811	295.585656247682
260	295.585464893918	295.585205902903
265	295.585016200006	295.584759465124
270	295.58457137617	295.584316846428
275	295.58413033584	295.583877962132
280	295.583692995617	295.58344273062
285	295.583259275109	295.583011073206
290	295.582829096784	295.582582913969
295	295.582402385831	295.58215817964
300	295.581979070032	295.581736799464
305	295.581559079629	295.581318705078
310	295.581142347216	295.5809038304
315	295.580728807628	295.580492111539
320	295.580318397838	295.580083486673
325	295.579911056864	295.579677895978
330	295.579506725664	295.579275281515
335	295.579105347071	295.57887558717
340	295.578706865696	295.578478758563
345	295.578311227856	295.578084742981
350	295.577918381502	295.577693489295
355	295.577528276152	295.577304947918
360	295.577140862817	295.576919070701
365	295.576756093952	295.576535810917
370	295.57637392339	295.576155123181
375	295.575994306287	295.575776963401
380	295.575617199072	295.575401288721
385	295.575242559396	295.575028057493
390	295.574870346079	295.574657229195
395	295.574500519076	295.574288764428
400	295.574133039427	295.573922624845
405	295.573767869214	295.573558773119
410	295.573404971529	295.573197172915
415	295.573044310434	295.572837788848
420	295.572685850918	295.572480586434
425	295.572329558878	295.572125532079
430	295.571975401075	295.571772593039
435	295.571623345111	295.57142173739
440	295.571273359391	295.571072933996
445	295.570925413108	295.570726152494
450	295.570579476197	295.570381363249
455	295.570235519331	295.570038537343
460	295.569893513884	295.569697646551
465	295.569553431908	295.569358663311
470	295.569215246113	295.569021560706
475	295.568878929848	295.568686312447
480	295.56854445707	295.568352892844
485	295.568211802341	295.568021276791
490	295.567880940794	295.567691439753
495	295.567551848122	295.567363357738
500	295.567224500559	295.567037007292
505	295.566898874867	295.566712365468
510	295.566574948307	295.566389409821
515	295.566252698642	295.566068118398
520	295.565932104111	295.565748469698
525	295.565613143413	295.565430442694
530	295.565295795702	295.565114016791
535	295.564980040569	295.564799171829
540	295.564665858019	295.564485888058
545	295.564353228481	295.564174146137
550	295.564042132779	295.563863927118
555	295.563732552126	295.563555212432
560	295.563424468114	295.563247983895
565	295.563117862698	295.562942223661
570	295.562812718192	295.562637914255
575	295.562509017262	295.562335038534
580	295.562206742904	295.562033579691
585	295.561905878448	295.561733521239
590	295.561606407544	295.561434847012
595	295.561308314145	295.561137541144
600	295.561011582517	295.560841588066
605	295.560716197216	295.560546972506
610	295.560422143086	295.560253679469
615	295.560129405251	295.559961694241
620	295.55983796911	295.559671002374
625	295.55954782032	295.559381589682
630	295.559258944806	295.559093442228
635	295.55897132874	295.558806546338
640	295.558684958544	295.558520888564
645	295.558399820877	295.558236455709
650	295.558115902636	295.5579532348
655	295.557833190938	295.557671213085
660	295.557551673132	295.55739037804
665	295.55727133678	295.55711071735
670	295.556992169658	295.556832218915
675	295.556714159749	295.556554870833
680	295.556437295241	295.55627866141
685	295.556161564512	295.556003579131
690	295.555886956139	295.555729612691
695	295.555613458888	295.555456750953
700	295.555341061707	295.555184982981
705	295.555069753724	295.554914298001
710	295.554799524248	295.554644685425
715	295.554530362752	295.554376134818
720	295.554262258882	295.554108635923
725	295.553995202447	295.553842178644
730	295.553729183417	295.553576753047
735	295.553464191922	295.553312349348
740	295.553200218241	295.553048957912
745	295.55293725281	295.552786569261
750	295.552675286201	295.552525174054
755	295.552414309142	295.552264763099
760	295.552154312497	295.552005327342
765	295.551895287268	295.551746857863
770	295.551637224592	295.551489345874
775	295.551380115743	295.551232782724
780	295.551123952113	295.550977159886
785	295.550868725233	295.550722468956
790	295.550614426753	295.550468701657
795	295.550361048445	295.550215849832
800	295.550108582202	295.54996390544
805	295.549857020035	295.549712860556
810	295.54960635406	295.549462707371
815	295.549356576518	295.549213438178
820	295.549107679753	295.54896504539
825	295.548859656217	295.548717521522
830	295.548612498472	295.548470859192
835	295.548366199181	295.548225051125
840	295.548120751103	295.54798009014
845	295.547876147107	295.547735969158
850	295.547632380154	295.5474926812
855	295.547389443302	295.547250219375
860	295.547147329703	295.547008576888
865	295.546906032604	295.546767747043
870	295.546665545334	295.546527723219
875	295.54642586132	295.546288498897
880	295.546186974074	295.546050067631
885	295.545948877193	295.545812423074
890	295.545711564357	295.545575558949
895	295.545475029333	295.545339469069
900	295.545239265958	295.545104147327
905	295.545004268162	295.544869587688
910	295.544770029946	295.544635784204
915	295.544536545389	295.544402730994
920	295.544303808646	295.544170422257
925	295.544071813947	295.543938852264
930	295.543840555588	295.543708015356
935	295.543610027945	295.543477905948
940	295.54338022546	295.543248518524
945	295.543151142651	295.543019847635
950	295.542922774088	295.542791887897
955	295.542695114427	295.542564634
960	295.542468158375	295.542338080689
965	295.542241900704	295.542112222774
970	295.542016336263	295.541887055143
975	295.541791459946	295.541662572715
980	295.541567266723	295.541438770506
985	295.541343751614	295.541215643565
990	295.541120909696	295.540993187005
995	295.540898736121	295.540771396008
1000	295.540677226074	295.540550265797
1005	295.540456374822	295.540329791667
1010	295.540236177664	295.540109968949
1015	295.540016629974	295.539890793048
1020	295.539797727163	295.539672259403
1025	295.539579464697	295.539454363521
1030	295.53936183811	295.539237100953
1035	295.539144842969	295.539020467301
1040	295.538928474893	295.538804458213
1045	295.538712729565	295.538589069401
1050	295.538497602697	295.538374296597
1055	295.538283090068	295.538160135619
1060	295.538069187486	295.537946582295
1065	295.537855890825	295.537733632523
1070	295.537643195986	295.537521282238
1075	295.53743109892	295.537309527412
1080	295.537219595636	295.537098364079
1085	295.537008682165	295.536887788297
1090	295.536798354603	295.536677796184
1095	295.536588609072	295.536468383886
1100	295.536379441735	295.536259547598
1105	295.536170848815	295.536051283552
1110	295.53596282655	295.535843588021
1115	295.535755371242	295.535636457325
1120	295.535548479211	295.535429887809
1125	295.535342146835	295.535223875868
1130	295.535136370515	295.535018417932
1135	295.534931146693	295.534813510456
1140	295.534726471857	295.534609149954
1145	295.534522342516	295.53440533296
1150	295.534318755235	295.534202056054
1155	295.534115706598	295.53399931584
1160	295.533913193224	295.533797108958
1165	295.533711211781	295.533595432095
1170	295.533509758951	295.533394281958
1175	295.533308831473	295.533193655296
1180	295.533108426094	295.532993548879
1185	295.532908539615	295.532793959529
1190	295.532709168856	295.53259488408
1195	295.532510310666	295.532396319409
1200	295.532311961945	295.53219826242
1205	295.532114119598	295.532000710043
1210	295.531916780583	295.531803659252
1215	295.531719941873	295.531607107035
1220	295.531523600469	295.531411050413
1225	295.531327753419	295.531215486454
1230	295.531132397777	295.531020412221
1235	295.530937530648	295.530825824837
1240	295.530743149141	295.530631721431
1245	295.530549250417	295.530438099177
1250	295.530355831647	295.530244955259
1255	295.530162890027	295.530052286897
1260	295.529970422801	295.529860091339
1265	295.529778427211	295.529668365847
1270	295.52958690055	295.529477107729
1275	295.529395840119	295.529286314304
1280	295.529205243246	295.529095982908
1285	295.529015107299	295.528906110927
1290	295.528825429648	295.528716695744
1295	295.52863620771	295.528527734788
1300	295.528447438903	295.528339225493
1305	295.528259120691	295.528151165339
1310	295.528071250546	295.527963551807
1315	295.527883825963	295.527776382405
1320	295.527696844473	295.527589654678
1325	295.52751030361	295.527403366175
1330	295.527324200952	295.527217514485
1335	295.527138534081	295.527032097199
1340	295.526953300603	295.526847111944
1345	295.52676849816	295.526662556362
1350	295.526584124392	295.526478428116
1355	295.526400176983	295.526294724898
1360	295.526216653618	295.526111444405
1365	295.526033552021	295.525928584367
1370	295.525850869919	295.525746142531
1375	295.525668605061	295.525564116656
1380	295.525486755232	295.525382504533
1385	295.525305318214	295.525201303955
1390	295.525124291827	295.525020512759
1395	295.524943673892	295.524840128777
1400	295.52476346227	295.524660149874
1405	295.524583654821	295.524480573924
1410	295.524404249428	295.52430139882
1415	295.524225244003	295.524122622483
1420	295.524046636457	295.523944242838
1425	295.52386842474	295.523766257841
1430	295.523690606802	295.523588665452
1435	295.523513180612	295.523411463655
1440	295.523336144172	295.523234650456
1445	295.523159495476	295.523058223861
1450	295.522983232559	295.522882181911
1455	295.52280735345	295.522706522651
1460	295.522631856217	295.522531244153
1465	295.522456738925	295.522356344492
1470	295.522281999657	295.522181821763
1475	295.522107636528	295.522007674087
1480	295.521933647646	295.521833899579
1485	295.521760031154	295.521660496398
1490	295.521586785199	295.521487462689
1495	295.521413907937	295.521314796628
1500	295.521241397559	295.521142496404
1505	295.521069252248	295.520970560215
1510	295.520897470221	295.520798986285
1515	295.520726049691	295.520627772835
1520	295.520554988905	295.520456918119
1525	295.520384286107	295.520286420389
1530	295.520213939556	295.520116277914
1535	295.520043947541	295.519946488986
1540	295.519874308342	295.519777051899
1545	295.519705020273	295.51960796497
1550	295.519536081648	295.519439226525
1555	295.519367490794	295.519270834892
1560	295.519199246062	295.519102788433
1565	295.519031345799	295.518935085506
1570	295.518863788386	295.518767724492
1575	295.518696572193	295.518600703776
1580	295.518529695626	295.518434021765
1585	295.518363157084	295.518267676865
1590	295.518196954982	295.518101667499
1595	295.518031087759	295.517935992116
1600	295.517865553848	295.517770649155
1605	295.517700351714	295.517605637084
1610	295.517535479817	295.51744095437
1615	295.517370936628	295.517276599495
1620	295.517206720647	295.517112570961
1625	295.517042830363	295.516948867265
1630	295.516879264297	295.516785486936
1635	295.516716020961	295.516622428491
1640	295.516553098898	295.51645969048
1645	295.516390496646	295.516297271443
1650	295.516228212755	295.516135169941
1655	295.5160662458	295.515973384559
1660	295.515904594347	295.515811913855
1665	295.51574325699	295.515650756443
1670	295.515582232321	295.515489910913
1675	295.515421518941	295.515329375874
1680	295.515261115477	295.515169149961
1685	295.515101020544	295.515009231791
1690	295.514941232789	295.514849620019
1695	295.514781750848	295.514690313284
1700	295.514622573386	295.514531310261
1705	295.514463699062	295.51437260961
1710	295.514305126548	295.514214210012
1715	295.514146854536	295.51405611016
1720	295.513988881709	295.513898308746
1725	295.51383120678	295.513740804489
1730	295.513673828452	295.513583596093
1735	295.513516745453	295.513426682293
1740	295.513359956508	295.51327006182
1745	295.513203460351	295.513113733415
1750	295.513047255739	295.512957695835
1755	295.512891341417	295.512801947833
1760	295.51273571616	295.512646488191
1765	295.512580378736	295.512491315678
1770	295.51242532792	295.512336429074
1775	295.512270562513	295.512181827187
1780	295.512116081301	295.512027508809
1785	295.511961883103	295.511873472757
1790	295.51180796672	295.511719717844
1795	295.511654330986	295.511566242905
1800	295.511500974725	295.511413046771
1805	295.511347896772	295.511260128278
1810	295.511195095981	295.511107486284
1815	295.511042571195	295.510955119642
1820	295.510890321287	295.510803027224
1825	295.51073834512	295.510651207902
1830	295.510586641566	295.510499660548
1835	295.510435209518	295.510348384061
1840	295.510284047858	295.510197377326
1845	295.510133155493	295.510046639259
1850	295.509982531321	295.509896168754
1855	295.509832174263	295.509745964743
1860	295.509682083234	295.509596026143
1865	295.509532257159	295.509446351882
1870	295.509382694978	295.509296940904
1875	295.509233395624	295.509147792147
1880	295.50908435805	295.50899890457
1885	295.508935581216	295.50885027713
1890	295.508787064072	295.508701908789
1895	295.508638805593	295.508553798522
1900	295.508490804754	295.508405945305
1905	295.508343060538	295.50825834813
1910	295.508195571926	295.508111005981
1915	295.508048337917	295.507963917857
1920	295.507901357515	295.50781708277
1925	295.507754629719	295.507670499716
1930	295.507608153546	295.507524167724
1935	295.507461928016	295.50737808581
1940	295.507315952157	295.507232253013
1945	295.507170224995	295.507086668358
1950	295.507024745576	295.506941330892
1955	295.506879512933	295.506796239658
1960	295.506734526123	295.50665139371
1965	295.5065897842	295.50650679211
1970	295.506445286229	295.506362433925
1975	295.506301031271	295.50621831822
1980	295.506157018403	295.506074444071
1985	295.506013246707	295.505930810568
1990	295.505869715259	295.50578741679
1995	295.505726423155	295.505644261831
2000	295.505583369488	295.505501344795
2005	295.505440553365	295.505358664787
2010	295.505297973884	295.50521622091
2015	295.505155630161	295.505074012282
2020	295.505013521318	295.504932038027
2025	295.504871646468	295.504790297265
2030	295.504730004746	295.504648789133
2035	295.504588595283	295.504507512762
2040	295.504447417223	295.5043664673
2045	295.5043064697	295.504225651885
2050	295.504165751868	295.504085065674
2055	295.504025262885	295.503944707826
2060	295.5038850019	295.503804577494
2065	295.503744968082	295.503664673852
2070	295.503605160604	295.503524996073
2075	295.503465578631	295.503385543328
2080	295.503326221347	295.5032463148
2085	295.503187087934	295.503107309674
2090	295.503048177584	295.502968527149
2095	295.502909489483	295.502829966408
2100	295.502771022832	295.502691626656
2105	295.502632776836	295.502553507106
2110	295.502494750695	295.502415606957
2115	295.502356943626	295.502277925427
2120	295.502219354844	295.502140461735
2125	295.502081983572	295.502003215105
2130	295.501944829029	295.501866184763
2135	295.501807890447	295.501729369939
2140	295.501671167065	295.501592769877
2145	295.501534658113	295.501456383809
2150	295.501398362838	295.501320210982
2155	295.501262280486	295.501184250652
2160	295.501126410313	295.50104850207
2165	295.500990751568	295.500912964485
2170	295.500855303511	295.500777637169
2175	295.500720065412	295.500642519387
2180	295.500585036531	295.500507610403
2185	295.500450216143	295.500372909498
2190	295.50031560353	295.50023841595
2195	295.500181197962	295.500104129042
2200	295.500046998731	295.499970048053
2205	295.499913005121	295.499836172281
2210	295.499779216431	295.499702501024
2215	295.499645631948	295.499569033569
2220	295.499512250976	295.499435769224
2225	295.499379072822	295.499302707301
2230	295.499246096788	295.4991698471
2235	295.499113322188	295.499037187938
2240	295.498980748337	295.498904729133
2245	295.498848374558	295.49877247001
2250	295.498716200166	295.498640409888
2255	295.498584224493	295.498508548098
2260	295.498452446871	295.498376883974
2265	295.498320866626	295.498245416845
2270	295.4981894831	295.498114146055
2275	295.498058295633	295.49798307095
2280	295.497927303574	295.497852190877
2285	295.497796506264	295.497721505177
2290	295.497665903057	295.497591013211
2295	295.497535493313	295.497460714339
2300	295.497405276382	295.49733060791
2305	295.49727525163	295.497200693295
2310	295.497145418426	295.497070969863
2315	295.497015776129	295.496941436981
2320	295.496886324119	295.496812094023
2325	295.496757061768	295.496682940367
2330	295.49662798846	295.496553975397
2335	295.496499103567	295.496425198492
2340	295.496370406482	295.496296609038
2345	295.496241896593	295.49616820643
2350	295.496113573285	295.496039990057
2355	295.495985435958	295.495911959318
2360	295.495857484009	295.495784113613
2365	295.495729716844	295.495656452344
2370	295.495602133856	295.495528974915
2375	295.49547473446	295.495401680738
2380	295.495347518068	295.495274569226
2385	295.495220484086	295.49514763979
2390	295.495093631934	295.495020891847
2395	295.494966961032	295.494894324823
2400	295.494840470806	295.494767938141
2405	295.494714160672	295.494641731228
2410	295.494588030065	295.49451570351
2415	295.494462078418	295.494389854425
2420	295.494336305156	295.494264183407
2425	295.494210709724	295.494138689889
2430	295.494085291558	295.494013373323
2435	295.493960050107	295.493888233147
2440	295.493834984806	295.493763268809
2445	295.493710095111	295.493638479755
2450	295.493585380472	295.493513865444
2455	295.493460840338	295.493389425327
2460	295.493336474169	295.493265158865
2465	295.493212281429	295.493141065519
2470	295.49308826157	295.493017144746
2475	295.492964414062	295.492893396019
2480	295.492840738371	295.492769818803
2485	295.492717233973	295.492646412576
2490	295.49259390033	295.4925231768
2495	295.492470736922	295.492400110963
2500	295.492347743232	295.492277214544
2505	295.492224918732	295.492154487015
2510	295.492102262908	295.492031927866
2515	295.491979775245	295.491909536584
2520	295.491857455236	295.491787312662
2525	295.491735302363	295.491665255587
2530	295.491613316124	295.491543364852
2535	295.491491496017	295.491421639959
2540	295.491369841531	295.491300080404
2545	295.491248352173	295.491178685686
2550	295.491127027443	295.491057455315
2555	295.491005866852	295.490936388797
2560	295.490884869898	295.490815485636
2565	295.490764036096	295.490694745343
2570	295.490643364962	295.490574167439
2575	295.490522856001	295.490453751432
2580	295.490402508736	295.490333496846
2585	295.49028232269	295.490213403201
2590	295.490162297376	295.490093470014
2595	295.490042432321	295.489973696813
2600	295.489922727053	295.489854083128
2605	295.489803181102	295.489734628489
2610	295.489683793991	295.48961533242
2615	295.489564565257	295.489496194462
2620	295.489445494439	295.489377214153
2625	295.489326581066	295.489258391026
2630	295.489207824683	295.489139724621
2635	295.489089224829	295.489021214486
2640	295.488970781052	295.488902860164
2645	295.488852492891	295.488784661198
2650	295.488734359896	295.48866661714
2655	295.488616381623	295.488548727546
2660	295.488498557615	295.488430991963
2665	295.488380887431	295.488313409943
2670	295.488263370626	295.488195981054
2675	295.488146006763	295.488078704851
2680	295.488028795394	295.48796158089
2685	295.487911736086	295.487844608738
2690	295.487794828407	295.487727787967
2695	295.487678071915	295.487611118133
2700	295.487561466182	295.487494598812
2705	295.487445010778	295.487378229574
2710	295.487328705281	295.487262009997
2715	295.487212549256	295.487145939651
2720	295.487096542284	295.487030018113
2725	295.486980683947	295.486914244966
2730	295.486864973815	295.486798619787
2735	295.486749411477	295.48668314216
2740	295.486633996518	295.486567811675
2745	295.486518728517	295.48645262791
2750	295.486403607066	295.48633759046
2755	295.486288631754	295.486222698913
2760	295.486173802176	295.486107952866
2765	295.486059117917	295.485993351904
2770	295.485944578576	295.485878895631
2775	295.485830183755	295.485764583641
2780	295.485715933042	295.485650415531
2785	295.485601826042	295.485536390908
2790	295.485487862358	295.485422509371
2795	295.485374041597	295.485308770531
2800	295.485260363358	295.485195173985
2805	295.48514682725	295.485081719348
2810	295.485033432889	295.484968406233
2815	295.484920179875	295.48485523424
2820	295.484807067826	295.484742202993
2825	295.484694096357	295.484629312103
2830	295.484581265085	295.484516561189
2835	295.484468573622	295.484403949865
2840	295.484356021589	295.484291477759
2845	295.484243608615	295.484179144485
2850	295.484131334309	295.48406694967
2855	295.484019198304	295.483954892937
2860	295.483907200227	295.48384297392
2865	295.483795339699	295.483731192237
2870	295.483683616353	295.483619547521
2875	295.483572029817	295.483508039408
2880	295.48346057973	295.483396667533
2885	295.483349265718	295.483285431524
2890	295.48323808742	295.483174331015
2895	295.483127044476	295.483063365655
2900	295.483016136516	295.48295253507
2905	295.482905363185	295.482841838911
2910	295.482794724125	295.482731276817
2915	295.482684218983	295.482620848432
2920	295.482573847394	295.482510553403
2925	295.482463609011	295.482400391375
2930	295.482353503484	295.482290362
2935	295.482243530454	295.482180464922
2940	295.482133689576	295.482070699796
2945	295.482023980503	295.481961066276
2950	295.481914402891	295.481851564015
2955	295.481804956387	295.481742192668
2960	295.481695640652	295.481632951892
2965	295.481586455348	295.48152384135
2970	295.481477400127	295.481414860697
2975	295.481368474652	295.481306009597
2980	295.481259678588	295.481197287712
2985	295.4811510116	295.481088694711
2990	295.481042473345	295.480980230251
2995	295.480934063495	295.480871894005
3000	295.480825781721	295.480763685643
3005	295.480717627683	295.480655604832
3010	295.480609601058	295.480547651241
3015	295.480501701519	295.48043982455
3020	295.480393928734	295.480332124426
3025	295.48028628238	295.480224550545
3030	295.480178762133	295.480117102587
3035	295.480071367674	295.48000978023
3040	295.479964098674	295.479902583149
3045	295.47985695482	295.479795511028
3050	295.479749935785	295.479688563549
3055	295.479643041262	295.479581740396
3060	295.479536270924	295.479475041248
3065	295.479429624462	295.479368465794
3070	295.479323101561	295.479262013723
3075	295.479216701912	295.479155684725
3080	295.479110425198	295.479049478482
3085	295.479004271111	295.478943394689
3090	295.478898239347	295.478837433044
3095	295.478792329592	295.478731593228
3100	295.478686541541	295.478625874943
3105	295.478580874895	295.478520277889
3110	295.478475329342	295.478414801754
3115	295.478369904583	295.47830944624
3120	295.478264600318	295.478204211046
3125	295.47815941625	295.478099095876
3130	295.478054352071	295.477994100425
3135	295.477949407489	295.477889224401
3140	295.47784458221	295.477784467508
3145	295.477739875931	295.477679829447
3150	295.477635288362	295.47757530993
3155	295.477530819211	295.47747090866
3160	295.477426468189	295.477366625352
3165	295.477322234997	295.477262459708
3170	295.477218119351	295.477158411445
3175	295.477114120964	295.477054480274
3180	295.477010239543	295.476950665904
3185	295.476906474804	295.476846968056
3190	295.476802826464	295.476743386438
3195	295.476699294241	295.476639920778
3200	295.476595877845	295.476536570782
3205	295.476492576998	295.476433336173
3210	295.476389391423	295.476330216675
3215	295.476286320833	295.476227212002
3220	295.476183364953	295.476124321881
3225	295.476080523507	295.476021546033
3230	295.475977796221	295.475918884186
3235	295.475875182812	295.475816336063
3240	295.47577268301	295.475713901385
3245	295.475670296546	295.47561157989
3250	295.47556802314	295.475509371297
3255	295.475465862524	295.475407275339
3260	295.475363814433	295.47530529175
3265	295.475261878589	295.475203420259
3270	295.47516005473	295.475101660592
3275	295.475058342587	295.47500001249
3280	295.474956741897	295.474898475693
3285	295.47485525239	295.474797049925
3290	295.474753873806	295.474695734925
3295	295.474652605883	295.474594530439
3300	295.474551448353	295.474493436197
3305	295.47445040096	295.47439245194
3310	295.474349463443	295.474291577408
3315	295.474248635545	295.474190812352
3320	295.474147917004	295.474090156501
3325	295.474047307564	295.473989609606
3330	295.473946806973	295.473889171413
3335	295.47384641497	295.473788841657
3340	295.473746131302	295.473688620096
3345	295.473645955717	295.473588506473
3350	295.473545887968	295.473488500538
3355	295.473445927794	295.473388602038
3360	295.47334607495	295.473288810721
3365	295.473246329189	295.473189126345
3370	295.473146690255	295.473089548653
3375	295.473047157905	295.472990077405
3380	295.472947731895	295.472890712355
3385	295.472848411973	295.472791453252
3390	295.472749197896	295.472692299855
3395	295.472650089423	295.472593251918
3400	295.472551086311	295.472494309206
3405	295.472452188312	295.472395471468
3410	295.472353395189	295.472296738466
3415	295.472254706704	295.472198109965
3420	295.472156122611	295.472099585719
3425	295.472057642675	295.472001165495
3430	295.471959266657	295.47190284905
3435	295.471860994326	295.471804636158
3440	295.471762825436	295.471706526571
3445	295.471664759757	295.47160852006
3450	295.471566797058	295.471510616395
3455	295.471468937098	295.471412815335
3460	295.471371179648	295.471315116652
3465	295.471273524476	295.471217520113
3470	295.471175971355	295.471120025495
3475	295.471078520047	295.471022632555
3480	295.470981170327	295.470925341072
3485	295.470883921969	295.470828150823
3490	295.470786774738	295.470731061568
3495	295.470689728412	295.470634073091
3500	295.470592782766	295.470537185159
3505	295.470495937575	295.470440397554
3510	295.470399192608	295.470343710049
3515	295.470302547647	295.470247122419
3520	295.470206002471	295.470150634444
3525	295.470109556851	295.470054245904
3530	295.470013210571	295.469957956572
3535	295.469916963412	295.469861766234
3540	295.469820815146	295.469765674667
3545	295.469724765561	295.469669681654
3550	295.469628814437	295.469573786977
3555	295.46953296156	295.46947799042
3560	295.469437206707	295.469382291763
3565	295.469341549664	295.469286690798
3570	295.469245990222	295.469191187304
3575	295.469150528156	295.469095781067
3580	295.469055163259	295.469000471875
3585	295.468959895317	295.468905259517
3590	295.468864724122	295.468810143782
3595	295.468769649454	295.468715124456
3600	295.468674671107	295.46862020133
3605	295.468579788875	295.468525374195
3610	295.46848500254	295.468430642841
3615	295.468390311898	295.468336007058
3620	295.468295716742	295.468241466645
3625	295.468201216868	295.468147021391
3630	295.468106812061	295.46805267109
3635	295.468012502121	295.467958415538
3640	295.467918286847	295.467864254533
3645	295.467824166026	295.467770187863
3650	295.467730139458	295.46767621533
3655	295.467636206945	295.467582336733
3660	295.467542368276	295.467488551869
3665	295.467448623254	295.467394860537
3670	295.46735497168	295.467301262534
3675	295.467261413356	295.467207757668
3680	295.467167948074	295.467114345731
3685	295.467074575642	295.467021026528
3690	295.466981295863	295.466927799866
3695	295.466888108533	295.466834665539
3700	295.46679501346	295.466741623358
3705	295.466702010447	295.466648673122
3710	295.466609099302	295.466555814643
3715	295.466516279824	295.466463047721
3720	295.466423551822	295.466370372163
3725	295.466330915107	295.46627778778
3730	295.466238369478	295.466185294372
3735	295.466145914746	295.466092891753
3740	295.466053550721	295.466000579728
3745	295.465961277211	295.465908358111
3750	295.465869094027	295.465816226713
3755	295.465777000978	295.465724185341
3760	295.465684997878	295.465632233807
3765	295.465593084536	295.465540371923
3770	295.465501260764	295.465448599505
3775	295.465409526378	295.465356916361
3780	295.465317881188	295.465265322311
3785	295.465226325011	295.465173817167
3790	295.46513485766	295.465082400741
3795	295.465043478953	295.464991072852
3800	295.464952188703	295.464899833315
3805	295.464860986727	295.464808681948
3810	295.464769872844	295.464717618572
3815	295.46467884687	295.464626642995
3820	295.464587908626	295.464535755046
3825	295.464497057927	295.46444495454
3830	295.464406294597	295.464354241299
3835	295.464315618454	295.464263615142
3840	295.46422502932	295.46417307589
3845	295.464134527015	295.464082623368
3850	295.464044111361	295.46399225739
3855	295.463953782182	295.46390197779
3860	295.4638635393	295.463811784383
3865	295.46377338254	295.463721676996
3870	295.463683311725	295.463631655454
3875	295.463593326679	295.463541719584
3880	295.463503427231	295.463451869208
3885	295.463413613202	295.463362104154
3890	295.463323884423	295.463272424248
3895	295.463234240718	295.463182829319
3900	295.463144681918	295.463093319195
3905	295.463055207848	295.463003893703
3910	295.462965818338	295.462914552674
3915	295.462876513219	295.462825295937
3920	295.462787292317	295.462736123321
3925	295.462698155467	295.462647034656
3930	295.462609102496	295.462558029778
3935	295.462520133239	295.462469108515
3940	295.462431247526	295.462380270699
3945	295.462342445189	295.462291516163
3950	295.462253726062	295.462202844744
3955	295.462165089978	295.462114256269
3960	295.462076536773	295.46202575058
3965	295.46198806628	295.461937327508
3970	295.461899678334	295.461848986887
3975	295.461811372772	295.461760728558
3980	295.461723149429	295.461672552356
3985	295.461635008144	295.461584458114
3990	295.46154694875	295.461496445672
3995	295.46145897109	295.46140851487
4000	295.461371074999	295.461320665548
4005	295.461283260317	295.46123289754
4010	295.461195526884	295.461145210688
4015	295.461107874538	295.461057604831
4020	295.46102030312	295.460970079814
4025	295.460932812471	295.460882635472
4030	295.460845402433	295.460795271648
4035	295.460758072847	295.460707988186
4040	295.460670823554	295.460620784929
4045	295.460583654399	295.46053366172
4050	295.460496565225	295.460446618402
4055	295.460409555876	295.460359654819
4060	295.460322626194	295.460272770813
4065	295.460235776026	295.460185966231
4070	295.460149005216	295.460099240921
4075	295.460062313612	295.460012594727
4080	295.459975701057	295.459926027495
4085	295.459889167399	295.459839539071
4090	295.459802712486	295.459753129306
4095	295.459716336164	295.459666798044
4100	295.459630038284	295.459580545136
4105	295.459543818691	295.459494370427
4110	295.459457677235	295.45940827377
4115	295.459371613767	295.459322255015
4120	295.459285628135	295.45923631401
4125	295.459199720191	295.459150450606
4130	295.459113889782	295.459064664651
4135	295.459028136765	295.458978956007
4140	295.458942460989	295.458893324514
4145	295.458856862305	295.45880777003
4150	295.458771340567	295.45872229241
4155	295.458685895629	295.458636891501
4160	295.458600527342	295.458551567165
4165	295.458515235561	295.458466319248
4170	295.458430020143	295.45838114761
4175	295.45834488094	295.458296052105
4180	295.458259817808	295.458211032585
4185	295.458174830601	295.458126088913
4190	295.458089919178	295.458041220938
4195	295.458005083395	295.457956428521
4200	295.457920323106	295.457871711517
4205	295.457835638173	295.457787069788
4210	295.457751028451	295.45770250319
4215	295.4576664938	295.457618011578
4220	295.457582034077	295.457533594815
4225	295.457497649142	295.457449252758
4230	295.457413338854	295.45736498527
4235	295.457329103074	295.457280792209
4240	295.457244941661	295.457196673435
4245	295.457160854478	295.457112628809
4250	295.457076841384	295.457028658196
4255	295.456992902242	295.456944761452
4260	295.456909036913	295.456860938445
4265	295.456825245261	295.456777189032
4270	295.456741527146	295.456693513084
4275	295.456657882435	295.456609910457
4280	295.456574310989	295.456526381016
4285	295.456490812672	295.456442924629
4290	295.45640738735	295.456359541159
4295	295.456324034887	295.45627623047
4300	295.45624075515	295.456192992431
4305	295.456157548002	295.4561098269
4310	295.45607441331	295.456026733751
4315	295.45599135094	295.455943712847
4320	295.45590836076	295.455860764056
4325	295.455825442636	295.455777887246
4330	295.455742596436	295.455695082286
4335	295.45565982203	295.455612349041
4340	295.455577119283	295.455529687381
4345	295.455494488066	295.455447097175
4350	295.455411928248	295.455364578294
4355	295.455329439697	295.455282130602
4360	295.455247022283	295.455199753978
4365	295.455164675879	295.455117448286
4370	295.455082400353	295.455035213399
4375	295.455000195577	295.454953049188
4380	295.454918061422	295.454870955521
4385	295.454835997759	295.454788932275
4390	295.454754004461	295.454706979322
4395	295.454672081401	295.454625096533
4400	295.454590228451	295.454543283782
4405	295.454508445486	295.454461540942
4410	295.454426732377	295.454379867886
4415	295.454345088999	295.454298264489
4420	295.454263515227	295.454216730626
4425	295.454182010935	295.454135266171
4430	295.454100575998	295.454053871
4435	295.454019210292	295.453972544988
4440	295.453937913693	295.453891288013
4445	295.453856686076	295.453810099946
4450	295.453775527317	295.453728980669
4455	295.453694437294	295.453647930055
4460	295.453613415884	295.453566947983
4465	295.453532462963	295.453486034334
4470	295.453451578411	295.453405188982
4475	295.453370762106	295.453324411806
4480	295.453290013925	295.453243702684
4485	295.453209333747	295.453163061496
4490	295.453128721452	295.453082488126
4495	295.45304817692	295.453001982445
4500	295.45296770003	295.452921544337
4505	295.452887290662	295.452841173684
4510	295.452806948697	295.452760870367
4515	295.452726674016	295.452680634261
4520	295.4526464665	295.452600465256
4525	295.45256632603	295.452520363228
4530	295.452486252489	295.452440328059
4535	295.452406245758	295.452360359637
4540	295.452326305721	295.452280457842
4545	295.452246432261	295.452200622555
4550	295.45216662526	295.452120853658
4555	295.452086884601	295.452041151038
4560	295.45200721017	295.451961514577
4565	295.451927601848	295.451881944161
4570	295.451848059522	295.451802439675
4575	295.451768583075	295.451723001001
4580	295.451689172394	295.451643628029
4585	295.451609827364	295.451564320641
4590	295.451530547871	295.451485078722
4595	295.451451333799	295.451405902164
4600	295.451372185037	295.451326790847
4605	295.45129310147	295.451247744662
4610	295.451214082985	295.451168763491
4615	295.451135129471	295.45108984723
4620	295.451056240814	295.451010995762
4625	295.450977416903	295.450932208972
4630	295.450898657625	295.450853486752
4635	295.450819962868	295.450774828993
4640	295.450741332525	295.450696235579
4645	295.450662766478	295.450617706401
4650	295.450584264623	295.450539241351
4655	295.450505826847	295.450460840317
4660	295.450427453041	295.450382503188
4665	295.450349143094	295.450304229856
4670	295.450270896897	295.450226020212
4675	295.450192714343	295.450147874148
4680	295.450114595318	295.45006979155
4685	295.45003653972	295.449991772317
4690	295.449958547436	295.449913816338
4695	295.449880618361	295.449835923505
4700	295.449802752386	295.44975809371
4705	295.449724949404	295.449680326847
4710	295.449647209309	295.449602622808
4715	295.449569531991	295.449524981485
4720	295.449491917347	295.449447402779
4725	295.44941436527	295.449369886578
4730	295.449336875655	295.449292432772
4735	295.449259448393	295.449215041265
4740	295.449182083382	295.449137711948
4745	295.449104780516	295.449060444712
4750	295.449027539688	295.448983239456
4755	295.448950360797	295.448906096077
4760	295.448873243737	295.448829014471
4765	295.448796188405	295.448751994533
4770	295.448719194697	295.448675036158
4775	295.448642262509	295.448598139242
4780	295.448565391738	295.448521303687
4785	295.448488582281	295.448444529387
4790	295.448411834036	295.448367816241
4795	295.448335146901	295.448291164146
4800	295.448258520774	295.448214573
4805	295.448181955553	295.4481380427
4810	295.448105451136	295.448061573148
4815	295.448029007423	295.447985164239
4820	295.447952624311	295.447908815877
4825	295.447876301702	295.447832527955
4830	295.447800039493	295.44775630038
4835	295.447723837585	295.447680133051
4840	295.447647695879	295.447604025861
4845	295.447571614274	295.447527978716
4850	295.447495592671	295.447451991519
4855	295.447419630971	295.447376064164
4860	295.447343729075	295.447300196561
4865	295.447267886885	295.447224388605
4870	295.447192104302	295.4471486402
4875	295.447116381229	295.447072951248
4880	295.447040717567	295.446997321651
4885	295.446965113218	295.446921751313
4890	295.446889568086	295.446846240134
4895	295.446814082073	295.44677078802
4900	295.446738655083	295.446695394872
4905	295.446663287019	295.446620060594
4910	295.446587977784	295.44654478509
4915	295.446512727282	295.446469568268
4920	295.446437535419	295.446394410027
4925	295.446362402098	295.446319310272
4930	295.446287327224	295.446244268911
4935	295.446212310701	295.44616928585
4940	295.446137352437	295.446094360986
4945	295.446062452334	295.446019494231
4950	295.445987610298	295.445944685491
4955	295.445912826237	295.445869934674
4960	295.445838100056	295.445795241678
4965	295.445763431661	295.445720606419
4970	295.44568882096	295.445646028797
4975	295.445614267857	295.445571508722
4980	295.445539772262	295.445497046101
4985	295.445465334081	295.445422640841
4990	295.445390953223	295.445348292849
4995	295.445316629593	295.445274002033
5000	295.4452423631	295.445199768304
5005	295.445168153654	295.445125591569
5010	295.445094001163	295.445051471734
5015	295.445019905534	295.444977408712
5020	295.444945866678	295.444903402408
5025	295.444871884503	295.444829452732
5030	295.444797958919	295.444755559595
5035	295.444724089834	295.444681722909
5040	295.44465027716	295.444607942578
5045	295.444576520805	295.444534218516
5050	295.444502820681	295.444460550636
5055	295.444429176698	295.444386938845
5060	295.444355588768	295.444313383054
5065	295.4442820568	295.444239883176
5070	295.444208580706	295.444166439118
5075	295.444135160398	295.444093050796
5080	295.444061795786	295.444019718124
5085	295.443988486784	295.443946441005
5090	295.443915233303	295.44387321936
5095	295.443842035255	295.443800053097
5100	295.443768892553	295.443726942133
5105	295.44369580511	295.443653886375
5110	295.443622772839	295.443580885738
5115	295.443549795653	295.443507940136
5120	295.443476873464	295.443435049484
5125	295.443404006188	295.443362213693
5130	295.443331193737	295.44328943268
5135	295.443258436026	295.443216706357
5140	295.443185732969	295.443144034639
5145	295.443113084481	295.443071417441
5150	295.443040490476	295.442998854673
5155	295.442967950868	295.442926346259
5160	295.442895465574	295.442853892106
5165	295.442823034508	295.442781492138
5170	295.442750657586	295.442709146261
5175	295.442678334724	295.442636854397
5180	295.442606065838	295.44256461646
5185	295.442533850843	295.442492432364
5190	295.442461689655	295.442420302033
5195	295.442389582194	295.442348225377
5200	295.442317528373	295.442276202314
5205	295.44224552811	295.44220423276
5210	295.442173581323	295.442132316636
5215	295.442101687928	295.442060453857
5220	295.442029847844	295.44198864434
5225	295.441958060988	295.441916888009
5230	295.441886327279	295.441845184772
5235	295.441814646633	295.441773534554
5240	295.44174301897	295.441701937269
5245	295.441671444208	295.441630392842
5250	295.441599922266	295.441558901188
5255	295.441528453063	295.441487462226
5260	295.441457036518	295.441416075873
5265	295.44138567255	295.441344742054
5270	295.441314361079	295.441273460687
5275	295.441243102025	295.441202231688
5280	295.441171895307	295.441131054979
5285	295.441100740846	295.441059930481
5290	295.441029638561	295.440988858113
5295	295.440958588373	295.4409178378
5300	295.440887590204	295.440846869457
5305	295.440816643973	295.440775953009
5310	295.440745749603	295.440705088376
5315	295.440674907013	295.440634275478
5320	295.440604116127	295.440563514239
5325	295.440533376865	295.440492804577
5330	295.440462689149	295.44042214642
5335	295.440392052901	295.440351539681
5340	295.440321468043	295.440280984294
5345	295.440250934498	295.440210480171
5350	295.440180452189	295.440140027241
5355	295.440110021037	295.440069625421
5360	295.440039640965	295.43999927464
5365	295.439969311899	295.439928974819
5370	295.439899033759	295.439858725883
5375	295.43982880647	295.439788527754
5380	295.439758629956	295.439718380353
5385	295.43968850414	295.439648283608
5390	295.439618428946	295.439578237441
5395	295.439548404298	295.439508241779
5400	295.439478430123	295.439438296541
5405	295.439408506341	295.439368401658
5410	295.43933863288	295.439298557049
5415	295.439268809664	295.439228762643
5420	295.439199036617	295.439159018366
5425	295.439129313666	295.439089324141
5430	295.439059640736	295.439019679893
5435	295.438990017753	295.438950085551
5440	295.438920444642	295.438880541035
5445	295.438850921328	295.438811046277
5450	295.438781447739	295.438741601199
5455	295.4387120238	295.438672205733
5460	295.438642649439	295.4386028598
5465	295.438573324581	295.438533563326
5470	295.438504049153	295.438464316243
5475	295.438434823083	295.438395118477
5480	295.438365646298	295.438325969951
5485	295.438296518724	295.438256870596
5490	295.43822744029	295.43818782034
5495	295.438158410923	295.438118819107
5500	295.438089430551	295.438049866828
5505	295.438020499101	295.437980963432
5510	295.437951616502	295.437912108847
5515	295.437882782683	295.437843302998
5520	295.437813997572	295.437774545817
5525	295.437745261097	295.43770583723
5530	295.437676573188	295.437637177168
5535	295.437607933772	295.437568565561
5540	295.437539342781	295.437500002337
5545	295.437470800142	295.437431487425
5550	295.437402305785	295.437363020751
5555	295.43733385964	295.437294602251
5560	295.437265461636	295.437226231853
5565	295.437197111703	295.437157909488
5570	295.437128809773	295.43708963508
5575	295.437060555775	295.437021408565
5580	295.436992349638	295.436953229875
5585	295.436924191294	295.436885098938
5590	295.436856080675	295.436817015683
5595	295.43678801771	295.436748980045
5600	295.436720002331	295.436680991953
5605	295.436652034469	295.436613051338
5610	295.436584114056	295.436545158132
5615	295.436516241022	295.436477312268
5620	295.4364484153	295.436409513674
5625	295.436380636821	295.436341762287
5630	295.436312905517	295.436274058032
5635	295.436245221321	295.436206400848
5640	295.436177584164	295.436138790665
5645	295.43610999398	295.436071227417
5650	295.436042450701	295.436003711033
5655	295.435974954258	295.43593624145
5660	295.435907504587	295.435868818599
5665	295.43584010162	295.43580144241
5670	295.435772745289	295.435734112821
5675	295.435705435529	295.435666829766
5680	295.435638172271	295.435599593173
5685	295.435570955451	295.435532402981
5690	295.435503785002	295.435465259122
5695	295.435436660858	295.435398161532
5700	295.435369582953	295.435331110142
5705	295.435302551223	295.435264104887
5710	295.4352355656	295.435197145703
5715	295.435168626019	295.435130232526
5720	295.435101732415	295.435063365287
5725	295.435034884724	295.434996543922
5730	295.434968082879	295.434929768368
5735	295.434901326817	295.434863038557
5740	295.434834616472	295.434796354426
5745	295.43476795178	295.434729715915
5750	295.434701332676	295.434663122951
5755	295.434634759096	295.434596575476
5760	295.434568230976	295.434530073423
5765	295.434501748252	295.434463616732
5770	295.43443531086	295.434397205333
5775	295.434368918736	295.434330839168
5780	295.434302571817	295.434264518169
5785	295.434236270039	295.434198242277
5790	295.434170013339	295.434132011427
5795	295.434103801653	295.434065825553
5800	295.43403763492	295.433999684598
5805	295.433971513075	295.433933588492
5810	295.433905436057	295.433867537178
5815	295.433839403802	295.43380153059
5820	295.433773416247	295.433735568668
5825	295.433707473331	295.433669651351
5830	295.433641574992	295.433603778571
5835	295.433575721166	295.433537950272
5840	295.433509911793	295.43347216639
5845	295.433444146812	295.433406426863
5850	295.433378426158	295.433340731629
5855	295.433312749772	295.433275080627
5860	295.433247117592	295.433209473797
5865	295.433181529557	295.433143911073
5870	295.433115985605	295.4330783924
5875	295.433050485676	295.433012917715
5880	295.432985029709	295.432947486958
5885	295.432919617643	295.432882100066
5890	295.432854249417	295.43281675698
5895	295.432788924971	295.432751457639
5900	295.432723644245	295.432686201982
5905	295.432658407178	295.43262098995
5910	295.43259321371	295.432555821485
5915	295.432528063783	295.432490696523
5920	295.432462957334	295.432425615007
5925	295.432397894305	295.432360576877
5930	295.432332874636	295.43229558207
5935	295.432267898268	295.432230630535
5940	295.432202965142	295.432165722205
5945	295.432138075199	295.432100857023
5950	295.432073228379	295.432036034932
5955	295.432008424623	295.431971255871
5960	295.431943663873	295.431906519782
5965	295.43187894607	295.431841826607
5970	295.431814271156	295.431777176282
5975	295.43174963907	295.431712568759
5980	295.431685049757	295.431648003973
5985	295.431620503158	295.431583481867
5990	295.431555999214	295.431519002382
5995	295.431491537867	295.431454565464
6000	295.43142711906	295.431390171053
