t_d_model_ps	DeltaT_lattice_K	DeltaT_electron_K
-5	295	295
-4.99533022014676	295	295
-4.99066044029353	295	295
-4.98599066044029	295	295
-4.98132088058706	295	295
-4.97665110073382	295	295
-4.97198132088059	295	295
-4.96731154102735	295	295
-4.96264176117412	295	295
-4.95797198132088	295	295
-4.95330220146765	295	295
-4.94863242161441	295	295
-4.94396264176117	295	295
-4.93929286190794	295	295
-4.9346230820547	295	295
-4.92995330220147	295	295
-4.92528352234823	295	295
-4.920613742495	295	295
-4.91594396264176	295	295
-4.91127418278853	295	295
-4.90660440293529	295	295
-4.90193462308205	295	295
-4.89726484322882	295	295
-4.89259506337558	295	295
-4.88792528352235	295	295
-4.88325550366911	295	295
-4.87858572381588	295	295
-4.87391594396264	295	295
-4.86924616410941	295	295
-4.86457638425617	295	295
-4.85990660440293	295	295
-4.8552368245497	295	295
-4.85056704469646	295	295
-4.84589726484323	295	295
-4.84122748498999	295	295
-4.83655770513676	295	295
-4.83188792528352	295	295
-4.82721814543029	295	295
-4.82254836557705	295	295
-4.81787858572382	295	295
-4.81320880587058	295	295
-4.80853902601734	295	295
-4.80386924616411	295	295
-4.79919946631087	295	295
-4.79452968645764	295	295
-4.7898599066044	295	295
-4.78519012675117	295	295
-4.78052034689793	295	295
-4.7758505670447	295	295
-4.77118078719146	295	295
-4.76651100733823	295	295
-4.76184122748499	295	295
-4.75717144763175	295	295
-4.75250166777852	295	295
-4.74783188792528	295	295
-4.74316210807205	295	295
-4.73849232821881	295	295
-4.73382254836558	295	295
-4.72915276851234	295	295
-4.72448298865911	295	295
-4.71981320880587	295	295
-4.71514342895263	295	295
-4.7104736490994	295	295
-4.70580386924616	295	295
-4.70113408939293	295	295
-4.69646430953969	295	295
-4.69179452968646	295	295
-4.68712474983322	295	295
-4.68245496997999	295	295
-4.67778519012675	295	295
-4.67311541027352	295	295
-4.66844563042028	295	295
-4.66377585056704	295	295
-4.65910607071381	295	295
-4.65443629086057	295	295
-4.64976651100734	295	295
-4.6450967311541	295	295
-4.64042695130087	295	295
-4.63575717144763	295	295
-4.6310873915944	295	295
-4.62641761174116	295	295
-4.62174783188792	295	295
-4.61707805203469	295	295
-4.61240827218145	295	295
-4.60773849232822	295	295
-4.60306871247498	295	295
-4.59839893262175	295	295
-4.59372915276851	295	295
-4.58905937291528	295	295
-4.58438959306204	295	295
-4.57971981320881	295	295
-4.57505003335557	295	295
-4.57038025350233	295	295
-4.5657104736491	295	295
-4.56104069379586	295	295
-4.55637091394263	295	295
-4.55170113408939	295	295
-4.54703135423616	295	295
-4.54236157438292	295	295
-4.53769179452969	295	295
-4.53302201467645	295	295
-4.52835223482322	295	295
-4.52368245496998	295	295
-4.51901267511674	295	295
-4.51434289526351	295	295
-4.50967311541027	295	295
-4.50500333555704	295	295
-4.5003335557038	295	295
-4.49566377585057	295	295
-4.49099399599733	295	295
-4.4863242161441	295	295
-4.48165443629086	295	295
-4.47698465643762	295	295
-4.47231487658439	295	295
-4.46764509673115	295	295
-4.46297531687792	295	295
-4.45830553702468	295	295
-4.45363575717145	295	295
-4.44896597731821	295	295
-4.44429619746498	295	295
-4.43962641761174	295	295
-4.43495663775851	295	295
-4.43028685790527	295	295
-4.42561707805203	295	295
-4.4209472981988	295	295
-4.41627751834556	295	295
-4.41160773849233	295	295
-4.40693795863909	295	295
-4.40226817878586	295	295
-4.39759839893262	295	295
-4.39292861907939	295	295
-4.38825883922615	295	295
-4.38358905937292	295	295
-4.37891927951968	295	295
-4.37424949966644	295	295
-4.36957971981321	295	295
-4.36490993995997	295	295
-4.36024016010674	295	295
-4.3555703802535	295	295
-4.35090060040027	295	295
-4.34623082054703	295	295
-4.3415610406938	295	295
-4.33689126084056	295	295
-4.33222148098732	295	295
-4.32755170113409	295	295
-4.32288192128085	295	295
-4.31821214142762	295	295
-4.31354236157438	295	295
-4.30887258172115	295	295
-4.30420280186791	295	295
-4.29953302201468	295	295
-4.29486324216144	295	295
-4.29019346230821	295	295
-4.28552368245497	295	295
-4.28085390260173	295	295
-4.2761841227485	295	295
-4.27151434289526	295	295
-4.26684456304203	295	295
-4.26217478318879	295	295
-4.25750500333556	295	295
-4.25283522348232	295	295
-4.24816544362909	295	295
-4.24349566377585	295	295
-4.23882588392261	295	295
-4.23415610406938	295	295
-4.22948632421614	295	295
-4.22481654436291	295	295
-4.22014676450967	295	295
-4.21547698465644	295	295
-4.2108072048032	295	295
-4.20613742494997	295	295
-4.20146764509673	295	295
-4.1967978652435	295	295
-4.19212808539026	295	295
-4.18745830553702	295	295
-4.18278852568379	295	295
-4.17811874583055	295	295
-4.17344896597732	295	295
-4.16877918612408	295	295
-4.16410940627085	295	295
-4.15943962641761	295	295
-4.15476984656438	295	295
-4.15010006671114	295	295
-4.1454302868579	295	295
-4.14076050700467	295	295
-4.13609072715143	295	295
-4.1314209472982	295	295
-4.12675116744496	295	295
-4.12208138759173	295	295
-4.11741160773849	295	295
-4.11274182788526	295	295
-4.10807204803202	295	295
-4.10340226817878	295	295
-4.09873248832555	295	295
-4.09406270847231	295	295
-4.08939292861908	295	295
-4.08472314876584	295	295
-4.08005336891261	295	295
-4.07538358905937	295	295
-4.07071380920614	295	295
-4.0660440293529	295	295
-4.06137424949967	295	295
-4.05670446964643	295	295
-4.0520346897932	295	295
-4.04736490993996	295	295
-4.04269513008672	295	295
-4.03802535023349	295	295
-4.03335557038025	295	295
-4.02868579052702	295	295
-4.02401601067378	295	295
-4.01934623082055	295	295
-4.01467645096731	295	295
-4.01000667111408	295	295
-4.00533689126084	295	295
-4.0006671114076	295	295
-3.99599733155437	295	295
-3.99132755170113	295	295
-3.9866577718479	295	295
-3.98198799199466	295	295
-3.97731821214143	295	295
-3.97264843228819	295	295
-3.96797865243496	295	295
-3.96330887258172	295	295
-3.95863909272849	295	295
-3.95396931287525	295	295
-3.94929953302201	295	295
-3.94462975316878	295	295
-3.93995997331554	295	295
-3.93529019346231	295	295
-3.93062041360907	295	295
-3.92595063375584	295	295
-3.9212808539026	295	295
-3.91661107404937	295	295
-3.91194129419613	295	295
-3.9072715143429	295	295
-3.90260173448966	295	295
-3.89793195463642	295	295
-3.89326217478319	295	295
-3.88859239492995	295	295
-3.88392261507672	295	295
-3.87925283522348	295	295
-3.87458305537025	295	295
-3.86991327551701	295	295
-3.86524349566378	295	295
-3.86057371581054	295	295
-3.8559039359573	295	295
-3.85123415610407	295	295
-3.84656437625083	295	295
-3.8418945963976	295	295
-3.83722481654436	295	295
-3.83255503669113	295	295
-3.82788525683789	295	295
-3.82321547698466	295	295
-3.81854569713142	295	295
-3.81387591727818	295	295
-3.80920613742495	295	295
-3.80453635757171	295	295
-3.79986657771848	295	295
-3.79519679786524	295	295
-3.79052701801201	295	295
-3.78585723815877	295	295
-3.78118745830554	295	295
-3.7765176784523	295	295
-3.77184789859907	295	295
-3.76717811874583	295	295
-3.76250833889259	295	295
-3.75783855903936	295	295
-3.75316877918612	295	295
-3.74849899933289	295	295
-3.74382921947965	295	295
-3.73915943962642	295	295
-3.73448965977318	295	295
-3.72981987991995	295	295
-3.72515010006671	295	295
-3.72048032021348	295	295
-3.71581054036024	295	295
-3.711140760507	295	295
-3.70647098065377	295	295
-3.70180120080053	295	295
-3.6971314209473	295	295
-3.69246164109406	295	295
-3.68779186124083	295	295
-3.68312208138759	295	295
-3.67845230153436	295	295
-3.67378252168112	295	295
-3.66911274182788	295	295
-3.66444296197465	295	295
-3.65977318212141	295	295
-3.65510340226818	295	295
-3.65043362241494	295	295
-3.64576384256171	295	295
-3.64109406270847	295	295
-3.63642428285524	295	295
-3.631754503002	295	295
-3.62708472314877	295	295
-3.62241494329553	295	295
-3.6177451634423	295	295
-3.61307538358906	295	295
-3.60840560373582	295	295
-3.60373582388259	295	295
-3.59906604402935	295	295
-3.59439626417612	295	295
-3.58972648432288	295	295
-3.58505670446965	295	295
-3.58038692461641	295	295
-3.57571714476318	295	295
-3.57104736490994	295	295
-3.5663775850567	295	295.000000000001
-3.56170780520347	295	295.000000000001
-3.55703802535023	295	295.000000000001
-3.552368245497	295	295.000000000001
-3.54769846564376	295	295.000000000001
-3.54302868579053	295	295
-3.53835890593729	295	295.000000000001
-3.53368912608406	295	295
-3.52901934623082	295	295.000000000001
-3.52434956637758	295	295
-3.51967978652435	295	295
-3.51501000667111	295	295
-3.51034022681788	295	295
-3.50567044696464	295	295
-3.50100066711141	295	295
-3.49633088725817	295	295
-3.49166110740494	295	295
-3.4869913275517	295	295
-3.48232154769847	295	295
-3.47765176784523	295	295
-3.47298198799199	295	295
-3.46831220813876	295	295
-3.46364242828552	295	295
-3.45897264843229	295	295
-3.45430286857905	295	295
-3.44963308872582	295	295
-3.44496330887258	295	295.000000000001
-3.44029352901935	295	295.000000000001
-3.43562374916611	295	295
-3.43095396931287	295	295
-3.42628418945964	295	295
-3.4216144096064	295	295.000000000001
-3.41694462975317	295	295
-3.41227484989993	295	295.000000000001
-3.4076050700467	295	295
-3.40293529019346	295	295.000000000001
-3.39826551034023	295	295.000000000001
-3.39359573048699	295	295.000000000001
-3.38892595063376	295	295.000000000001
-3.38425617078052	295	295.000000000001
-3.37958639092728	295	295
-3.37491661107405	295	295
-3.37024683122081	295	295
-3.36557705136758	295	295.000000000001
-3.36090727151434	295	295.000000000001
-3.35623749166111	295	295.000000000001
-3.35156771180787	295	295
-3.34689793195464	295	295
-3.3422281521014	295	295
-3.33755837224816	295	295
-3.33288859239493	295	295
-3.32821881254169	295	295
-3.32354903268846	295	295
-3.31887925283522	295	295
-3.31420947298199	295	295
-3.30953969312875	295	295
-3.30486991327552	295	295
-3.30020013342228	295	295
-3.29553035356905	295	295
-3.29086057371581	295	295
-3.28619079386257	295	295
-3.28152101400934	295	295
-3.2768512341561	295	295
-3.27218145430287	295	295
-3.26751167444963	295	295
-3.2628418945964	295	295
-3.25817211474316	295	295
-3.25350233488993	295	295
-3.24883255503669	295	295
-3.24416277518346	295	295
-3.23949299533022	295	295
-3.23482321547698	295	295.000000000001
-3.23015343562375	295	295.000000000001
-3.22548365577051	295	295
-3.22081387591728	295	295.000000000001
-3.21614409606404	295	295
-3.21147431621081	295	295.000000000001
-3.20680453635757	295	295
-3.20213475650434	295	295
-3.1974649766511	295	295
-3.19279519679786	295	295
-3.18812541694463	295	295
-3.18345563709139	295	295
-3.17878585723816	295	295
-3.17411607738492	295	295
-3.16944629753169	295	295
-3.16477651767845	295	295
-3.16010673782522	295	295
-3.15543695797198	295	295
-3.15076717811875	295	295
-3.14609739826551	295	295.000000000001
-3.14142761841227	295	295.000000000001
-3.13675783855904	295	295.000000000001
-3.1320880587058	295	295.000000000001
-3.12741827885257	295	295.000000000001
-3.12274849899933	295	295.000000000001
-3.1180787191461	295	295.000000000001
-3.11340893929286	295	295.000000000001
-3.10873915943963	295	295.000000000001
-3.10406937958639	295	295.000000000001
-3.09939959973316	295	295.000000000001
-3.09472981987992	295	295.000000000001
-3.09006004002668	295	295.000000000001
-3.08539026017345	295	295.000000000001
-3.08072048032021	295	295.000000000001
-3.07605070046698	295	295.000000000001
-3.07138092061374	295	295.000000000001
-3.06671114076051	295	295.000000000001
-3.06204136090727	295	295.000000000001
-3.05737158105404	295	295.000000000001
-3.0527018012008	295	295.000000000001
-3.04803202134756	295	295.000000000001
-3.04336224149433	295	295.000000000001
-3.03869246164109	295	295.000000000001
-3.03402268178786	295	295.000000000001
-3.02935290193462	295	295.000000000001
-3.02468312208139	295	295.000000000001
-3.02001334222815	295	295.000000000001
-3.01534356237492	295	295.000000000001
-3.01067378252168	295	295.002829599483
-3.00600400266845	295.000001304268	295.005478054057
-3.00133422281521	295.000003828593	295.007985756842
-2.99666444296197	295.000007507455	295.010375081014
-2.99199466310874	295.000012285693	295.012660852547
-2.9873248832555	295.000018115017	295.014918953723
-2.98265510340227	295.000024982142	295.017200537505
-2.97798532354903	295.000032897372	295.019505618644
-2.9733155436958	295.000041871012	295.021834331416
-2.96864576384256	295.000051913425	295.024186735749
-2.96397598398933	295.000063035	295.026169878637
-2.95930620413609	295.000075064991	295.027792123875
-2.95463642428285	295.000087836605	295.029076344602
-2.94996664442962	295.00010119368	295.030041830006
-2.94529686457638	295.000114989026	295.030905027285
-2.94062708472315	295.0001291753	295.032117749805
-2.93595730486991	295.000143913433	295.0336511463
-2.93128752501668	295.000159350968	295.03548350751
-2.92661774516344	295.000175625361	295.037596992402
-2.92194796531021	295.000192865771	295.039936070985
-2.91727818545697	295.000211175696	295.042469287828
-2.91260840560374	295.000230644081	295.045188100782
-2.9079386257505	295.000251355891	295.048084411552
-2.90326884589726	295.000273392316	295.051145195006
-2.89859906604403	295.0002968285	295.053954979244
-2.89392928619079	295.000321548048	295.056536018621
-2.88925950633756	295.000347444886	295.058904907421
-2.88458972648432	295.00037442065	295.061075197676
-2.87991994663109	295.000402383275	295.063031754173
-2.87525016677785	295.000431233767	295.064744418917
-2.87058038692462	295.000460859284	295.0662267722
-2.86591060707138	295.0004911533	295.067490707537
-2.86124082721815	295.000522014829	295.068546927021
-2.85657104736491	295.000553347865	295.069442200243
-2.85190126751167	295.000585078011	295.070195895274
-2.84723148765844	295.000617139833	295.070813418654
-2.8425617078052	295.00064947042	295.071300111792
-2.83789192795197	295.000682009355	295.071684762391
-2.83322214809873	295.000714709519	295.072198904113
-2.8285523682455	295.000747630538	295.072829955585
-2.82388258839226	295.000780826202	295.073568665791
-2.81921280853903	295.000814346008	295.074407585041
-2.81454302868579	295.000848235992	295.075332840946
-2.80987324883255	295.000882535769	295.07633088881
-2.80520346897932	295.000917278693	295.077397902789
-2.80053368912608	295.000952496335	295.078530358444
-2.79586390927285	295.000988218627	295.079725017926
-2.79119412941961	295.001024473993	295.080743635066
-2.78652434956638	295.001061181026	295.081548790684
-2.78185456971314	295.001098241117	295.082154533876
-2.77718478985991	295.001135562184	295.082572397199
-2.77251501000667	295.001173057513	295.082781280543
-2.76784523015344	295.001210630704	295.082645279861
-2.7631754503002	295.001248122767	295.082184425458
-2.75850567044696	295.001285384027	295.081415655728
-2.75383589059373	295.001322272692	295.080353965781
-2.74916611074049	295.001358653954	295.079262346834
-2.74449633088726	295.001394514296	295.078340649619
-2.73982655103402	295.001429932319	295.077572258538
-2.73515677118079	295.00146497892	295.076944838953
-2.73048699132755	295.001499719267	295.076448439233
-2.72581721147432	295.00153421391	295.076120419667
-2.72114743162108	295.001568540583	295.075955240066
-2.71647765176784	295.001602774427	295.075943555948
-2.71180787191461	295.001636986236	295.076077131823
-2.70713809206137	295.001671242972	295.07630573605
-2.70246831220814	295.001705588409	295.076500663319
-2.6977985323549	295.001740006974	295.076666845549
-2.69312875250167	295.001774485378	295.076807490975
-2.68845897264843	295.001809011821	295.07692494438
-2.6837891927952	295.001843575589	295.076946106367
-2.67911941294196	295.00187813228	295.076829480606
-2.67444963308873	295.00191261839	295.076583856371
-2.66977985323549	295.001946974499	295.076216522468
-2.66511007338225	295.001981144578	295.075733823241
-2.66044029352902	295.002015075552	295.07560765271
-2.65577051367578	295.002048931886	295.075818622236
-2.65110073382255	295.002082869014	295.076345065481
-2.64643095396931	295.002117032303	295.077168921969
-2.64176117411608	295.002151558717	295.07815250923
-2.63709139426284	295.002186521687	295.079049273924
-2.63242161440961	295.002221880964	295.079870135927
-2.62775183455637	295.002257601358	295.080622523045
-2.62308205470314	295.002293651126	295.081312084076
-2.6184122748499	295.002330001143	295.081861983469
-2.61374249499666	295.002366586888	295.082248595645
-2.60907271514343	295.002403332981	295.082482074701
-2.60440293529019	295.002440168766	295.082571019477
-2.59973315543696	295.002477027586	295.08253797511
-2.59506337558372	295.002513853209	295.082609384855
-2.59039359573049	295.002550693809	295.082775142642
-2.58572381587725	295.002587592871	295.083028009239
-2.58105403602402	295.002624590522	295.083362224415
-2.57638425617078	295.002661724207	295.083702708612
-2.57171447631754	295.002698996751	295.083951842867
-2.56704469646431	295.002736365976	295.08411666529
-2.56237491661107	295.002773792976	295.084202556589
-2.55770513675784	295.002811241343	295.084213995453
-2.5530353569046	295.002848676756	295.084077352354
-2.54836557705137	295.00288603097	295.083778345612
-2.54369579719813	295.002923229193	295.083326042291
-2.5390260173449	295.002960200853	295.082728269493
-2.53435623749166	295.002996879021	295.082060933236
-2.52968645763843	295.003033231788	295.081734294616
-2.52501667778519	295.003069416368	295.081721757387
-2.52034689793195	295.003105577624	295.082002875693
-2.51567711807872	295.003141850917	295.082560588786
-2.51100733822548	295.003178363675	295.083336196478
-2.50633755837225	295.003215216201	295.084275224681
-2.50166777851901	295.003252483641	295.085371234023
-2.49699799866578	295.003290238135	295.086617783188
-2.49232821881254	295.003328548819	295.088008666329
-2.48765843895931	295.003367481932	295.089054726598
-2.48298865910607	295.003406878215	295.089699261659
-2.47831887925284	295.003446552359	295.089969667211
-2.4736490993996	295.003486331786	295.089888382244
-2.46897931954636	295.00352605435	295.089545686628
-2.46430953969313	295.003565599605	295.089198129486
-2.45963975983989	295.003604965415	295.088840092186
-2.45496997998666	295.003644147053	295.088468783977
-2.45030020013342	295.003683138504	295.088082704088
-2.44563042028019	295.003721933061	295.087624281907
-2.44096064042695	295.003760497485	295.087055671799
-2.43629086057372	295.003798781107	295.086382783066
-2.43162108072048	295.003836736009	295.085610618613
-2.42695130086724	295.003874316605	295.084743640786
-2.42228152101401	295.003911479385	295.083765725713
-2.41761174116077	295.00394817343	295.08268106286
-2.41294196130754	295.00398434978	295.081494371865
-2.4082721814543	295.00401996167	295.080209977577
-2.40360240160107	295.004054964356	295.078923748954
-2.39893262174783	295.004089357303	295.077841615284
-2.3942628418946	295.004123234894	295.076947415843
-2.38959306204136	295.004156684012	295.076228614625
-2.38492328218813	295.004189785713	295.075674724109
-2.38025350233489	295.004222616176	295.07534419776
-2.37558372248165	295.004255278485	295.075259178858
-2.37091394262842	295.004287885876	295.075406136117
-2.36624416277518	295.004320545288	295.075773241952
-2.36157438292195	295.004353358157	295.076351771866
-2.35690460306871	295.004386421843	295.077187376
-2.35223482321548	295.004419854702	295.078267095195
-2.34756504336224	295.004453769053	295.079579438418
-2.34289526350901	295.004488271866	295.081113933694
-2.33822548365577	295.004523465227	295.082763502812
-2.33355570380253	295.004559401818	295.084371302567
-2.3288859239493	295.004596062001	295.085945133868
-2.32421614409606	295.004633429748	295.087490227328
-2.31954636424283	295.004671491456	295.089010452667
-2.31487658438959	295.004710235312	295.090469572253
-2.31020680453636	295.00474963281	295.091858957177
-2.30553702468312	295.004789651481	295.093183782705
-2.30086724482989	295.004830261259	295.094448382866
-2.29619746497665	295.004871434095	295.095633114121
-2.29152768512342	295.004913132897	295.096561133661
-2.28685790527018	295.004955239082	295.097249461264
-2.28218812541694	295.004997641974	295.097711971951
-2.27751834556371	295.005040237351	295.097960678721
-2.27284856571047	295.005082926583	295.09808867958
-2.26817878585724	295.005125654001	295.098193898215
-2.263509006004	295.005168409101	295.098274108003
-2.25883922615077	295.005211180351	295.09832847314
-2.25416944629753	295.005253955842	295.098356814095
-2.2494996664443	295.005296723586	295.098397712473
-2.24482988659106	295.005339489381	295.098457279308
-2.24016010673782	295.005382261841	295.0985333096
-2.23549032688459	295.005425048556	295.098624115172
-2.23082054703135	295.005467856334	295.098743293027
-2.22615076717812	295.005510698245	295.098959999201
-2.22148098732488	295.005553619231	295.099267444847
-2.21681120747165	295.005596661077	295.099660143485
-2.21214142761841	295.005639863019	295.100133382816
-2.20747164776518	295.005683262101	295.100477958662
-2.20280186791194	295.005726798916	295.100535259667
-2.19813208805871	295.005770340984	295.100325058671
-2.19346230820547	295.005813765007	295.0998632242
-2.18879252835223	295.00585695507	295.099163329076
-2.184122748499	295.005899801573	295.098409623003
-2.17945296864576	295.005942279898	295.097619795659
-2.17478318879253	295.005984373592	295.096792870659
-2.17011340893929	295.006026065756	295.095928800142
-2.16544362908606	295.006067339477	295.095021918495
-2.16077384923282	295.006108175236	295.094055472025
-2.15610406937959	295.006148545802	295.093031842292
-2.15143428952635	295.006188425056	295.09195317767
-2.14676450967311	295.00622778788	295.090821488239
-2.14209472981988	295.006266610095	295.089819504235
-2.13742494996664	295.006304951761	295.089043228564
-2.13275517011341	295.006342917156	295.08847690235
-2.12808539026017	295.006380603235	295.088107752375
-2.12341561040694	295.006418101016	295.087924814906
-2.1187458305537	295.006455496415	295.088034834854
-2.11407605070047	295.006492924506	295.088423088672
-2.10940627084723	295.006530513509	295.089075002446
-2.104736490994	295.006568384857	295.089977626818
-2.10006671114076	295.006606653955	295.090937791588
-2.09539693128752	295.006645347108	295.091596905605
-2.09072715143429	295.006684325328	295.091980271929
-2.08605737158105	295.006723461366	295.092107079334
-2.08138759172782	295.00676263689	295.091993136567
-2.07671781187458	295.006801740917	295.091930146603
-2.07204803202135	295.006840796978	295.092024622748
-2.06737825216811	295.006879877683	295.092263971329
-2.06270847231488	295.006919049797	295.092638589647
-2.05803869246164	295.006958375623	295.093138403107
-2.05336891260841	295.006997912787	295.093724522472
-2.04869913275517	295.007037700959	295.094393256024
-2.04402935290193	295.00707777809	295.095141015359
-2.0393595730487	295.007118180455	295.095964408932
-2.03468979319546	295.007158942751	295.096851022575
-2.03002001334223	295.007200093934	295.097785526761
-2.02535023348899	295.00724165588	295.098766522666
-2.02068045363576	295.00728364981	295.099792504761
-2.01601067378252	295.007326096243	295.100861955473
-2.01134089392929	295.007369014986	295.101867013424
-2.00667111407605	295.00741237612	295.102785402075
-2.00200133422281	295.007456139477	295.103623585096
-1.99733155436958	295.007500267888	295.104386783471
-1.99266177451634	295.007544726614	295.105088492437
-1.98799199466311	295.007589487152	295.105786149501
-1.98332221480987	295.00763454749	295.106478956197
-1.97865243495664	295.007679905247	295.107166657806
-1.9739826551034	295.007725557926	295.107849227199
-1.96931287525017	295.007771503019	295.10846299889
-1.96464309539693	295.007817708672	295.108947852924
-1.9599733155437	295.007864115339	295.109312022087
-1.95530353569046	295.007910667298	295.109562276851
-1.95063375583722	295.007957311978	295.10970450769
-1.94596397598399	295.008003999551	295.10969006549
-1.94129419613075	295.008050657787	295.10951951965
-1.93662441627752	295.00809721476	295.109200831743
-1.93195463642428	295.008143602247	295.108741080494
-1.92728485657105	295.008189755323	295.10814932485
-1.92261507671781	295.008235613272	295.107440399579
-1.91794529686458	295.008281122245	295.10661903507
-1.91327551701134	295.008326230601	295.105689755568
-1.9086057371581	295.008370888809	295.104656858161
-1.90393595730487	295.008415049341	295.103777268591
-1.89926617745163	295.008458783122	295.103222576454
-1.8945963975984	295.008502240125	295.102969468688
-1.88992661774516	295.008545559496	295.102999258595
-1.88525683789193	295.008588871693	295.103296014631
-1.88058705803869	295.008632299763	295.103802903116
-1.87591727818546	295.008675940492	295.104508136134
-1.87124749833222	295.008719885187	295.105402767179
-1.86657771847899	295.008764220982	295.106478395395
-1.86190793862575	295.008809031098	295.107662752653
-1.85723815877251	295.008854365403	295.10880589787
-1.85256837891928	295.008900204628	295.109914767213
-1.84789859906604	295.008946532717	295.110994009141
-1.84322881921281	295.008993335766	295.112047072523
-1.83855903935957	295.009040601468	295.112987034289
-1.83388925950634	295.009088277462	295.113775717572
-1.8292194796531	295.009136293814	295.114423200835
-1.82454969979987	295.009184585277	295.114937865995
-1.81987991994663	295.009233090499	295.115330681993
-1.81521014009339	295.009281753219	295.115718657089
-1.81054036024016	295.009330571135	295.116099707074
-1.80587058038692	295.009379540986	295.116472903955
-1.80120080053369	295.009428659081	295.116837832686
-1.79653102068045	295.00947792154	295.117177812352
-1.79186124082722	295.009527316798	295.117467622739
-1.78719146097398	295.009576821667	295.117710124926
-1.78252168112075	295.009626414293	295.117907712785
-1.77785190126751	295.009676073934	295.118062506636
-1.77318212141428	295.009725780837	295.118324466451
-1.76851234156104	295.009775584382	295.118737461607
-1.76384256170781	295.00982555414	295.119291276898
-1.75917278185457	295.009875754937	295.119977582285
-1.75450300200133	295.009926247725	295.120742979066
-1.7498332221481	295.009977068811	295.121220959932
-1.74516344229486	295.010028085547	295.121433803623
-1.74049366244163	295.010079175629	295.121398562244
-1.73582388258839	295.010130224679	295.121129447519
-1.73115410273516	295.01018112493	295.120697359362
-1.72648432288192	295.010231801348	295.120176315314
-1.72181454302869	295.010282213056	295.119568369637
-1.71714476317545	295.010332320141	295.118876211813
-1.71247498332221	295.010382083951	295.118102713051
-1.70780520346898	295.010431467172	295.117638101615
-1.70313542361574	295.010480612381	295.117543652555
-1.69846564376251	295.010529690319	295.117794681416
-1.69379586390927	295.010578860256	295.118370854664
-1.68912608405604	295.010628272005	295.119234634548
-1.6844563042028	295.010678058	295.120288684398
-1.67978652434957	295.010728305742	295.121525795343
-1.67511674449633	295.010779099366	295.122938579955
-1.6704469646431	295.010830519561	295.124519859088
-1.66577718478986	295.010882643669	295.126256795351
-1.66110740493662	295.010935543074	295.128138325863
-1.65643762508339	295.010989284028	295.130158930308
-1.65176784523015	295.011043930205	295.132313282045
-1.64709806537692	295.011099542794	295.134596277735
-1.64242828552368	295.011156180601	295.136772672921
-1.63775850567045	295.011213793972	295.138828291646
-1.63308872581721	295.011272326748	295.140773244512
-1.62841894596398	295.011331727464	295.142615567554
-1.62374916611074	295.011391948385	295.144302536495
-1.6190793862575	295.011452917503	295.145686813972
-1.61440960640427	295.011514494931	295.146787875385
-1.60973982655103	295.011576549837	295.147621860221
-1.6050700466978	295.011638958896	295.148202849518
-1.60040026684456	295.011701605336	295.148900301285
-1.59573048699133	295.011764542741	295.149912623118
-1.59106070713809	295.011827916115	295.151215744435
-1.58639092728486	295.011891859286	295.152790866234
-1.58172114743162	295.011956497344	295.154622233452
-1.57705136757839	295.012021948052	295.156196546862
-1.57238158772515	295.012088092514	295.157526651594
-1.56771180787191	295.012154817823	295.158629857611
-1.56304202801868	295.012222019115	295.159520153548
-1.55837224816544	295.012289598027	295.160336063239
-1.55370246831221	295.012357520099	295.161309226576
-1.54903268845897	295.012425857658	295.162425944765
-1.54436290860574	295.012494676675	295.163676092711
-1.5396931287525	295.012564038417	295.165051444307
-1.53502334889927	295.012634000327	295.166531165616
-1.53035356904603	295.012704610217	295.1681043558
-1.52568378919279	295.012775910846	295.169766642854
-1.52101400933956	295.01284794294	295.171513962986
-1.51634422948632	295.01292074533	295.173346233246
-1.51167444963309	295.01299435679	295.175316289856
-1.50700466977985	295.013068840428	295.177416680108
-1.50233488992662	295.013144255884	295.179641018675
-1.49766511007338	295.013220659827	295.181983590832
-1.49299533022015	295.01329810626	295.184252460718
-1.48832555036691	295.013376560691	295.186214070547
-1.48365577051368	295.013455880995	295.187891204685
-1.47898599066044	295.013535935626	295.189301840092
-1.4743162108072	295.013616601394	295.19046118022
-1.46964643095397	295.013697762185	295.191853931917
-1.46497665110073	295.013779525358	295.193585211478
-1.4603068712475	295.013862046667	295.195630923056
-1.45563709139426	295.01394547067	295.197971815291
-1.45096731154103	295.014029932975	295.200534839474
-1.44629753168779	295.014115535451	295.202966806434
-1.44162775183456	295.014202217116	295.205281973815
-1.43695797198132	295.014289923598	295.207490257531
-1.43228819212809	295.014378605127	295.209599385695
-1.42761841227485	295.014468215522	295.211605314712
-1.42294863242161	295.014558706765	295.213504495849
-1.41827885256838	295.014650029226	295.215303033155
-1.41360907271514	295.014742136113	295.217006293529
-1.40893929286191	295.014834983135	295.218619099699
-1.40426951300867	295.014928528245	295.220352865393
-1.39959973315544	295.015022826865	295.222228188455
-1.3949299533022	295.01511794388	295.224235166414
-1.39026017344897	295.015213939574	295.226365798503
-1.38559039359573	295.015310870514	295.228571144603
-1.38092061374249	295.015408770676	295.230717696741
-1.37625083388926	295.015507612482	295.232811526853
-1.37158105403602	295.015607371171	295.234856929691
-1.36691127418279	295.015708023973	295.236857291402
-1.36224149432955	295.015809549693	295.238968217303
-1.35757171447632	295.01591199887	295.241284522373
-1.35290193462308	295.016015465721	295.243792693583
-1.34823215476985	295.016120038181	295.246481772308
-1.34356237491661	295.01622579909	295.249342316939
-1.33889259506337	295.016332826892	295.252540112056
-1.33422281521014	295.016441276409	295.256064475024
-1.3295530353569	295.016551297455	295.259898153248
-1.32488325550367	295.016663031817	295.264025986111
-1.32021347565043	295.016776614223	295.268240292855
-1.3155436957972	295.016892083603	295.272096590014
-1.31087391594396	295.017009273995	295.275625252856
-1.30620413609073	295.017128033532	295.278849308508
-1.30153435623749	295.017248221046	295.281787731921
-1.29686457638426	295.017369704189	295.284779333298
-1.29219479653102	295.017492506854	295.287969199754
-1.28752501667778	295.01761671979	295.291341699373
-1.28285523682455	295.017742426491	295.294884936136
-1.27818545697131	295.017869704924	295.298579602116
-1.27351567711808	295.017998624114	295.302120884723
-1.26884589726484	295.01812911255	295.305522605614
-1.26417611741161	295.018261105137	295.308794878584
-1.25950633755837	295.018394541476	295.311945902812
-1.25483655770514	295.018529364978	295.315052488543
-1.2501667778519	295.01866555449	295.318227866383
-1.24549699799867	295.018803141062	295.321465858382
-1.24082721814543	295.018942152876	295.324762004366
-1.23615743829219	295.019082616043	295.328112739692
-1.23148765843896	295.019224555018	295.331412671809
-1.22681787858572	295.019367945663	295.33463376298
-1.22214809873249	295.019512750932	295.337781625366
-1.21747831887925	295.019658936384	295.340860771377
-1.21280853902602	295.019806469677	295.343902749051
-1.20813875917278	295.019955333028	295.347129302582
-1.20346897931955	295.020105610872	295.350526541497
-1.19879919946631	295.020257381196	295.354083771182
-1.19412941961307	295.020410717013	295.357792043797
-1.18945963975984	295.020565687175	295.361702079197
-1.1847898599066	295.020722383879	295.365870199759
-1.18012008005337	295.020880925232	295.370282111763
-1.17545030020013	295.021041422695	295.374925513569
-1.1707805203469	295.021203981999	295.379789416415
-1.16611074049366	295.021368703757	295.38447217887
-1.16144096064043	295.021535503403	295.388917024437
-1.15677118078719	295.021704270248	295.393142332251
-1.15210140093396	295.021874902139	295.397162720077
-1.14743162108072	295.022047303716	295.40110846506
-1.14276184122748	295.022221439718	295.40547718614
-1.13809206137425	295.022397504272	295.410237254601
-1.13342228152101	295.022575676818	295.415364360378
-1.12875250166778	295.022756125495	295.420838170264
-1.12408272181454	295.022939008984	295.426751038984
-1.11941294196131	295.023124528453	295.433163493175
-1.11474316210807	295.023312912864	295.440049114805
-1.11007338225484	295.023504378889	295.447384796462
-1.1054036024016	295.023699132434	295.455149707589
-1.10073382254837	295.023897369703	295.462564101183
-1.09606404269513	295.024098927389	295.469577771528
-1.09139426284189	295.02430361914	295.47622241407
-1.08672448298866	295.02451127332	295.482523244577
-1.08205470313542	295.02472173001	295.488539130946
-1.07738492328219	295.024934856509	295.494386081079
-1.07271514342895	295.025150573656	295.500071400407
-1.06804536357572	295.0253688057	295.505602557808
-1.06337558372248	295.025589480368	295.510986740594
-1.05870580386925	295.025812528735	295.51704318527
-1.05403602401601	295.02603825953	295.52416345772
-1.04936624416277	295.026267161796	295.532277626042
-1.04469646430954	295.026499692077	295.541328571924
-1.0400266844563	295.026736280352	295.551266227579
-1.03535690460307	295.026977333299	295.561009530553
-1.03068712474983	295.027222759092	295.570591475922
-1.0260173448966	295.027472481177	295.580033146491
-1.02134756504336	295.027726432771	295.589349838373
-1.01667778519013	295.027984554181	295.598576348741
-1.01200800533689	295.02824680179	295.607762570791
-1.00733822548365	295.028513155005	295.616912464817
-1.00266844563042	295.028783595067	295.626029642894
-0.997998665777185	295.029058104896	295.635117301887
-0.993328885923949	295.029336668895	295.644342572489
-0.988659106070714	295.029619348513	295.653764560818
-0.983989326217477	295.029906232408	295.663371612685
-0.979319546364242	295.030197403823	295.673154190193
-0.974649766511006	295.030492941558	295.683111292325
-0.969979986657771	295.030792923915	295.693317040916
-0.965310206804536	295.031097463321	295.703758547393
-0.9606404269513	295.031406666205	295.714424711137
-0.955970647098065	295.031720633826	295.725305580866
-0.951300867244829	295.032039462805	295.736191763123
-0.946631087391594	295.032363153198	295.746828221806
-0.941961307538359	295.032691587512	295.757236453647
-0.937291527685123	295.033024658228	295.767432969519
-0.932621747831888	295.0333622655	295.777431458453
-0.927951967978652	295.033704315841	295.787474848518
-0.923282188125417	295.034050827792	295.797611950826
-0.918612408272181	295.034401842377	295.807835540864
-0.913942628418945	295.034757397267	295.818140244128
-0.90927284856571	295.035117527638	295.828619920146
-0.904603068712474	295.035482311909	295.83977150809
-0.899933288859239	295.035852057516	295.851550768686
-0.895263509006004	295.036227051335	295.863922050015
-0.890593729152768	295.036607563664	295.876854677372
-0.885923949299533	295.03699385052	295.890120035061
-0.881254169446297	295.037386062413	295.903518095374
-0.876584389593062	295.037784257582	295.917050625121
-0.871914609739827	295.038188495061	295.930716650672
-0.867244829886591	295.038598833407	295.944513972326
-0.862575050033356	295.039015330138	295.958513185269
-0.85790527018012	295.039438075286	295.972717145811
-0.853235490326884	295.039867160158	295.98711772022
-0.848565710473649	295.040302672262	296.00170747877
-0.843895930620413	295.040744695645	296.016509791328
-0.839226150767178	295.04119332508	296.031610478653
-0.834556370913942	295.041648694855	296.046995035323
-0.829886591060707	295.042110932503	296.062650890601
-0.825216811207472	295.042580159699	296.078566690766
-0.820547031354236	295.043056492825	296.094844867326
-0.815877251501001	295.04354009542	296.111544308927
-0.811207471647765	295.044031158085	296.128644271609
-0.80653769179453	295.044529861762	296.146126586966
-0.801867911941294	295.045036378929	296.163974803952
-0.797198132088059	295.045550874394	296.182139444239
-0.792528352234823	295.046073490079	296.200607777559
-0.787858572381587	295.04660436197	296.219368584681
-0.783188792528352	295.047143620814	296.238411128976
-0.778519012675116	295.04769139235	296.257694471895
-0.773849232821881	295.048247783381	296.277146828886
-0.769179452968645	295.048812867575	296.296765076668
-0.76450967311541	295.049386717128	296.316545322234
-0.759839893262174	295.049969402406	296.336483373455
-0.755170113408939	295.050560991812	296.356590104472
-0.750500333555703	295.05116155873	296.376867394966
-0.745830553702468	295.051771177375	296.397309633628
-0.741160773849233	295.05238991934	296.417911514098
-0.736490993995997	295.053017853739	296.438671472146
-0.731821214142762	295.053655048932	296.459649399087
-0.727151434289526	295.054301600853	296.480835872618
-0.722481654436291	295.054957601045	296.502222628143
-0.717811874583055	295.055623137197	296.523802121715
-0.713142094729819	295.056298293478	296.545588699381
-0.708472314876583	295.056983160629	296.56760575278
-0.703802535023348	295.05767784013	296.589843678526
-0.699132755170113	295.058382428982	296.6122938297
-0.694462975316877	295.059097020156	296.634948222333
-0.689793195463642	295.059821702895	296.657960462098
-0.685123415610406	295.060556637204	296.681363843437
-0.680453635757171	295.061301998351	296.70513919686
-0.675783855903936	295.06205795268	296.729269770485
-0.6711140760507	295.062824658731	296.75379554255
-0.666444296197465	295.063602293391	296.779061454296
-0.661774516344229	295.064391192457	296.805026147268
-0.657104736490994	295.065191672488	296.831654859625
-0.652434956637758	295.066004033856	296.858916833949
-0.647765176784522	295.066828562608	296.886543647721
-0.643095396931287	295.067665420922	296.914271083433
-0.638425617078051	295.068514649114	296.942106494706
-0.633755837224816	295.069376290882	296.970053078279
-0.629086057371581	295.07025039138	296.998111964825
-0.624416277518345	295.071136996267	297.026461244815
-0.61974649766511	295.072036233274	297.055122067691
-0.615076717811874	295.072948239813	297.084080888386
-0.610406937958639	295.073873146988	297.113325805559
-0.605737158105404	295.074811080351	297.142876592872
-0.601067378252168	295.075762174507	297.172850580232
-0.596397598398933	295.076726618079	297.203227545046
-0.591727818545697	295.077704590273	297.233989936759
-0.587058038692461	295.078696262113	297.265121896508
-0.582388258839226	295.079701797233	297.296736605925
-0.57771847898599	295.080721411356	297.328909612964
-0.573048699132755	295.081755354918	297.36161422215
-0.568378919279519	295.082803865925	297.394826952904
-0.563709139426284	295.083867171439	297.428526480891
-0.559039359573049	295.084945488585	297.462294735151
-0.554369579719813	295.086038841674	297.496106042471
-0.549699799866578	295.087147243184	297.529967704791
-0.545030020013342	295.088270708959	297.563884235435
-0.540360240160107	295.089409256924	297.597970235506
-0.535690460306871	295.090562957821	297.632488831632
-0.531020680453636	295.091732003644	297.667416232913
-0.5263509006004	295.092916575322	297.702732996656
-0.521681120747164	295.094116844729	297.738422131389
-0.517011340893929	295.095332975823	297.77480352592
-0.512341561040693	295.09656527993	297.812022991653
-0.507671781187458	295.097814135422	297.850036080714
-0.503002001334223	295.099079899993	297.888804605565
-0.498332221480987	295.100362913551	297.928294443192
-0.493662441627752	295.101663500106	297.968554051107
-0.488992661774516	295.102982005845	298.009549182168
-0.484322881921281	295.104318760996	298.051248701338
-0.479653102068045	295.105674081271	298.093623831926
-0.47498332221481	295.107048268965	298.136563861149
-0.470313542361574	295.108441575193	298.179905205697
-0.465643762508339	295.109854175548	298.223638843779
-0.460973982655103	295.111286241387	298.267754255928
-0.456304202801868	295.112737939136	298.31224045185
-0.451634422948632	295.11420943008	298.356917359872
-0.446964643095396	295.115700792426	298.40172244595
-0.442294863242161	295.117212075525	298.446658777995
-0.437625083388925	295.118743330127	298.491727388499
-0.43295530353569	295.120294607437	298.536956509044
-0.428285523682454	295.121865971655	298.582668194361
-0.423615743829219	295.123457635397	298.628836868527
-0.418945963975983	295.125069799381	298.675441595211
-0.414276184122748	295.126702654575	298.722464021429
-0.409606404269513	295.128356383392	298.769888753051
-0.404936624416277	295.130031161061	298.817701894873
-0.400266844563042	295.13172715632	298.865889006809
-0.395597064709806	295.133444531171	298.914436556882
-0.390927284856571	295.135183441299	298.963331789494
-0.386257505003335	295.136944036434	299.012890274046
-0.381587725150099	295.138726611695	299.063158845556
-0.376917945296864	295.140531483634	299.114102834434
-0.372248165443628	295.142358952665	299.165691941451
-0.367578385590393	295.144209305083	299.217882835398
-0.362908605737158	295.146082807072	299.270573288683
-0.358238825883922	295.147979677561	299.323746273412
-0.353569046030687	295.149900127529	299.377384999327
-0.348899266177451	295.151844360115	299.431473254806
-0.344229486324216	295.153812570885	299.486056587744
-0.339559706470981	295.15580497631	299.541171649696
-0.334889926617745	295.157821809646	299.596796931064
-0.33022014676451	295.159863294123	299.652912848726
-0.325550366911274	295.161929643834	299.709501193823
-0.320880587058038	295.164021064376	299.766219340077
-0.316210807204802	295.166137603317	299.823030348262
-0.311541027351567	295.168279291188	299.879939891715
-0.306871247498332	295.170446161126	299.936951103715
-0.302201467645096	295.172638247703	299.994082676094
-0.297531687791861	295.174855594095	300.051387545185
-0.292861907938625	295.17709826786	300.108861172263
-0.28819212808539	295.179366334435	300.166499483741
-0.283522348232155	295.181659857346	300.22429860696
-0.278852568378919	295.18397889831	300.282531169904
-0.274182788525684	295.186323644675	300.341355934503
-0.269513008672448	295.188694356876	300.400741427852
-0.264843228819213	295.191091280703	300.460661148944
-0.260173448965977	295.193514649607	300.521091668498
-0.255503669112741	295.195964686126	300.581194130771
-0.250833889259506	295.198441226025	300.640974394403
-0.24616410940627	295.200944107875	300.700461559912
-0.241494329553035	295.203473183751	300.759678776628
-0.2368245496998	295.206028316482	300.818810729312
-0.232154769846564	295.208609454101	300.878210040407
-0.227484989993329	295.211216707202	300.93785835796
-0.222815210140093	295.21385017786	300.997742189548
-0.218145430286858	295.216509961878	301.057850533317
-0.213475650433622	295.219196149939	301.1182922596
-0.208805870580387	295.221908882861	301.179105374196
-0.204136090727152	295.22464831891	301.24027193223
-0.199466310873916	295.227414608002	301.3017763575
-0.19479653102068	295.230207892794	301.363566662755
-0.190126751167445	295.233028291913	301.424798689158
-0.185456971314209	295.235875534823	301.485520651598
-0.180787191460973	295.23874937337	301.545769168961
-0.176117411607738	295.241649576412	301.605574554201
-0.171447631754502	295.244575926905	301.665088144448
-0.166777851901267	295.247528277673	301.724503297031
-0.162108072048031	295.250506570743	301.783821689354
-0.157438292194796	295.253510748937	301.843046766758
-0.152768512341561	295.256540756696	301.90218258256
-0.148098732488325	295.259596540354	301.961052424634
-0.14342895263509	295.26267796482	302.019617426778
-0.138759172781854	295.265784877158	302.07789552175
-0.134089392928619	295.26891713278	302.135902234315
-0.129419613075383	295.272074594325	302.193612057312
-0.124749833222148	295.275257112746	302.250762609779
-0.120080053368912	295.27846441813	302.307387087576
-0.115410273515676	295.28169625601	302.363513538483
-0.110740493662441	295.284952384972	302.419166838844
-0.106070713809205	295.288232575197	302.474112529109
-0.10140093395597	295.291536488906	302.528114989168
-0.0967311541027342	295.294863679889	302.58122657856
-0.0920613742494991	295.298213726304	302.633492337134
-0.0873915943962639	295.301586227282	302.684952570246
-0.082721814543028	295.304980800735	302.735403776713
-0.0780520346897928	295.308396970965	302.784852640872
-0.0733822548365569	295.311834265596	302.833346972695
-0.0687124749833217	295.315292234527	302.880929977166
-0.0640426951300866	295.318770447798	302.927569955131
-0.0593729152768506	295.322268461049	302.97304230463
-0.0547031354236155	295.325785726614	303.017403943376
-0.0500333555703795	295.329321723342	303.060705298025
-0.0453635757171443	295.332875953582	303.102992411293
-0.0406937958639092	295.336447941156	303.144189926636
-0.0360240160106732	295.340037175382	303.184254812869
-0.0313542361574381	295.343643126002	303.223237225389
-0.0266844563042029	295.347265286136	303.261182927193
-0.0220146764509678	295.350903170251	303.298134400276
-0.017344896597731	295.354556312631	303.334240742605
-0.0126751167444959	295.358224316515	303.369540597074
-0.00800533689126072	295.361906803142	303.404062818176
-0.00333555703802557	295.365603407237	303.43783542326
0.0013342228152112	295.36931377661	303.47074113304
0.00600400266844635	295.373037505185	303.502455166704
0.0106737825216815	295.376774037382	303.533035119651
0.0153435623749166	295.38052284445	303.562531222116
0.0200133422281518	295.384283421052	303.590989040428
0.0246831220813886	295.388055283107	303.618057464122
0.0293529019346237	295.391837784929	303.643586684138
0.0340226817878589	295.395630212106	303.667649923475
0.038692461641094	295.399431884339	303.690312064515
0.0433622414943292	295.403242151572	303.711632344919
0.0480320213475659	295.407060391378	303.731674220498
0.0527018012008011	295.410886010882	303.750488240843
0.0573715810540362	295.414718440801	303.76812198108
0.0620413609072714	295.418557134058	303.784620368095
0.0667111407605074	295.422401564549	303.799745481293
0.0713809206137433	295.42625109676	303.813072048145
0.0760507004669785	295.430104899468	303.824687002172
0.0807204803202136	295.433962181942	303.834666237382
0.0853902601734488	295.437822188829	303.843078545343
0.0900600400266847	295.441684196856	303.849224020979
0.0947298198799207	295.445547160494	303.852926039439
0.0993995997331558	295.449409953332	303.854301319884
0.104069379586391	295.453271503331	303.853453138809
0.108739159439627	295.457130786589	303.850519547202
0.113408939292862	295.460986843344	303.846008497674
0.118078719146098	295.464838948439	303.839969595154
0.122748498999333	295.468686399925	303.832453876185
0.127418278852569	295.472528519712	303.823511646312
0.132088058705804	295.476364653223	303.813168658402
0.136757838559039	295.480194158064	303.801445828926
0.141427618412275	295.48401640179	303.788391742408
0.146097398265511	295.487830774656	303.774052651501
0.150767178118747	295.491636688528	303.758472756098
0.155436957971982	295.495433575927	303.741606956576
0.160106737825217	295.499220848857	303.723480827894
0.164776517678453	295.502997931397	303.704139416113
0.169446297531689	295.506764268663	303.68362519693
0.174116077384924	295.510519325619	303.661839737992
0.178785857238159	295.514262522113	303.638145284808
0.183455637091394	295.517992984311	303.612632994604
0.18812541694463	295.52170988084	303.585381524231
0.192795196797866	295.525412416993	303.556461825173
0.197464976651101	295.529099831163	303.52601009709
0.202134756504336	295.532771424893	303.494144164314
0.206804536357572	295.536426554371	303.4609131611
0.211474316210808	295.540064598746	303.426364455151
0.216144096064043	295.543684959296	303.390543442364
0.220813875917279	295.547287058512	303.353535305397
0.225483655770514	295.550870358425	303.315384080345
0.230153435623749	295.55443434162	303.276126980769
0.234823215476986	295.557978508081	303.235799968149
0.239492995330221	295.561502374605	303.194360035491
0.244162775183456	295.565005438398	303.151611640871
0.248832555036691	295.568487106771	303.10760708621
0.253502334889926	295.571946811438	303.062393494103
0.258172114743163	295.575384006107	303.016014538617
0.262841894596398	295.578798164882	302.968080245116
0.267511674449633	295.582188582365	302.918381562156
0.272181454302869	295.585554457152	302.866997486554
0.276851234156104	295.588895024654	302.813997850614
0.28152101400934	295.592209552844	302.75944637147
0.286190793862576	295.595497339429	302.704086821595
0.290860573715811	295.598758025285	302.647944113553
0.295530353569046	295.601991262929	302.591032250714
0.300200133422281	295.605196711485	302.533368129387
0.304869913275518	295.608374038023	302.47506991604
0.309539693128753	295.61152296423	302.416352751775
0.314209472981988	295.614643311085	302.357216186702
0.318879252835223	295.617734899431	302.297663370198
0.323549032688459	295.62079755164	302.237699363
0.328218812541695	295.623831092492	302.176712658001
0.33288859239493	295.626835064977	302.114473862801
0.337558372248165	295.629808906582	302.051042716945
0.342228152101401	295.632752082618	301.986470307395
0.346897931954637	295.635664082205	301.920897917581
0.351567711807873	295.638544459841	301.855931295336
0.356237491661108	295.641393510386	301.791496879386
0.360907271514343	295.6442114946	301.727541901611
0.365577051367579	295.646998648768	301.664024581019
0.370246831220814	295.649755189776	301.600645366828
0.37491661107405	295.652481196315	301.537012143184
0.379586390927285	295.655176566293	301.473138923821
0.38425617078052	295.657841204127	301.409035024013
0.388925950633756	295.660475018579	301.34470762605
0.393595730486991	295.663077921761	301.280210531707
0.398265510340227	295.665649850629	301.215559581051
0.402935290193462	295.668190749462	301.150756155487
0.407605070046698	295.670700563203	301.085801907181
0.412274849899934	295.673179237577	301.020708846148
0.416944629753169	295.67562672387	300.955546844223
0.421614409606405	295.678043005594	300.890312582201
0.426284189459641	295.680428064733	300.825003853336
0.430953969312876	295.682781882257	300.759619089546
0.435623749166111	295.685104438422	300.694302358539
0.440293529019347	295.687395779894	300.62919858786
0.444963308872582	295.689656020111	300.564288685392
0.449633088725818	295.691885263646	300.49955716696
0.454302868579053	295.694083607878	300.434990747719
0.458972648432288	295.696251144008	300.370385872128
0.463642428285524	295.69838786936	300.305713177277
0.46831220813876	295.700493767729	300.240975673585
0.472981987991995	295.702568824305	300.176175170544
0.477651767845231	295.704613025118	300.11140743353
0.482321547698466	295.706626400347	300.047036304061
0.486991327551702	295.708609147858	299.983031968268
0.491661107404938	295.710561451669	299.919370570642
0.496330887258173	295.7124834847	299.856031663418
0.501000667111408	295.714375410357	299.793269775457
0.505670446964643	295.716237509283	299.731253926394
0.51034022681788	295.718070139878	299.669940291434
0.515010006671115	295.719873640157	299.609291335267
0.51967978652435	295.721648330655	299.549273617702
0.524349566377585	295.723394516333	299.48961453441
0.52901934623082	295.725112376343	299.430286712577
0.533689126084057	295.726802077135	299.371278459768
0.538358905937292	295.728463779692	299.312577626657
0.543028685790527	295.730097639315	299.254280507252
0.547698465643763	295.731703855618	299.196621343207
0.552368245496998	295.733282736082	299.139565390062
0.557038025350235	295.734834572017	299.08308285785
0.56170780520347	295.736359640853	299.027147018985
0.566377585056705	295.73785820756	298.972104257259
0.57104736490994	295.739330696639	298.918103742689
0.575717144763175	295.740777601127	298.865090429115
0.580386924616412	295.742199388436	298.81301640214
0.585056704469647	295.743596503657	298.761835511508
0.589726484322882	295.744969370383	298.711351450463
0.594396264176117	295.746318321514	298.661538466471
0.599066044029352	295.747643677918	298.612370937598
0.603735823882589	295.748945748494	298.563824055201
0.608405603735824	295.75022483056	298.515966375569
0.61307538358906	295.751481252886	298.468924913329
0.617745163442295	295.752715402629	298.422662048754
0.62241494329553	295.753927649408	298.377144132706
0.627084723148767	295.755118347151	298.332340195858
0.631754503002002	295.756287835335	298.288065873306
0.636424282855237	295.757436368293	298.244250059202
0.641094062708472	295.75856416746	298.200879388838
0.645763842561708	295.759671448009	298.157939785841
0.650433622414944	295.76075841852	298.115377605786
0.655103402268179	295.76182526275	298.072823263138
0.659773182121414	295.762871994014	298.030290053909
0.66444296197465	295.763898631759	297.987786125042
0.669112741827885	295.76490519919	297.945316899634
0.673782521681121	295.765891722004	297.903250036773
0.678452301534357	295.766858395358	297.86198858217
0.683122081387592	295.767805600087	297.821484926785
0.687791861240828	295.768733694883	297.781699983223
0.692461641094063	295.769643020233	297.742599632145
0.697131420947299	295.770533900731	297.704407791959
0.701801200800534	295.771406764018	297.667136871231
0.70647098065377	295.772262043237	297.630742846401
0.711140760507005	295.773100151024	297.595186337704
0.71581054036024	295.773921481653	297.560401969645
0.720480320213476	295.774726399073	297.526218677043
0.725150100066711	295.775515188201	297.492616566201
0.729819879919947	295.77628812465	297.45957536879
0.734489659773182	295.77704547456	297.427075186299
0.739159439626418	295.77778749477	297.395027886835
0.743829219479654	295.778514401372	297.363359346
0.748498999332889	295.77922637619	297.332059630486
0.753168779186125	295.779923596386	297.301118067722
0.75783855903936	295.780606234119	297.270523797469
0.762508338892595	295.781274456463	297.240228131637
0.767178118745832	295.781928407967	297.210218595204
0.771847898599067	295.782568227368	297.180487153237
0.776517678452302	295.783194049632	297.151025659258
0.781187458305537	295.783806005907	297.121980301217
0.785857238158772	295.784404294662	297.093784894967
0.790527018012009	295.784989314232	297.066391695101
0.795196797865244	295.785561440735	297.039760985716
0.799866577718479	295.786121031791	297.013857777943
0.804536357571714	295.786668428717	296.988575012813
0.80920613742495	295.787203923308	296.963843031447
0.813875917278186	295.787727775115	296.939642039616
0.818545697131422	295.788240234435	296.915952692154
0.823215476984657	295.788741542532	296.892756358047
0.827885256837892	295.789231931962	296.870137812099
0.832555036691127	295.789711674248	296.848075394852
0.837224816544364	295.790181030795	296.826546915518
0.841894596397599	295.79064025265	296.805531755493
0.846564376250834	295.791089581238	296.784902476957
0.851234156104069	295.791529199123	296.764433753886
0.855903935957304	295.791959184923	296.74412906494
0.860573715810541	295.792379618833	296.723988710672
0.865243495663776	295.79279058115	296.704011410249
0.869913275517011	295.793192151551	296.684343909227
0.874583055370247	295.793584477313	296.665038601052
0.879252835223483	295.793967729795	296.64607962494
0.883922615076719	295.79434207296	296.627453065752
0.888592394929954	295.794707664273	296.609163178069
0.893262174783189	295.795064663089	296.591481865117
0.897931954636424	295.795413354012	296.574377223243
0.902601734489661	295.795754006797	296.55782223893
0.907271514342896	295.796086878612	296.541792838282
0.911941294196131	295.796412215398	296.526392226996
0.916611074049366	295.796730310551	296.511762706881
0.921280853902601	295.797041522909	296.497866430432
0.925950633755838	295.797346193684	296.484670223704
0.930620413609073	295.797644648627	296.472144003255
0.935290193462308	295.797937199461	296.459738324525
0.939959973315544	295.798223904498	296.447319813759
0.94462975316878	295.798504760556	296.434903021342
0.949299533022016	295.798779771176	296.422497523247
0.953969312875251	295.79904894432	296.410121787163
0.958639092728486	295.799312296466	296.397853677399
0.963308872581722	295.799569879977	296.385691161545
0.967978652434957	295.799821746258	296.373632479495
0.972648432288193	295.80006794588	296.361675859992
0.977318212141428	295.800308528574	296.349990727116
0.981987991994663	295.800543622143	296.338732545448
0.986657771847899	295.800773425986	296.327878077066
0.991327551701134	295.800998128685	296.317407915177
0.99599733155437	295.801217909783	296.30730494753
1.00066711140761	295.801432940848	296.297517343488
1.00533689126084	295.801643369471	296.288027668876
1.01000667111408	295.801849335135	296.278825043869
1.01467645096731	295.802050972242	296.269899044845
1.01934623082055	295.802248410326	296.261142125259
1.02401601067378	295.802441729284	296.252200707319
1.02868579052702	295.802630846003	296.243095604951
1.03335557038025	295.802815687017	296.233842097721
1.03802535023349	295.802996185943	296.224452425717
1.04269513008672	295.803172282084	296.215229912257
1.04736490993996	295.803344054586	296.206377679082
1.0520346897932	295.803511676179	296.197872354238
1.05670446964643	295.803675308729	296.189695260512
1.06137424949967	295.80383510541	296.181830396967
1.0660440293529	295.803991211941	296.173844626112
1.07071380920614	295.804143574322	296.165730032827
1.07538358905937	295.80429213494	296.157499573124
1.08005336891261	295.804436842189	296.149163258239
1.08472314876584	295.804577649109	296.140917929621
1.08939292861908	295.804714599497	296.133187725451
1.09406270847232	295.804847932629	296.12593830084
1.09873248832555	295.804977871818	296.119142459847
1.10340226817879	295.805104627729	296.112777013084
1.10807204803202	295.805228400228	296.106345467927
1.11274182788526	295.80534916023	296.099614961991
1.11741160773849	295.805466771339	296.09261204864
1.12208138759173	295.80558110948	296.085357014312
1.12675116744496	295.805692059997	296.077892545318
1.1314209472982	295.805799527972	296.07120650721
1.13609072715144	295.805903873882	296.065241951961
1.14076050700467	295.806005431753	296.059955096163
1.14543028685791	295.806104515256	296.055309237701
1.15010006671114	295.80620142098	296.051040339502
1.15476984656438	295.80629632366	296.04675586495
1.15943962641761	295.806389217014	296.042468930881
1.16410940627085	295.806480100819	296.038187260236
1.16877918612408	295.806568978421	296.033915916777
1.17344896597732	295.806655855501	296.029350711066
1.17811874583055	295.80674059753	296.024410335566
1.18278852568379	295.806823032578	296.019120974395
1.18745830553703	295.806903000879	296.013504249294
1.19212808539026	295.806980352718	296.007636728072
1.1967978652435	295.80705497375	296.002015650346
1.20146764509673	295.807126978887	295.996618910831
1.20613742494997	295.807196472782	295.99143065843
1.2108072048032	295.807263552727	295.986438239076
1.21547698465644	295.807328310128	295.981693308463
1.22014676450967	295.807390860155	295.977255428606
1.22481654436291	295.807451345372	295.973107691562
1.22948632421614	295.807509900477	295.969235548226
1.23415610406938	295.807566653392	295.965626018573
1.23882588392261	295.807621725992	295.96231549208
1.24349566377585	295.807675256865	295.959300367396
1.24816544362909	295.80772738287	295.956567158041
1.25283522348232	295.80777823458	295.954103597537
1.25750500333556	295.80782793685	295.951852004255
1.26217478318879	295.807876587887	295.949604040502
1.26684456304203	295.807924189818	295.947366417985
1.27151434289526	295.807970747871	295.945143100709
1.2761841227485	295.808016269102	295.942936662309
1.28085390260173	295.808060761754	295.940650496661
1.28552368245497	295.808104189536	295.938209057252
1.29019346230821	295.808146481361	295.935624440391
1.29486324216144	295.808187571753	295.93290643218
1.29953302201468	295.808227399787	295.93006338339
1.30420280186791	295.808265908418	295.927129672919
1.30887258172115	295.808303056477	295.924112753578
1.31354236157438	295.808338806252	295.921016862036
1.31821214142762	295.808373122002	295.917845981148
1.32288192128085	295.808405969844	295.914754376099
1.32755170113409	295.808437387013	295.912146003679
1.33222148098733	295.808467596927	295.909987052302
1.33689126084056	295.808496807292	295.908250760123
1.3415610406938	295.808525213372	295.906914379251
1.34623082054703	295.808552999844	295.905545645431
1.35090060040027	295.808580152045	295.903903959219
1.3555703802535	295.808606544426	295.902013206091
1.36024016010674	295.808632062521	295.899891487769
1.36490993995997	295.808656600272	295.897553656164
1.36957971981321	295.808680058523	295.895600074645
1.37424949966644	295.8087026149	295.894012404641
1.37891927951968	295.808724438475	295.892767385382
1.38358905937292	295.808745687511	295.891845819855
1.38825883922615	295.808766511338	295.890947271826
1.39292861907939	295.808786920727	295.889546924197
1.39759839893262	295.808806684544	295.887684068972
1.40226817878586	295.808825589894	295.885389002122
1.40693795863909	295.808843437963	295.88268701713
1.41160773849233	295.808860041698	295.88001763256
1.41627751834556	295.808875416736	295.877548577939
1.4209472981988	295.80888965601	295.875262126091
1.42561707805203	295.808902844227	295.873145076742
1.43028685790527	295.808915059965	295.871175323496
1.43495663775851	295.808926371569	295.869170261317
1.43962641761174	295.80893676318	295.867134758612
1.44429619746498	295.808946221192	295.865071889989
1.44896597731821	295.808954733427	295.862983907231
1.45363575717145	295.808962288752	295.860916215193
1.45830553702468	295.808968896966	295.858925191147
1.46297531687792	295.808974593852	295.857005672824
1.46764509673115	295.808979412794	295.855153555864
1.47231487658439	295.808983385264	295.853365335895
1.47698465643762	295.808986541107	295.851659901681
1.48165443629086	295.808988918856	295.850039021605
1.4863242161441	295.80899055784	295.848498487125
1.49099399599733	295.808991495431	295.847034553625
1.49566377585057	295.808991767252	295.845594296905
1.5003335557038	295.808991384517	295.843894266515
1.50500333555704	295.808990227781	295.84195411671
1.50967311541027	295.808988186726	295.839789122063
1.51434289526351	295.808985158134	295.837412116298
1.51901267511674	295.808981044756	295.835101989198
1.52368245496998	295.808975877944	295.833115951474
1.52835223482322	295.808969807587	295.831429723143
1.53302201467645	295.808962972298	295.830024370079
1.53769179452969	295.808955501891	295.82888398754
1.54236157438292	295.80894751878	295.827707263308
1.54703135423616	295.80893900643	295.826461268644
1.55170113408939	295.808929933142	295.82515346683
1.55637091394263	295.808920270677	295.823789293526
1.56104069379586	295.808909993319	295.822400536004
1.5657104736491	295.808899090016	295.821081246328
1.57038025350234	295.808887593077	295.819826493235
1.57505003335557	295.808875532517	295.818632545753
1.57971981320881	295.80886293662	295.81749628893
1.58438959306204	295.808849832215	295.816426328871
1.58905937291528	295.808836250088	295.815427543376
1.59372915276851	295.808822223257	295.814496486195
1.59839893262175	295.808807783133	295.813630090277
1.60306871247498	295.8087929597	295.812825557331
1.60773849232822	295.808777781637	295.811912159491
1.61240827218145	295.808762198914	295.810887647054
1.61707805203469	295.808746160491	295.809759861768
1.62174783188793	295.808729618974	295.808535224211
1.62641761174116	295.808712529951	295.807321070121
1.6310873915944	295.80869489851	295.806341786547
1.63575717144763	295.808676833163	295.80558027388
1.64042695130087	295.808658434479	295.805023198679
1.6450967311541	295.808639796829	295.804659325927
1.64976651100734	295.808621009356	295.804294724125
1.65443629086057	295.808602071768	295.803839908297
1.65910607071381	295.808582942529	295.803303556322
1.66377585056704	295.80856358413	295.802692103997
1.66844563042028	295.808543962046	295.802019397713
1.67311541027352	295.808524048156	295.801510684439
1.67778519012675	295.808503918179	295.801153812382
1.68245496997999	295.808483642189	295.800939517956
1.68712474983322	295.808463285953	295.800860066787
1.69179452968646	295.808442911642	295.800790969794
1.69646430953969	295.80842252401	295.800550809369
1.70113408939293	295.80840204419	295.800153423391
1.70580386924616	295.808381399741	295.799609424903
1.7104736490994	295.80836052315	295.798927632527
1.71514342895264	295.808339351006	295.797971989364
1.71981320880587	295.808317757217	295.796709832918
1.72448298865911	295.808295600702	295.795158684945
1.72915276851234	295.808272748532	295.793333625738
1.73382254836558	295.808249074795	295.791320151639
1.73849232821881	295.808224493052	295.789662362955
1.74316210807205	295.808199167704	295.788329936923
1.74783188792528	295.808173249077	295.787300189379
1.75250166777852	295.80814687696	295.786554539037
1.75717144763176	295.808120182506	295.785912217111
1.76184122748499	295.808093213472	295.78518587852
1.76651100733823	295.808065931241	295.784384920462
1.77118078719146	295.808038301554	295.783515813728
1.7758505670447	295.808010293152	295.782583539188
1.78052034689793	295.807981877089	295.78166082598
1.78519012675117	295.80795305796	295.780760958825
1.7898599066044	295.807923846478	295.779882161297
1.79452968645764	295.807894252535	295.779023104112
1.79919946631087	295.8078642854	295.778185806374
1.80386924616411	295.807833955272	295.777381628139
1.80853902601735	295.807803277579	295.776608678553
1.81320880587058	295.807772266871	295.775865353035
1.81787858572382	295.807740936949	295.775150228223
1.82254836557705	295.807709300953	295.774237577775
1.82721814543029	295.807677267969	295.772959863565
1.83188792528352	295.80764466991	295.771341122476
1.83655770513676	295.80761134986	295.769400947997
1.84122748498999	295.807577160014	295.767156262576
1.84589726484323	295.807541960446	295.765026933496
1.85056704469647	295.80750580483	295.763040669376
1.8552368245497	295.807468759581	295.761184640795
1.85990660440294	295.807430885158	295.759449025125
1.86457638425617	295.80739223746	295.757982357246
1.86924616410941	295.807352940821	295.757169962565
1.87391594396264	295.807313297119	295.756968988616
1.87858572381588	295.807273588316	295.757344437386
1.88325550366911	295.807234080098	295.758266008703
1.88792528352235	295.807195024044	295.759301089705
1.89259506337558	295.807156472201	295.760218246944
1.89726484322882	295.807118369922	295.761033885753
1.90193462308205	295.807080670156	295.761759306941
1.90660440293529	295.807043331095	295.762403078824
1.91127418278853	295.807006314903	295.762642527516
1.91594396264176	295.806969435032	295.762501717253
1.920613742495	295.806932516131	295.76200405839
1.92528352234823	295.806895393732	295.761169542746
1.92995330220147	295.806857912668	295.760165200447
1.9346230820547	295.806819994841	295.759261495834
1.93929286190794	295.806781686858	295.7584460804
1.94396264176118	295.806743029603	295.757710557476
1.94863242161441	295.806704060066	295.757048548009
1.95330220146765	295.806664812276	295.756846654302
1.95797198132088	295.806625498441	295.757230389616
1.96264176117412	295.806586388509	295.758163342385
1.96731154102735	295.806547735501	295.759615071444
1.97198132088059	295.806509778273	295.761494181898
1.97665110073382	295.806472713435	295.762874782065
1.98132088058706	295.806436310719	295.763802123529
1.98599066044029	295.80640036085	295.764309364809
1.99066044029353	295.806364669955	295.76442331145
1.99533022014677	295.806329056618	295.764531022937
2	295.80629351793	295.765088389915
2.05	295.805918571092	295.773448006073
2.1	295.805587476301	295.769022746655
2.15	295.805237202754	295.771413757861
2.2	295.804901318357	295.777728306821
2.25	295.80459900498	295.778798751736
2.3	295.804304320716	295.777294358049
2.35	295.804004571409	295.76956226421
2.4	295.803669189781	295.761815262387
2.45	295.803298281305	295.761271295073
2.5	295.802927397562	295.75582559296
2.55	295.802532453487	295.763633300255
2.6	295.802178655275	295.754193227168
2.65	295.801781068495	295.76152355143
2.7	295.801422278661	295.764586043219
2.75	295.801081110474	295.759198990668
2.8	295.800715966723	295.764437429378
2.85	295.800379150431	295.756025673529
2.9	295.800003465254	295.759370140516
2.95	295.799646846356	295.766467546608
3	295.799327615112	295.765361687706
3.05	295.799005279544	295.767481752727
3.1	295.798695693707	295.771036558044
3.15	295.798405830001	295.770501677955
3.2	295.798115493265	295.781129436982
3.25	295.797879501971	295.764067562308
3.3	295.79756157536	295.776712278523
3.35	295.797308036126	295.775333814154
3.4	295.797049665218	295.767209673278
3.45	295.796753355221	295.781185011365
3.5	295.79652783476	295.755502067933
3.55	295.79617795493	295.738134968462
3.6	295.795745210003	295.725880371851
3.65	295.795255135012	295.71703220581
3.7	295.794724750249	295.710538190932
3.75	295.794165818732	295.70570662289
3.8	295.7935866452	295.702066690096
3.85	295.792993179236	295.699290661712
3.9	295.792389730306	295.697146678271
3.95	295.791779447141	295.695468619151
4	295.791164646605	295.694136225867
4.05	295.790547043224	295.693061680504
4.1	295.789927911602	295.692180378645
4.15	295.789308202677	295.691444492012
4.2	295.788688627765	295.690818420698
4.25	295.788069719835	295.69027554487
4.3	295.787451878518	295.689795882035
4.35	295.786835403377	295.689364382849
4.4	295.78622051864	295.688969681999
4.45	295.785607391675	295.688603176548
4.5	295.784996146838	295.688258341966
4.55	295.7843868759	295.687930222036
4.6	295.783779645906	295.687615046806
4.65	295.783174505129	295.687309945406
4.7	295.782571487576	295.687012729543
4.75	295.781970616409	295.686721729833
4.8	295.781371906549	295.686435671835
4.85	295.780775366653	295.686153581982
4.9	295.780181000622	295.685874716093
4.95	295.779588808752	295.685598504982
5	295.778998788605	295.685324513036
5.05	295.778410935682	295.685052406641
5.1	295.777825243931	295.684781930095
5.15	295.777241706135	295.684512887232
5.2	295.776660314209	295.684245127391
5.25	295.77608105943	295.683978534694
5.3	295.775503932604	295.683713019862
5.35	295.774928924202	295.683448513952
5.4	295.774356024458	295.683184963581
5.45	295.773785223447	295.682922327261
5.5	295.773216511143	295.682660572611
5.55	295.772649877461	295.682399674214
5.6	295.772085312293	295.682139611983
5.65	295.771522805532	295.681880369913
5.7	295.77096234709	295.681621935123
5.75	295.770403926916	295.681364297123
5.8	295.769847535001	295.681107447257
5.85	295.769293161391	295.680851378274
5.9	295.76874079619	295.680596083999
5.95	295.768190429565	295.680341559086
6	295.767642051748	295.680087798823
6.05	295.76709565304	295.679834798988
6.1	295.76655122381	295.679582555732
6.15	295.766008754496	295.679331065504
6.2	295.765468235608	295.67908032497
6.25	295.764929657723	295.678830330974
6.3	295.764393011492	295.678581080499
6.35	295.763858287631	295.678332570629
6.4	295.763325476928	295.678084798539
6.45	295.762794570238	295.677837761465
6.5	295.762265558484	295.677591456699
6.55	295.761738432656	295.67734588158
6.6	295.76121318381	295.677101033479
6.65	295.760689803069	295.676856909797
6.7	295.760168281619	295.676613507963
6.75	295.759648610711	295.676370825424
6.8	295.759130781658	295.676128859651
6.85	295.758614785838	295.675887608128
6.9	295.758100614688	295.675647068356
6.95	295.757588259707	295.675407237851
7	295.757077712456	295.675168114142
7.05	295.756568964553	295.674929694771
7.1	295.756062007676	295.674691977289
7.15	295.755556833561	295.674454959261
7.2	295.755053434003	295.674218638263
7.25	295.75455180085	295.673983011883
7.3	295.754051926011	295.673748077716
7.35	295.753553801447	295.673513833371
7.4	295.753057419175	295.673280276466
7.45	295.752562771266	295.673047404628
7.5	295.752069849844	295.672815215494
7.55	295.751578647089	295.672583706714
7.6	295.751089155229	295.672352875944
7.65	295.750601366547	295.672122720851
7.7	295.750115273376	295.671893239112
7.75	295.7496308681	295.671664428414
7.8	295.749148143153	295.671436286451
7.85	295.748667091019	295.671208810929
7.9	295.748187704231	295.670981999563
7.95	295.747709975369	295.670755850077
8	295.747233897064	295.670530360204
8.05	295.746759461992	295.670305527686
8.1	295.746286662877	295.670081350275
8.15	295.74581549249	295.66985782573
8.2	295.745345943646	295.669634951822
8.25	295.744878009209	295.669412726329
8.3	295.744411682085	295.66919114704
8.35	295.743946955226	295.668970211749
8.4	295.743483821628	295.668749918261
8.45	295.74302227433	295.668530264393
8.5	295.742562306417	295.668311247965
8.55	295.742103911013	295.66809286681
8.6	295.741647081288	295.667875118768
8.65	295.741191810452	295.667658001687
8.7	295.740738091756	295.667441513424
8.75	295.740285918495	295.667225651845
8.8	295.739835284003	295.667010414826
8.85	295.739386181654	295.666795800248
8.9	295.738938604862	295.666581806003
8.95	295.738492547084	295.666368429989
9	295.738048001811	295.666155670115
9.05	295.737604962577	295.665943524296
9.1	295.737163422952	295.665731990458
9.15	295.736723376548	295.665521066531
9.2	295.736284817009	295.665310750458
9.25	295.735847738023	295.665101040185
9.3	295.735412133309	295.664891933671
9.35	295.734977996628	295.664683428879
9.4	295.734545321775	295.664475523782
9.45	295.73411410258	295.664268216362
9.5	295.733684332912	295.664061504604
9.55	295.733256006673	295.663855386508
9.6	295.732829117802	295.663649860075
9.65	295.73240366027	295.663444923319
9.7	295.731979628086	295.663240574258
9.75	295.731557015292	295.663036810921
9.8	295.731135815963	295.662833631342
9.85	295.73071602421	295.662631033564
9.9	295.730297634174	295.662429015635
9.95	295.729880640032	295.662227575615
10	295.729465035992	295.662026711569
10.05	295.729050816297	295.661826421568
10.1	295.72863797522	295.661626703694
10.15	295.728226507067	295.661427556032
10.2	295.727816406174	295.661228976677
10.25	295.727407666912	295.661030963734
10.3	295.72700028368	295.660833515309
10.35	295.72659425091	295.660636629521
10.4	295.726189563062	295.660440304493
10.45	295.72578621463	295.660244538356
10.5	295.725384200135	295.660049329247
10.55	295.724983514131	295.659854675313
10.6	295.724584151199	295.659660574705
10.65	295.724186105951	295.659467025583
10.7	295.723789373028	295.659274026114
10.75	295.723393947099	295.65908157447
10.8	295.722999822863	295.658889668833
10.85	295.722606995047	295.658698307388
10.9	295.722215458407	295.658507488331
10.95	295.721825207725	295.658317209862
11	295.721436237814	295.658127470189
11.05	295.721048543512	295.657938267527
11.1	295.720662119686	295.657749600095
11.15	295.72027696123	295.657561466125
11.2	295.719893063063	295.657373863847
11.25	295.719510420134	295.657186791505
11.3	295.719129027416	295.657000247347
11.35	295.718748879911	295.656814229628
11.4	295.718369972644	295.656628736606
11.45	295.717992300669	295.656443766551
11.5	295.717615859063	295.656259317737
11.55	295.717240642931	295.656075388445
11.6	295.716866647402	295.655891976961
11.65	295.716493867631	295.655709081579
11.7	295.716122298798	295.655526700598
11.75	295.715751936107	295.655344832325
11.8	295.715382774786	295.655163475072
11.85	295.715014810091	295.654982627158
11.9	295.714648037299	295.654802286907
11.95	295.714282451712	295.654622452652
12	295.713918048655	295.654443122729
12.05	295.71355482348	295.654264295483
12.1	295.713192771559	295.654085969263
12.15	295.712831888289	295.653908142424
12.2	295.71247216909	295.653730813331
12.25	295.712113609405	295.653553980349
12.3	295.711756204701	295.653377641854
12.35	295.711399950466	295.653201796224
12.4	295.711044842212	295.653026441847
12.45	295.710690875473	295.652851577114
12.5	295.710338045805	295.652677200424
12.55	295.709986348787	295.65250331018
12.6	295.709635780018	295.652329904792
12.65	295.709286335121	295.652156982676
12.7	295.708938009739	295.651984542253
12.75	295.708590799538	295.651812581951
12.8	295.708244700205	295.651641100202
12.85	295.707899707447	295.651470095446
12.9	295.707555816994	295.651299566127
12.95	295.707213024596	295.651129510694
13	295.706871326022	295.650959927606
13.05	295.706530717065	295.650790815321
13.1	295.706191193536	295.650622172307
13.15	295.705852751268	295.650453997039
13.2	295.705515386113	295.650286287993
13.25	295.705179093943	295.650119043654
13.3	295.704843870652	295.64995226251
13.35	295.70450971215	295.649785943058
13.4	295.704176614371	295.649620083796
13.45	295.703844573266	295.649454683232
13.5	295.703513584805	295.649289739876
13.55	295.70318364498	295.649125252247
13.6	295.7028547498	295.648961218863
13.65	295.702526895292	295.648797638254
13.7	295.702200077505	295.648634508953
13.75	295.701874292505	295.648471829497
13.8	295.701549536377	295.64830959843
13.85	295.701225805224	295.6481478143
13.9	295.700903095169	295.647986475661
13.95	295.70058140235	295.647825581073
14	295.700260722928	295.647665129098
14.05	295.699941053078	295.647505118308
14.1	295.699622388994	295.647345547278
14.15	295.69930472689	295.647186414585
14.2	295.698988062994	295.647027718816
14.25	295.698672393556	295.64686945856
14.3	295.698357714839	295.646711632413
14.35	295.698044023127	295.646554238974
14.4	295.69773131472	295.646397276848
14.45	295.697419585934	295.646240744646
14.5	295.697108833104	295.646084640983
14.55	295.69679905258	295.645928964479
14.6	295.696490240731	295.645773713758
14.65	295.696182393941	295.64561888745
14.7	295.695875508612	295.645464484192
14.75	295.695569581162	295.645310502621
14.8	295.695264608024	295.645156941383
14.85	295.69496058565	295.645003799126
14.9	295.694657510507	295.644851074507
14.95	295.694355379078	295.644698766182
15	295.694054187861	295.644546872816
15.05	295.693753933372	295.644395393079
15.1	295.693454612141	295.644244325642
15.15	295.693156220716	295.644093669184
15.2	295.692858755659	295.643943422387
15.25	295.692562213547	295.643793583938
15.3	295.692266590974	295.64364415253
15.35	295.691971884549	295.643495126861
15.4	295.691678090896	295.643346505629
15.45	295.691385206653	295.643198287543
15.5	295.691093228475	295.643050471311
15.55	295.690802153032	295.642903055651
15.6	295.690511977008	295.642756039279
15.65	295.690222697101	295.642609420921
15.7	295.689934310026	295.642463199305
15.75	295.689646812511	295.642317373165
15.8	295.689360201299	295.642171941238
15.85	295.689074473147	295.642026902266
15.9	295.688789624827	295.641882254996
15.95	295.688505653127	295.641737998178
16	295.688222554845	295.641594130568
16.05	295.687940326797	295.641450650925
16.1	295.687658965811	295.641307558013
16.15	295.687378468731	295.6411648506
16.2	295.687098832412	295.641022527459
16.25	295.686820053724	295.640880587368
16.3	295.686542129553	295.640739029106
16.35	295.686265056796	295.640597851461
16.4	295.685988832364	295.640457053222
16.45	295.685713453182	295.640316633183
16.5	295.685438916189	295.640176590141
16.55	295.685165218335	295.6400369229
16.6	295.684892356587	295.639897630266
16.65	295.684620327921	295.639758711049
16.7	295.68434912933	295.639620164067
16.75	295.684078757818	295.639481988136
16.8	295.683809210402	295.639344182081
16.85	295.683540484112	295.639206744727
16.9	295.683272575992	295.639069674908
16.95	295.683005483096	295.638932971458
17	295.682739202494	295.638796633218
17.05	295.682473731267	295.638660659029
17.1	295.682209066508	295.638525047741
17.15	295.681945205324	295.638389798205
17.2	295.681682144833	295.638254909276
17.25	295.681419882165	295.638120379814
17.3	295.681158414465	295.637986208681
17.35	295.680897738887	295.637852394747
17.4	295.680637852599	295.637718936883
17.45	295.680378752781	295.637585833963
17.5	295.680120436624	295.637453084867
17.55	295.679862901332	295.637320688478
17.6	295.679606144119	295.637188643683
17.65	295.679350162214	295.637056949372
17.7	295.679094952855	295.636925604441
17.75	295.678840513293	295.636794607787
17.8	295.67858684079	295.636663958313
17.85	295.67833393262	295.636533654926
17.9	295.678081786068	295.636403696534
17.95	295.677830398431	295.636274082051
18	295.677579767017	295.636144810396
18.05	295.677329889146	295.636015880488
18.1	295.677080762147	295.635887291254
18.15	295.676832383363	295.63575904162
18.2	295.676584750147	295.635631130519
18.25	295.676337859863	295.635503556887
18.3	295.676091709886	295.635376319664
18.35	295.675846297601	295.635249417792
18.4	295.675601620406	295.635122850219
18.45	295.675357675709	295.634996615894
18.5	295.675114460927	295.634870713772
18.55	295.674871973491	295.634745142811
18.6	295.67463021084	295.634619901971
18.65	295.674389170424	295.634494990217
18.7	295.674148849704	295.634370406517
18.75	295.673909246153	295.634246149844
18.8	295.673670357251	295.634122219172
18.85	295.673432180492	295.633998613481
18.9	295.673194713377	295.633875331752
18.95	295.672957953421	295.633752372971
19	295.672721898146	295.633629736127
19.05	295.672486545085	295.633507420213
19.1	295.672251891782	295.633385424226
19.15	295.672017935791	295.633263747165
19.2	295.671784674674	295.633142388032
19.25	295.671552106007	295.633021345833
19.3	295.671320227371	295.63290061958
19.35	295.671089036361	295.632780208285
19.4	295.670858530579	295.632660110964
19.45	295.670628707638	295.632540326637
19.5	295.670399565162	295.632420854327
19.55	295.670171100781	295.632301693061
19.6	295.669943312139	295.632182841868
19.65	295.669716196886	295.632064299782
19.7	295.669489752683	295.631946065838
19.75	295.669263977201	295.631828139076
19.8	295.66903886812	295.63171051854
19.85	295.668814423128	295.631593203275
19.9	295.668590639925	295.631476192331
19.95	295.668367516218	295.63135948476
20	295.668145049724	295.631243079618
20.05	295.667923238169	295.631126975964
20.1	295.66770207929	295.631011172859
20.15	295.667481570829	295.630895669369
20.2	295.667261710541	295.630780464564
20.25	295.667042496188	295.630665557514
20.3	295.666823925542	295.630550947294
20.35	295.666605996383	295.630436632982
20.4	295.6663887065	295.630322613659
20.45	295.666172053691	295.63020888841
20.5	295.665956035764	295.630095456319
20.55	295.665740650533	295.62998231648
20.6	295.665525895823	295.629869467984
20.65	295.665311769467	295.629756909928
20.7	295.665098269307	295.629644641412
20.75	295.664885393192	295.629532661538
20.8	295.664673138981	295.629420969412
20.85	295.664461504542	295.62930956414
20.9	295.66425048775	295.629198444836
20.95	295.664040086488	295.629087610614
21	295.66383029865	295.628977060591
21.05	295.663621122135	295.628866793887
21.1	295.663412554854	295.628756809627
21.15	295.663204594722	295.628647106934
21.2	295.662997239665	295.628537684941
21.25	295.662790487617	295.628428542778
21.3	295.66258433652	295.62831967958
21.35	295.662378784322	295.628211094485
21.4	295.662173828983	295.628102786634
21.45	295.661969468467	295.627994755171
21.5	295.661765700749	295.627886999243
21.55	295.661562523809	295.627779517998
21.6	295.661359935639	295.62767231059
21.65	295.661157934234	295.627565376171
21.7	295.6609565176	295.627458713903
21.75	295.660755683751	295.627352322943
21.8	295.660555430707	295.627246202457
21.85	295.660355756496	295.627140351609
21.9	295.660156659154	295.627034769571
21.95	295.659958136725	295.626929455513
22	295.659760187261	295.626824408609
22.05	295.659562808821	295.626719628038
22.1	295.65936599947	295.626615112979
22.15	295.659169757283	295.626510862615
22.2	295.658974080341	295.626406876132
22.25	295.658778966732	295.626303152718
22.3	295.658584414554	295.626199691564
22.35	295.658390421909	295.626096491863
22.4	295.658196986908	295.625993552813
22.45	295.658004107669	295.625890873611
22.5	295.657811782318	295.625788453459
22.55	295.657620008987	295.625686291562
22.6	295.657428785815	295.625584387127
22.65	295.657238110951	295.625482739363
22.7	295.657047982547	295.625381347483
22.75	295.656858398765	295.6252802107
22.8	295.656669357772	295.625179328234
22.85	295.656480857744	295.625078699303
22.9	295.656292896864	295.624978323131
22.95	295.656105473319	295.624878198941
23	295.655918585306	295.624778325963
23.05	295.655732231028	295.624678703427
23.1	295.655546408694	295.624579330564
23.15	295.655361116521	295.624480206611
23.2	295.655176352732	295.624381330804
23.25	295.654992115558	295.624282702386
23.3	295.654808403234	295.624184320599
23.35	295.654625214005	295.624086184687
23.4	295.654442546121	295.6239882939
23.45	295.654260397838	295.623890647487
23.5	295.65407876742	295.623793244701
23.55	295.653897653136	295.623696084797
23.6	295.653717053264	295.623599167034
23.65	295.653536966086	295.623502490671
23.7	295.653357389892	295.623406054971
23.75	295.653178322977	295.623309859199
23.8	295.652999763644	295.623213902623
23.85	295.652821710203	295.623118184513
23.9	295.652644160967	295.62302270414
23.95	295.652467114259	295.62292746078
24	295.652290568406	295.622832453709
24.05	295.652114521743	295.622737682207
24.1	295.65193897261	295.622643145556
24.15	295.651763919353	295.622548843041
24.2	295.651589360325	295.622454773946
24.25	295.651415293885	295.622360937562
24.3	295.651241718399	295.62226733318
24.35	295.651068632237	295.622173960093
24.4	295.650896033777	295.622080817597
24.45	295.650723921402	295.62198790499
24.5	295.650552293501	295.621895221573
24.55	295.650381148471	295.621802766648
24.6	295.650210484712	295.62171053952
24.65	295.650040300631	295.621618539497
24.7	295.649870594643	295.621526765888
24.75	295.649701365166	295.621435218005
24.8	295.649532610625	295.621343895162
24.85	295.649364329452	295.621252796676
24.9	295.649196520083	295.621161921865
24.95	295.64902918096	295.621071270049
25	295.648862310532	295.620980840553
25.05	295.648695907254	295.620890632699
25.1	295.648529969584	295.620800645817
25.15	295.648364495988	295.620710879235
25.2	295.648199484938	295.620621332287
25.25	295.64803493491	295.620532004305
25.3	295.647870844387	295.620442894626
25.35	295.647707211857	295.620354002589
25.4	295.647544035814	295.620265327533
25.45	295.647381314756	295.620176868801
25.5	295.647219047189	295.620088625738
25.55	295.647057231622	295.620000597691
25.6	295.646895866572	295.619912784008
25.65	295.64673495056	295.619825184041
25.7	295.646574482111	295.619737797144
25.75	295.646414459759	295.619650622672
25.8	295.64625488204	295.619563659981
25.85	295.646095747498	295.619476908432
25.9	295.64593705468	295.619390367386
25.95	295.64577880214	295.619304036206
26	295.645620988436	295.619217914259
26.05	295.645463612133	295.619132000913
26.1	295.6453066718	295.619046295537
26.15	295.645150166011	295.618960797502
26.2	295.644994093346	295.618875506184
26.25	295.644838452389	295.618790420959
26.3	295.644683241732	295.618705541203
26.35	295.644528459968	295.618620866296
26.4	295.644374105699	295.618536395622
26.45	295.644220177529	295.618452128563
26.5	295.644066674068	295.618368064507
26.55	295.643913593934	295.618284202839
26.6	295.643760935745	295.618200542953
26.65	295.643608698128	295.618117084238
26.7	295.643456879713	295.618033826089
26.75	295.643305479135	295.617950767902
26.8	295.643154495035	295.617867909075
26.85	295.643003926058	295.617785249007
26.9	295.642853770855	295.617702787099
26.95	295.64270402808	295.617620522757
27	295.642554696394	295.617538455384
27.05	295.642405774461	295.617456584389
27.1	295.642257260951	295.617374909182
27.15	295.642109154538	295.617293429173
27.2	295.641961453903	295.617212143776
27.25	295.641814157728	295.617131052404
27.3	295.641667264702	295.617050154478
27.35	295.64152077352	295.616969449413
27.4	295.641374682878	295.616888936632
27.45	295.641228991481	295.616808615556
27.5	295.641083698034	295.616728485612
27.55	295.640938801252	295.616648546224
27.6	295.64079429985	295.616568796821
27.65	295.640650192549	295.616489236832
27.7	295.640506478076	295.616409865691
27.75	295.640363155162	295.61633068283
27.8	295.64022022254	295.616251687684
27.85	295.640077678952	295.616172879692
27.9	295.63993552314	295.616094258292
27.95	295.639793753855	295.616015822924
28	295.639652369847	295.615937573033
28.05	295.639511369876	295.615859508063
28.1	295.639370752704	295.615781627458
28.15	295.639230517095	295.615703930669
28.2	295.639090661823	295.615626417143
28.25	295.63895118566	295.615549086334
28.3	295.638812087388	295.615471937695
28.35	295.63867336579	295.61539497068
28.4	295.638535019654	295.615318184746
28.45	295.638397047772	295.615241579352
28.5	295.638259448942	295.615165153959
28.55	295.638122221964	295.615088908028
28.6	295.637985365645	295.615012841023
28.65	295.637848878793	295.614936952409
28.7	295.637712760222	295.614861241654
28.75	295.63757700875	295.614785708227
28.8	295.6374416232	295.614710351598
28.85	295.637306602397	295.61463517124
28.9	295.637171945173	295.614560166626
28.95	295.637037650362	295.614485337232
29	295.636903716802	295.614410682537
29.05	295.636770143338	295.614336202017
29.1	295.636636928815	295.614261895155
29.15	295.636504072084	295.614187761432
29.2	295.636371572001	295.614113800333
29.25	295.636239427425	295.614040011344
29.3	295.636107637219	295.61396639395
29.35	295.635976200251	295.613892947642
29.4	295.63584511539	295.61381967191
29.45	295.635714381514	295.613746566246
29.5	295.635583997499	295.613673630144
29.55	295.63545396223	295.613600863099
29.6	295.635324274594	295.613528264609
29.65	295.635194933481	295.613455834171
29.7	295.635065937786	295.613383571286
29.75	295.634937286408	295.613311475456
29.8	295.634808978249	295.613239546184
29.85	295.634681012216	295.613167782976
29.9	295.634553387218	295.613096185337
29.95	295.63442610217	295.613024752777
30	295.63429915599	295.612953484804
30.05	295.634172547598	295.612882380929
30.1	295.634046275921	295.612811440666
30.15	295.633920339888	295.612740663529
30.2	295.633794738431	295.612670049033
30.25	295.633669470487	295.612599596697
30.3	295.633544534996	295.612529306038
30.35	295.633419930902	295.612459176578
30.4	295.633295657153	295.612389207839
30.45	295.633171712701	295.612319399345
30.5	295.633048096499	295.612249750618
30.55	295.632924807507	295.612180261188
30.6	295.632801844687	295.612110930582
30.65	295.632679207006	295.612041758329
30.7	295.632556893431	295.61197274396
30.75	295.632434902937	295.611903887007
30.8	295.6323132345	295.611835187006
30.85	295.6321918871	295.61176664349
30.9	295.632070859721	295.611698255997
30.95	295.631950151349	295.611630024066
31	295.631829760977	295.611561947237
31.05	295.631709687598	295.61149402505
31.1	295.631589930209	295.611426257049
31.15	295.631470487812	295.611358642777
31.2	295.631351359412	295.611291181781
31.25	295.631232544016	295.611223873607
31.3	295.631114040637	295.611156717804
31.35	295.630995848289	295.611089713922
31.4	295.63087796599	295.611022861513
31.45	295.630760392762	295.610956160128
31.5	295.63064312763	295.610889609323
31.55	295.630526169623	295.610823208653
31.6	295.630409517773	295.610756957675
31.65	295.630293171114	295.610690855947
31.7	295.630177128686	295.61062490303
31.75	295.630061389529	295.610559098483
31.8	295.62994595269	295.610493441871
31.85	295.629830817216	295.610427932756
31.9	295.629715982159	295.610362570706
31.95	295.629601446574	295.610297355285
32	295.629487209519	295.610232286062
32.05	295.629373270056	295.610167362607
32.1	295.629259627248	295.610102584489
32.15	295.629146280165	295.610037951283
32.2	295.629033227877	295.609973462561
32.25	295.628920469458	295.609909117897
32.3	295.628808003985	295.609844916868
32.35	295.62869583054	295.609780859052
32.4	295.628583948205	295.609716944028
32.45	295.628472356068	295.609653171374
32.5	295.628361053219	295.609589540674
32.55	295.62825003875	295.609526051509
32.6	295.628139311759	295.609462703465
32.65	295.628028871343	295.609399496126
32.7	295.627918716606	295.609336429078
32.75	295.627808846653	295.609273501911
32.8	295.627699260592	295.609210714214
32.85	295.627589957535	295.609148065576
32.9	295.627480936596	295.609085555591
32.95	295.627372196893	295.609023183851
33	295.627263737547	295.60896094995
33.05	295.62715555768	295.608898853484
33.1	295.627047656421	295.60883689405
33.15	295.626940032897	295.608775071246
33.2	295.626832686241	295.608713384673
33.25	295.62672561559	295.608651833931
33.3	295.626618820081	295.608590418622
33.35	295.626512298856	295.608529138348
33.4	295.626406051058	295.608467992716
33.45	295.626300075835	295.60840698133
33.5	295.626194372337	295.608346103797
33.55	295.626088939717	295.608285359725
33.6	295.625983777131	295.608224748725
33.65	295.625878883737	295.608164270407
33.7	295.625774258696	295.608103924382
33.75	295.625669901174	295.608043710264
33.8	295.625565810336	295.607983627667
33.85	295.625461985354	295.607923676206
33.9	295.6253584254	295.607863855498
33.95	295.625255129649	295.607804165162
34	295.62515209728	295.607744604816
34.05	295.625049327474	295.607685174081
34.1	295.624946819414	295.607625872578
34.15	295.624844572289	295.607566699929
34.2	295.624742585286	295.60750765576
34.25	295.624640857598	295.607448739694
34.3	295.624539388421	295.607389951358
34.35	295.624438176951	295.60733129038
34.4	295.624337222388	295.607272756387
34.45	295.624236523937	295.60721434901
34.5	295.624136080802	295.607156067879
34.55	295.624035892192	295.607097912627
34.6	295.623935957318	295.607039882886
34.65	295.623836275393	295.60698197829
34.7	295.623736845634	295.606924198476
34.75	295.62363766726	295.60686654308
34.8	295.623538739492	295.606809011739
34.85	295.623440061554	295.606751604093
34.9	295.623341632674	295.606694319781
34.95	295.62324345208	295.606637158445
35	295.623145519006	295.606580119726
35.05	295.623047832684	295.606523203268
35.1	295.622950392353	295.606466408715
35.15	295.622853197251	295.606409735713
35.2	295.622756246622	295.606353183909
35.25	295.62265953971	295.606296752949
35.3	295.622563075761	295.606240442484
35.35	295.622466854027	295.606184252163
35.4	295.62237087376	295.606128181637
35.45	295.622275134213	295.606072230558
35.5	295.622179634645	295.606016398579
35.55	295.622084374315	295.605960685355
35.6	295.621989352486	295.605905090541
35.65	295.621894568422	295.605849613793
35.7	295.62180002139	295.605794254769
35.75	295.62170571066	295.605739013127
35.8	295.621611635505	295.605683888527
35.85	295.621517795198	295.605628880629
35.9	295.621424189016	295.605573989095
35.95	295.62133081624	295.605519213589
36	295.62123767615	295.605464553773
36.05	295.621144768031	295.605410009313
36.1	295.621052091169	295.605355579874
36.15	295.620959644853	295.605301265124
36.2	295.620867428374	295.60524706473
36.25	295.620775441026	295.605192978361
36.3	295.620683682106	295.605139005688
36.35	295.62059215091	295.605085146381
36.4	295.62050084674	295.605031400113
36.45	295.620409768899	295.604977766556
36.5	295.620318916692	295.604924245385
36.55	295.620228289426	295.604870836274
36.6	295.620137886412	295.6048175389
36.65	295.620047706961	295.60476435294
36.7	295.619957750389	295.604711278072
36.75	295.619868016011	295.604658313975
36.8	295.619778503147	295.604605460328
36.85	295.619689211118	295.604552716814
36.9	295.619600139247	295.604500083115
36.95	295.61951128686	295.604447558913
37	295.619422653285	295.604395143893
37.05	295.619334237853	295.604342837739
37.1	295.619246039895	295.604290640136
37.15	295.619158058747	295.604238550774
37.2	295.619070293744	295.604186569339
37.25	295.618982744227	295.60413469552
37.3	295.618895409536	295.604082929006
37.35	295.618808289014	295.604031269489
37.4	295.618721382007	295.603979716661
37.45	295.618634687863	295.603928270214
37.5	295.618548205932	295.603876929842
37.55	295.618461935565	295.60382569524
37.6	295.618375876117	295.603774566101
37.65	295.618290026944	295.603723542125
37.7	295.618204387403	295.603672623008
37.75	295.618118956857	295.603621808448
37.8	295.618033734667	295.603571098145
37.85	295.617948720198	295.603520491799
37.9	295.617863912816	295.60346998911
37.95	295.617779311891	295.603419589782
38	295.617694916794	295.603369293516
38.05	295.617610726897	295.603319100017
38.1	295.617526741576	295.60326900899
38.15	295.617442960207	295.603219020139
38.2	295.61735938217	295.603169133173
38.25	295.617276006846	295.603119347798
38.3	295.617192833618	295.603069663723
38.35	295.617109861872	295.603020080658
38.4	295.617027090995	295.602970598311
38.45	295.616944520375	295.602921216396
38.5	295.616862149405	295.602871934623
38.55	295.616779977478	295.602822752705
38.6	295.616698003988	295.602773670357
38.65	295.616616228333	295.602724687292
38.7	295.616534649913	295.602675803227
38.75	295.616453268128	295.602627017877
38.8	295.616372082382	295.602578330961
38.85	295.616291092079	295.602529742195
38.9	295.616210296627	295.6024812513
38.95	295.616129695435	295.602432857995
39	295.616049287914	295.602384562001
39.05	295.615969073476	295.602336363038
39.1	295.615889051536	295.602288260831
39.15	295.615809221512	295.602240255102
39.2	295.61572958282	295.602192345575
39.25	295.615650134883	295.602144531975
39.3	295.615570877122	295.602096814027
39.35	295.615491808962	295.60204919146
39.4	295.615412929828	295.602001664
39.45	295.615334239149	295.601954231375
39.5	295.615255736354	295.601906893316
39.55	295.615177420876	295.60185964955
39.6	295.615099292148	295.601812499811
39.65	295.615021349604	295.601765443829
39.7	295.614943592684	295.601718481336
39.75	295.614866020825	295.601671612066
39.8	295.614788633468	295.601624835754
39.85	295.614711430057	295.601578152134
39.9	295.614634410035	295.601531560942
39.95	295.614557572849	295.601485061914
40	295.614480917948	295.601438654788
40.05	295.614404444781	295.601392339302
40.1	295.6143281528	295.601346115195
40.15	295.614252041458	295.601299982206
40.2	295.614176110211	295.601253940077
40.25	295.614100358515	295.601207988548
40.3	295.61402478583	295.601162127363
40.35	295.613949391617	295.601116356263
40.4	295.613874175336	295.601070674992
40.45	295.613799136453	295.601025083296
40.5	295.613724274434	295.600979580918
40.55	295.613649588745	295.600934167606
40.6	295.613575078857	295.600888843106
40.65	295.613500744239	295.600843607165
40.7	295.613426584365	295.600798459534
40.75	295.613352598709	295.600753399959
40.8	295.613278786747	295.600708428192
40.85	295.613205147958	295.600663543983
40.9	295.613131681819	295.600618747083
40.95	295.613058387814	295.600574037244
41	295.612985265423	295.600529414221
41.05	295.612912314133	295.600484877765
41.1	295.612839533429	295.600440427632
41.15	295.612766922799	295.600396063577
41.2	295.612694481732	295.600351785357
41.25	295.61262220972	295.600307592727
41.3	295.612550106255	295.600263485446
41.35	295.612478170832	295.60021946327
41.4	295.612406402946	295.60017552596
41.45	295.612334802096	295.600131673274
41.5	295.612263367781	295.600087904974
41.55	295.612192099501	295.600044220821
41.6	295.61212099676	295.600000620576
41.65	295.612050059061	295.599957104002
41.7	295.61197928591	295.599913670861
41.75	295.611908676814	295.59987032092
41.8	295.611838231282	295.599827053941
41.85	295.611767948825	295.59978386969
41.9	295.611697828954	295.599740767935
41.95	295.611627871184	295.599697748442
42	295.611558075029	295.599654810976
42.05	295.611488440007	295.599611955308
42.1	295.611418965635	295.599569181207
42.15	295.611349651433	295.599526488441
42.2	295.611280496923	295.599483876782
42.25	295.611211501627	295.599441346001
42.3	295.61114266507	295.59939889587
42.35	295.611073986779	295.599356526161
42.4	295.61100546628	295.599314236647
42.45	295.610937103102	295.599272027101
42.5	295.610868896777	295.599229897299
42.55	295.610800846835	295.599187847016
42.6	295.610732952811	295.599145876029
42.65	295.61066521424	295.599103984112
42.7	295.610597630658	295.599062171043
42.75	295.610530201603	295.599020436602
42.8	295.610462926614	295.598978780566
42.85	295.610395805233	295.598937202715
42.9	295.610328837002	295.598895702828
42.95	295.610262021465	295.598854280687
43	295.610195358167	295.598812936071
43.05	295.610128846655	295.598771668766
43.1	295.610062486477	295.598730478551
43.15	295.609996277183	295.598689365211
43.2	295.609930218325	295.598648328529
43.25	295.609864309453	295.59860736829
43.3	295.609798550123	295.59856648428
43.35	295.609732939891	295.598525676285
43.4	295.609667478312	295.59848494409
43.45	295.609602164945	295.598444287483
43.5	295.60953699935	295.598403706251
43.55	295.609471981088	295.598363200185
43.6	295.609407109721	295.598322769072
43.65	295.609342384814	295.598282412702
43.7	295.60927780593	295.598242130866
43.75	295.609213372638	295.598201923356
43.8	295.609149084505	295.598161789962
43.85	295.609084941101	295.598121730477
43.9	295.609020941995	295.598081744693
43.95	295.608957086761	295.598041832405
44	295.608893374972	295.598001993406
44.05	295.608829806203	295.597962227492
44.1	295.60876638003	295.597922534458
44.15	295.60870309603	295.5978829141
44.2	295.608639953783	295.597843366214
44.25	295.608576952868	295.597803890598
44.3	295.608514092867	295.59776448705
44.35	295.608451373364	295.597725155368
44.4	295.608388793942	295.597685895352
44.45	295.608326354187	295.597646706802
44.5	295.608264053686	295.597607589517
44.55	295.608201892027	295.597568543298
44.6	295.608139868799	295.597529567947
44.65	295.608077983594	295.597490663266
44.7	295.608016236003	295.597451829058
44.75	295.60795462562	295.597413065127
44.8	295.607893152039	295.597374371275
44.85	295.607831814856	295.597335747308
44.9	295.60777061367	295.597297193031
44.95	295.607709548077	295.597258708249
45	295.607648617679	295.59722029277
45.05	295.607587822075	295.597181946399
45.1	295.607527160869	295.597143668944
45.15	295.607466633663	295.597105460213
45.2	295.607406240064	295.597067320014
45.25	295.607345979676	295.597029248158
45.3	295.607285852108	295.596991244454
45.35	295.607225856967	295.596953308711
45.4	295.607165993864	295.596915440741
45.45	295.60710626241	295.596877640357
45.5	295.607046662217	295.596839907367
45.55	295.606987192898	295.596802241588
45.6	295.606927854068	295.59676464283
45.65	295.606868645343	295.596727110909
45.7	295.606809566341	295.596689645638
45.75	295.60675061668	295.596652246832
45.8	295.606691795978	295.596614914306
45.85	295.606633103858	295.596577647878
45.9	295.606574539941	295.596540447362
45.95	295.60651610385	295.596503312576
46	295.60645779521	295.596466243338
46.05	295.606399613645	295.596429239466
46.1	295.606341558784	295.596392300779
46.15	295.606283630253	295.596355427096
46.2	295.606225827682	295.596318618236
46.25	295.606168150701	295.59628187402
46.3	295.606110598942	295.59624519427
46.35	295.606053172036	295.596208578806
46.4	295.605995869619	295.596172027451
46.45	295.605938691324	295.596135540027
46.5	295.605881636788	295.596099116357
46.55	295.605824705647	295.596062756264
46.6	295.605767897541	295.596026459572
46.65	295.605711212109	295.595990226107
46.7	295.605654648991	295.595954055693
46.75	295.605598207828	295.595917948157
46.8	295.605541888265	295.595881903323
46.85	295.605485689944	295.595845921021
46.9	295.605429612512	295.595810001075
46.95	295.605373655613	295.595774143315
47	295.605317818896	295.595738347567
47.05	295.605262102009	295.595702613662
47.1	295.605206504601	295.595666941428
47.15	295.605151026323	295.595631330696
47.2	295.605095666827	295.595595781296
47.25	295.605040425766	295.595560293057
47.3	295.604985302793	295.595524865813
47.35	295.604930297563	295.595489499394
47.4	295.604875409734	295.595454193634
47.45	295.604820638961	295.595418948364
47.5	295.604765984903	295.595383763417
47.55	295.604711447219	295.59534863863
47.6	295.60465702557	295.595313573835
47.65	295.604602719617	295.595278568868
47.7	295.604548529023	295.595243623563
47.75	295.604494453451	295.595208737756
47.8	295.604440492566	295.595173911285
47.85	295.604386646033	295.595139143985
47.9	295.604332913519	295.595104435694
47.95	295.604279294693	295.595069786251
48	295.604225789222	295.595035195492
48.05	295.604172396777	295.595000663257
48.1	295.604119117028	295.594966189385
48.15	295.604065949648	295.594931773716
48.2	295.604012894308	295.59489741609
48.25	295.603959950684	295.594863116348
48.3	295.60390711845	295.594828874331
48.35	295.603854397283	295.594794689881
48.4	295.603801786858	295.594760562839
48.45	295.603749286855	295.594726493049
48.5	295.603696896951	295.594692480353
48.55	295.603644616828	295.594658524595
48.6	295.603592446166	295.594624625618
48.65	295.603540384647	295.594590783269
48.7	295.603488431954	295.59455699739
48.75	295.603436587772	295.594523267828
48.8	295.603384851784	295.594489594429
48.85	295.603333223678	295.594455977038
48.9	295.603281703139	295.594422415503
48.95	295.603230289857	295.59438890967
49	295.603178983519	295.594355459389
49.05	295.603127783816	295.594322064506
49.1	295.603076690438	295.59428872487
49.15	295.603025703078	295.594255440331
49.2	295.602974821427	295.594222210738
49.25	295.602924045181	295.59418903594
49.3	295.602873374032	295.594155915788
49.35	295.602822807678	295.594122850134
49.4	295.602772345814	295.594089838828
49.45	295.602721988138	295.594056881721
49.5	295.602671734348	295.594023978666
49.55	295.602621584144	295.593991129517
49.6	295.602571537227	295.593958334125
49.65	295.602521593297	295.593925592345
49.7	295.602471752056	295.593892904029
49.75	295.602422013208	295.593860269034
49.8	295.602372376456	295.593827687212
49.85	295.602322841506	295.593795158421
49.9	295.602273408064	295.593762682515
49.95	295.602224075836	295.59373025935
50	295.60217484453	295.593697888783
50.05	295.602125713854	295.593665570671
50.1	295.602076683518	295.59363330487
50.15	295.602027753233	295.593601091239
50.2	295.601978922709	295.593568929637
50.25	295.601930191659	295.593536819923
50.3	295.601881559796	295.593504761953
50.35	295.601833026834	295.593472755589
50.4	295.601784592488	295.59344080069
50.45	295.601736256474	295.593408897117
50.5	295.601688018507	295.59337704473
50.55	295.601639878306	295.593345243389
50.6	295.60159183559	295.593313492959
50.65	295.601543890076	295.593281793299
50.7	295.601496041486	295.593250144273
50.75	295.601448289541	295.593218545743
50.8	295.601400633962	295.593186997572
50.85	295.601353074471	295.593155499623
50.9	295.601305610794	295.593124051763
50.95	295.601258242653	295.593092653853
51	295.601210969774	295.593061305759
51.05	295.601163791884	295.593030007347
51.1	295.60111670871	295.592998758482
51.15	295.601069719978	295.592967559029
51.2	295.601022825419	295.592936408855
51.25	295.600976024761	295.592905307829
51.3	295.600929317734	295.592874255815
51.35	295.600882704071	295.592843252683
51.4	295.600836183502	295.592812298299
51.45	295.600789755761	295.592781392532
51.5	295.600743420582	295.592750535252
51.55	295.600697177698	295.592719726327
51.6	295.600651026846	295.592688965627
51.65	295.600604967761	295.592658253022
51.7	295.60055900018	295.592627588381
51.75	295.600513123841	295.592596971577
51.8	295.600467338483	295.592566402479
51.85	295.600421643844	295.59253588096
51.9	295.600376039666	295.59250540689
51.95	295.600330525688	295.592474980144
52	295.600285101654	295.592444600592
52.05	295.600239767305	295.592414268108
52.1	295.600194522384	295.592383982566
52.15	295.600149366637	295.592353743838
52.2	295.600104299807	295.5923235518
52.25	295.60005932164	295.592293406326
52.3	295.600014431884	295.592263307289
52.35	295.599969630285	295.592233254568
52.4	295.599924916592	295.592203248035
52.45	295.599880290552	295.592173287568
52.5	295.599835751917	295.592143373042
52.55	295.599791300436	295.592113504335
52.6	295.59974693586	295.592083681322
52.65	295.599702657941	295.592053903883
52.7	295.599658466432	295.592024171895
52.75	295.599614361087	295.591994485235
52.8	295.599570341659	295.591964843782
52.85	295.599526407904	295.591935247416
52.9	295.599482559577	295.591905696015
52.95	295.599438796435	295.591876189459
53	295.599395118235	295.591846727628
53.05	295.599351524735	295.591817310402
53.1	295.599308015693	295.591787937662
53.15	295.599264590869	295.591758609288
53.2	295.599221250024	295.591729325163
53.25	295.599177992918	295.591700085168
53.3	295.599134819312	295.591670889185
53.35	295.59909172897	295.591641737096
53.4	295.599048721653	295.591612628785
53.45	295.599005797127	295.591583564133
53.5	295.598962955156	295.591554543025
53.55	295.598920195505	295.591525565345
53.6	295.598877517939	295.591496630976
53.65	295.598834922226	295.591467739803
53.7	295.598792408134	295.591438891711
53.75	295.598749975429	295.591410086584
53.8	295.598707623882	295.591381324309
53.85	295.598665353261	295.591352604771
53.9	295.598623163337	295.591323927856
53.95	295.598581053882	295.591295293452
54	295.598539024666	295.591266701444
54.05	295.598497075461	295.59123815172
54.1	295.598455206042	295.591209644168
54.15	295.598413416182	295.591181178674
54.2	295.598371705655	295.591152755128
54.25	295.598330074237	295.591124373418
54.3	295.598288521703	295.591096033433
54.35	295.59824704783	295.591067735061
54.4	295.598205652395	295.591039478193
54.45	295.598164335176	295.591011262718
54.5	295.598123095951	295.590983088526
54.55	295.5980819345	295.590954955508
54.6	295.598040850603	295.590926863553
54.65	295.59799984404	295.590898812554
54.7	295.597958914593	295.590870802403
54.75	295.597918062043	295.59084283299
54.8	295.597877286173	295.590814904207
54.85	295.597836586767	295.590787015947
54.9	295.597795963608	295.590759168103
54.95	295.59775541648	295.590731360568
55	295.59771494517	295.590703593235
55.05	295.597674549463	295.590675865997
55.1	295.597634229146	295.590648178749
55.15	295.597593984005	295.590620531385
55.2	295.597553813829	295.590592923799
55.25	295.597513718407	295.590565355886
55.3	295.597473697526	295.590537827542
55.35	295.597433750978	295.590510338661
55.4	295.597393878552	295.59048288914
55.45	295.59735408004	295.590455478876
55.5	295.597314355233	295.590428107763
55.55	295.597274703924	295.590400775699
55.6	295.597235125905	295.59037348258
55.65	295.597195620971	295.590346228306
55.7	295.597156188915	295.590319012771
55.75	295.597116829533	295.590291835876
55.8	295.597077542619	295.590264697517
55.85	295.597038327971	295.590237597594
55.9	295.596999185384	295.590210536006
55.95	295.596960114656	295.590183512651
56	295.596921115585	295.590156527428
56.05	295.59688218797	295.590129580237
56.1	295.596843331609	295.59010267098
56.15	295.596804546303	295.590075799554
56.2	295.596765831852	295.590048965862
56.25	295.596727188057	295.590022169805
56.3	295.59668861472	295.589995411282
56.35	295.596650111643	295.589968690197
56.4	295.596611678628	295.58994200645
56.45	295.59657331548	295.589915359943
56.5	295.596535022002	295.58988875058
56.55	295.596496797998	295.589862178262
56.6	295.596458643275	295.589835642892
56.65	295.596420557637	295.589809144373
56.7	295.596382540892	295.58978268261
56.75	295.596344592846	295.589756257506
56.8	295.596306713306	295.589729868964
56.85	295.596268902082	295.589703516888
56.9	295.596231158981	295.589677201184
56.95	295.596193483814	295.589650921758
57	295.596155876389	295.589624678512
57.05	295.596118336518	295.589598471353
57.1	295.596080864011	295.589572300187
57.15	295.59604345868	295.58954616492
57.2	295.596006120338	295.589520065457
57.25	295.595968848797	295.589494001706
57.3	295.59593164387	295.589467973573
57.35	295.595894505371	295.589441980965
57.4	295.595857433115	295.589416023789
57.45	295.595820426917	295.589390101954
57.5	295.595783486592	295.589364215367
57.55	295.595746611956	295.589338363937
57.6	295.595709802827	295.58931254757
57.65	295.595673059021	295.589286766176
57.7	295.595636380357	295.589261019665
57.75	295.595599766652	295.589235307946
57.8	295.595563217726	295.589209630927
57.85	295.595526733397	295.589183988519
57.9	295.595490313487	295.58915838063
57.95	295.595453957815	295.589132807173
58	295.595417666203	295.589107268058
58.05	295.595381438472	295.589081763194
58.1	295.595345274445	295.589056292494
58.15	295.595309173944	295.589030855868
58.2	295.595273136792	295.589005453228
58.25	295.595237162813	295.588980084486
58.3	295.595201251832	295.588954749555
58.35	295.595165403674	295.588929448345
58.4	295.595129618163	295.58890418077
58.45	295.595093895125	295.588878946743
58.5	295.595058234388	295.588853746177
58.55	295.595022635778	295.588828578986
58.6	295.594987099123	295.588803445081
58.65	295.594951624249	295.588778344379
58.7	295.594916210987	295.588753276792
58.75	295.594880859165	295.588728242235
58.8	295.594845568613	295.588703240623
58.85	295.59481033916	295.588678271871
58.9	295.594775170638	295.588653335893
58.95	295.594740062877	295.588628432606
59	295.594705015708	295.588603561923
59.05	295.594670028965	295.588578723763
59.1	295.59463510248	295.588553918039
59.15	295.594600236085	295.58852914467
59.2	295.594565429615	295.588504403571
59.25	295.594530682903	295.58847969466
59.3	295.594495995785	295.588455017852
59.35	295.594461368095	295.588430373067
59.4	295.594426799668	295.588405760221
59.45	295.594392290342	295.588381179232
59.5	295.594357839952	295.588356630017
59.55	295.594323448336	295.588332112496
59.6	295.594289115332	295.588307626587
59.65	295.594254840776	295.588283172208
59.7	295.594220624509	295.588258749278
59.75	295.594186466369	295.588234357717
59.8	295.594152366195	295.588209997444
59.85	295.594118323827	295.588185668379
59.9	295.594084339107	295.588161370441
59.95	295.594050411875	295.588137103551
60	295.594016541973	295.58811286763
60.05	295.593982729241	295.588088662597
60.1	295.593948973524	295.588064488374
60.15	295.593915274664	295.588040344881
60.2	295.593881632503	295.58801623204
60.25	295.593848046886	295.587992149772
60.3	295.593814517658	295.587968098
60.35	295.593781044663	295.587944076646
60.4	295.593747627746	295.58792008563
60.45	295.593714266753	295.587896124876
60.5	295.59368096153	295.587872194307
60.55	295.593647711923	295.587848293845
60.6	295.593614517781	295.587824423414
60.65	295.593581378949	295.587800582936
60.7	295.593548295278	295.587776772335
60.75	295.593515266613	295.587752991536
60.8	295.593482292806	295.587729240462
60.85	295.593449373705	295.587705519036
60.9	295.593416509159	295.587681827185
60.95	295.59338369902	295.587658164832
61	295.593350943138	295.587634531901
61.05	295.593318241363	295.587610928319
61.1	295.593285593549	295.587587354011
61.15	295.593252999546	295.587563808901
61.2	295.593220459207	295.587540292917
61.25	295.593187972385	295.587516805983
61.3	295.593155538934	295.587493348026
61.35	295.593123158708	295.587469918971
61.4	295.59309083156	295.587446518748
61.45	295.593058557345	295.587423147281
61.5	295.593026335919	295.587399804497
61.55	295.592994167136	295.587376490324
61.6	295.592962050854	295.587353204689
61.65	295.592929986928	295.58732994752
61.7	295.592897975216	295.587306718745
61.75	295.592866015574	295.587283518292
61.8	295.59283410786	295.587260346089
61.85	295.592802251933	295.587237202064
61.9	295.592770447651	295.587214086147
61.95	295.592738694872	295.587190998266
62	295.592706993458	295.58716793835
62.05	295.592675343266	295.587144906328
62.1	295.592643744158	295.58712190213
62.15	295.592612195994	295.587098925686
62.2	295.592580698635	295.587075976926
62.25	295.592549251944	295.587053055779
62.3	295.59251785578	295.587030162177
62.35	295.592486510008	295.587007296048
62.4	295.592455214489	295.586984457325
62.45	295.592423969088	295.586961645938
62.5	295.592392773667	295.586938861819
62.55	295.59236162809	295.586916104898
62.6	295.592330532222	295.586893375107
62.65	295.592299485927	295.586870672378
62.7	295.592268489071	295.586847996642
62.75	295.59223754152	295.586825347832
62.8	295.592206643139	295.586802725881
62.85	295.592175793794	295.586780130719
62.9	295.592144993353	295.586757562281
62.95	295.592114241683	295.586735020498
63	295.59208353865	295.586712505305
63.05	295.592052884124	295.586690016635
63.1	295.592022277972	295.586667554421
63.15	295.591991720064	295.586645118596
63.2	295.591961210268	295.586622709094
63.25	295.591930748455	295.586600325849
63.3	295.591900334493	295.586577968796
63.35	295.591869968253	295.586555637869
63.4	295.591839649606	295.586533333003
63.45	295.591809378423	295.586511054132
63.5	295.591779154576	295.586488801191
63.55	295.591748977936	295.586466574116
63.6	295.591718848376	295.586444372842
63.65	295.591688765768	295.586422197304
63.7	295.591658729985	295.586400047438
63.75	295.5916287409	295.58637792318
63.8	295.591598798388	295.586355824466
63.85	295.591568902323	295.586333751233
63.9	295.591539052578	295.586311703416
63.95	295.591509249029	295.586289680953
64	295.591479491551	295.586267683779
64.05	295.59144978002	295.586245711833
64.1	295.591420114311	295.586223765052
64.15	295.591390494302	295.586201843372
64.2	295.591360919868	295.586179946732
64.25	295.591331390887	295.586158075067
64.3	295.591301907237	295.586136228318
64.35	295.591272468794	295.586114406422
64.4	295.591243075438	295.586092609317
64.45	295.591213727046	295.586070836942
64.5	295.591184423499	295.586049089236
64.55	295.591155164674	295.586027366137
64.6	295.591125950452	295.586005667582
64.65	295.591096780712	295.585983993513
64.7	295.591067655336	295.585962343869
64.75	295.591038574203	295.585940718589
64.8	295.591009537195	295.585919117612
64.85	295.590980544193	295.585897540879
64.9	295.590951595079	295.585875988329
64.95	295.590922689734	295.585854459902
65	295.590893828043	295.585832955539
65.05	295.590865009886	295.585811475181
65.1	295.590836235148	295.585790018768
65.15	295.590807503711	295.58576858624
65.2	295.59077881546	295.58574717754
65.25	295.590750170279	295.585725792608
65.3	295.590721568053	295.585704431384
65.35	295.590693008666	295.585683093813
65.4	295.590664492003	295.585661779834
65.45	295.59063601795	295.585640489389
65.5	295.590607586394	295.585619222422
65.55	295.590579197219	295.585597978872
65.6	295.590550850313	295.585576758684
65.65	295.590522545563	295.5855555618
65.7	295.590494282856	295.585534388162
65.75	295.590466062079	295.585513237713
65.8	295.590437883121	295.585492110396
65.85	295.590409745869	295.585471006156
65.9	295.590381650212	295.585449924933
65.95	295.590353596039	295.585428866673
66	295.59032558324	295.585407831318
66.05	295.590297611703	295.585386818814
66.1	295.59026968132	295.585365829103
66.15	295.590241791979	295.58534486213
66.2	295.590213943571	295.585323917839
66.25	295.590186135988	295.585302996175
66.3	295.590158369121	295.585282097083
66.35	295.59013064286	295.585261220506
66.4	295.590102957098	295.58524036639
66.45	295.590075311728	295.585219534679
66.5	295.59004770664	295.585198725321
66.55	295.590020141729	295.585177938259
66.6	295.589992616887	295.585157173439
66.65	295.589965132008	295.585136430807
66.7	295.589937686985	295.585115710309
66.75	295.589910281713	295.585095011891
66.8	295.589882916085	295.585074335499
66.85	295.589855589997	295.58505368108
66.9	295.589828303344	295.585033048579
66.95	295.58980105602	295.585012437943
67	295.589773847921	295.58499184912
67.05	295.589746678944	295.584971282057
67.1	295.589719548984	295.584950736699
67.15	295.589692457938	295.584930212995
67.2	295.589665405703	295.584909710892
67.25	295.589638392176	295.584889230338
67.3	295.589611417254	295.58486877128
67.35	295.589584480835	295.584848333665
67.4	295.589557582817	295.584827917444
67.45	295.589530723099	295.584807522562
67.5	295.589503901579	295.584787148968
67.55	295.589477118155	295.584766796611
67.6	295.589450372728	295.58474646544
67.65	295.589423665197	295.584726155403
67.7	295.589396995461	295.584705866449
67.75	295.589370363421	295.584685598527
67.8	295.589343768977	295.584665351587
67.85	295.589317212029	295.584645125576
67.9	295.58929069248	295.584624920446
67.95	295.589264210229	295.584604736145
68	295.58923776518	295.584584572624
68.05	295.589211357232	295.584564429832
68.1	295.58918498629	295.58454430772
68.15	295.589158652254	295.584524206237
68.2	295.589132355029	295.584504125334
68.25	295.589106094516	295.584484064959
68.3	295.589079870619	295.584464025066
68.35	295.589053683242	295.584444005604
68.4	295.589027532289	295.584424006525
68.45	295.589001417663	295.58440402778
68.5	295.58897533927	295.584384069318
68.55	295.588949297014	295.584364131093
68.6	295.588923290799	295.584344213054
68.65	295.588897320532	295.584324315155
68.7	295.588871386118	295.584304437345
68.75	295.588845487462	295.584284579578
68.8	295.588819624471	295.584264741805
68.85	295.588793797051	295.584244923978
68.9	295.588768005108	295.584225126051
68.95	295.58874224855	295.584205347973
69	295.588716527285	295.5841855897
69.05	295.588690841218	295.584165851182
69.1	295.588665190259	295.584146132373
69.15	295.588639574315	295.584126433226
69.2	295.588613993294	295.584106753694
69.25	295.588588447105	295.584087093729
69.3	295.588562935657	295.584067453286
69.35	295.588537458859	295.584047832318
69.4	295.58851201662	295.584028230778
69.45	295.58848660885	295.584008648621
69.5	295.588461235458	295.583989085799
69.55	295.588435896356	295.583969542267
69.6	295.588410591453	295.583950017979
69.65	295.58838532066	295.583930512889
69.7	295.588360083888	295.583911026951
69.75	295.588334881048	295.583891560121
69.8	295.588309712052	295.583872112352
69.85	295.588284576811	295.5838526836
69.9	295.588259475238	295.583833273819
69.95	295.588234407244	295.583813882964
70	295.588209372742	295.58379451099
70.05	295.588184371645	295.583775157853
70.1	295.588159403866	295.583755823508
70.15	295.588134469318	295.58373650791
70.2	295.588109567915	295.583717211016
70.25	295.58808469957	295.583697932781
70.3	295.588059864197	295.58367867316
70.35	295.588035061712	295.58365943211
70.4	295.588010292027	295.583640209586
70.45	295.587985555059	295.583621005547
70.5	295.587960850721	295.583601819946
70.55	295.58793617893	295.583582652741
70.6	295.5879115396	295.583563503889
70.65	295.587886932649	295.583544373347
70.7	295.58786235799	295.58352526107
70.75	295.587837815542	295.583506167017
70.8	295.58781330522	295.583487091145
70.85	295.587788826941	295.583468033409
70.9	295.587764380622	295.583448993769
70.95	295.587739966181	295.58342997218
71	295.587715583534	295.583410968602
71.05	295.5876912326	295.583391982992
71.1	295.587666913296	295.583373015307
71.15	295.587642625541	295.583354065505
71.2	295.587618369253	295.583335133546
71.25	295.587594144351	295.583316219385
71.3	295.587569950754	295.583297322982
71.35	295.58754578838	295.583278444296
71.4	295.58752165715	295.583259583285
71.45	295.587497556982	295.583240739907
71.5	295.587473487798	295.583221914121
71.55	295.587449449516	295.583203105887
71.6	295.587425442057	295.583184315163
71.65	295.587401465341	295.583165541909
71.7	295.58737751929	295.583146786083
71.75	295.587353603825	295.583128047645
71.8	295.587329718866	295.583109326554
71.85	295.587305864336	295.583090622769
71.9	295.587282040155	295.583071936252
71.95	295.587258246246	295.583053266961
72	295.587234482531	295.583034614856
72.05	295.587210748932	295.583015979898
72.1	295.587187045372	295.582997362046
72.15	295.587163371774	295.58297876126
72.2	295.587139728061	295.582960177501
72.25	295.587116114156	295.582941610729
72.3	295.587092529982	295.582923060907
72.35	295.587068975464	295.582904527993
72.4	295.587045450526	295.582886011949
72.45	295.58702195509	295.582867512734
72.5	295.586998489083	295.582849030312
72.55	295.586975052428	295.582830564642
72.6	295.58695164505	295.582812115685
72.65	295.586928266875	295.582793683405
72.7	295.586904917827	295.582775267761
72.75	295.586881597832	295.582756868715
72.8	295.586858306816	295.582738486228
72.85	295.586835044705	295.582720120264
72.9	295.586811811425	295.582701770783
72.95	295.586788606902	295.582683437747
73	295.586765431063	295.582665121119
73.05	295.586742283834	295.58264682086
73.1	295.586719165143	295.582628536935
73.15	295.586696074917	295.582610269303
73.2	295.586673013082	295.582592017928
73.25	295.586649979568	295.582573782774
73.3	295.586626974301	295.582555563801
73.35	295.58660399721	295.582537360974
73.4	295.586581048222	295.582519174255
73.45	295.586558127267	295.582501003607
73.5	295.586535234273	295.582482848993
73.55	295.586512369169	295.582464710377
73.6	295.586489531884	295.582446587723
73.65	295.586466722347	295.582428480992
73.7	295.586443940488	295.582410390149
73.75	295.586421186236	295.582392315157
73.8	295.586398459521	295.582374255981
73.85	295.586375760274	295.582356212584
73.9	295.586353088425	295.58233818493
73.95	295.586330443904	295.582320172984
74	295.586307826642	295.582302176709
74.05	295.586285236569	295.582284196069
74.1	295.586262673618	295.582266231029
74.15	295.586240137719	295.582248281554
74.2	295.586217628804	295.582230347608
74.25	295.586195146804	295.582212429155
74.3	295.586172691651	295.58219452616
74.35	295.586150263278	295.582176638589
74.4	295.586127861617	295.582158766405
74.45	295.5861054866	295.582140909576
74.5	295.58608313816	295.582123068064
74.55	295.58606081623	295.582105241836
74.6	295.586038520742	295.582087430857
74.65	295.586016251631	295.582069635092
74.7	295.58599400883	295.582051854508
74.75	295.585971792271	295.582034089068
74.8	295.58594960189	295.58201633874
74.85	295.58592743762	295.581998603489
74.9	295.585905299396	295.58198088328
74.95	295.585883187151	295.581963178081
75	295.585861100821	295.581945487856
75.05	295.585839040339	295.581927812573
75.1	295.585817005642	295.581910152197
75.15	295.585794996665	295.581892506695
75.2	295.585773013342	295.581874876034
75.25	295.585751055609	295.58185726018
75.3	295.585729123403	295.581839659098
75.35	295.585707216658	295.581822072757
75.4	295.585685335311	295.581804501123
75.45	295.585663479298	295.581786944164
75.5	295.585641648557	295.581769401845
75.55	295.585619843023	295.581751874135
75.6	295.585598062633	295.581734361001
75.65	295.585576307324	295.581716862408
75.7	295.585554577034	295.581699378327
75.75	295.585532871699	295.581681908723
75.8	295.585511191258	295.581664453564
75.85	295.585489535648	295.581647012818
75.9	295.585467904808	295.581629586453
75.95	295.585446298674	295.581612174436
76	295.585424717186	295.581594776736
76.05	295.585403160282	295.581577393319
76.1	295.5853816279	295.581560024155
76.15	295.58536011998	295.581542669212
76.2	295.58533863646	295.581525328458
76.25	295.585317177279	295.581508001861
76.3	295.585295742377	295.58149068939
76.35	295.585274331694	295.581473391013
76.4	295.585252945169	295.581456106699
76.45	295.585231582741	295.581438836417
76.5	295.585210244352	295.581421580135
76.55	295.58518892994	295.581404337823
76.6	295.585167639447	295.581387109449
76.65	295.585146372813	295.581369894984
76.7	295.585125129979	295.581352694394
76.75	295.585103910886	295.58133550765
76.8	295.585082715474	295.581318334721
76.85	295.585061543685	295.581301175576
76.9	295.585040395461	295.581284030186
76.95	295.585019270742	295.581266898519
77	295.584998169471	295.581249780545
77.05	295.58497709159	295.581232676234
77.1	295.58495603704	295.581215585557
77.15	295.584935005764	295.581198508482
77.2	295.584913997704	295.581181444979
77.25	295.584893012803	295.58116439502
77.3	295.584872051003	295.581147358573
77.35	295.584851112248	295.581130335609
77.4	295.58483019648	295.5811133261
77.45	295.584809303643	295.581096330013
77.5	295.584788433681	295.581079347321
77.55	295.584767586535	295.581062377994
77.6	295.584746762151	295.581045422002
77.65	295.584725960473	295.581028479317
77.7	295.584705181443	295.581011549909
77.75	295.584684425007	295.580994633749
77.8	295.584663691109	295.580977730807
77.85	295.584642979693	295.580960841056
77.9	295.584622290703	295.580943964466
77.95	295.584601624086	295.580927101008
78	295.584580979786	295.580910250654
78.05	295.584560357747	295.580893413374
78.1	295.584539757915	295.580876589141
78.15	295.584519180237	295.580859777926
78.2	295.584498624656	295.580842979701
78.25	295.58447809112	295.580826194436
78.3	295.584457579573	295.580809422104
78.35	295.584437089963	295.580792662677
78.4	295.584416622234	295.580775916127
78.45	295.584396176335	295.580759182425
78.5	295.584375752211	295.580742461544
78.55	295.584355349808	295.580725753456
78.6	295.584334969074	295.580709058133
78.65	295.584314609957	295.580692375548
78.7	295.584294272402	295.580675705672
78.75	295.584273956357	295.580659048478
78.8	295.584253661769	295.580642403939
78.85	295.584233388587	295.580625772026
78.9	295.584213136758	295.580609152715
78.95	295.58419290623	295.580592545975
79	295.584172696951	295.580575951781
79.05	295.584152508869	295.580559370106
79.1	295.584132341933	295.580542800923
79.15	295.58411219609	295.580526244203
79.2	295.58409207129	295.58050969992
79.25	295.584071967482	295.580493168049
79.3	295.584051884613	295.580476648561
79.35	295.584031822634	295.580460141431
79.4	295.584011781494	295.580443646631
79.45	295.583991761142	295.580427164135
79.5	295.583971761527	295.580410693916
79.55	295.5839517826	295.58039423595
79.6	295.583931824309	295.580377790209
79.65	295.583911886605	295.580361356666
79.7	295.583891969439	295.580344935296
79.75	295.583872072759	295.580328526072
79.8	295.583852196517	295.580312128969
79.85	295.583832340664	295.580295743961
79.9	295.583812505149	295.580279371021
79.95	295.583792689923	295.580263010124
80	295.583772894938	295.580246661245
85	295.582456686131	295.579147398683
90	295.581224180425	295.578112696807
95	295.580067152709	295.577126204506
100	295.578975048155	295.576181876921
105	295.577939086786	295.575274806663
110	295.576951995607	295.574400866838
115	295.576007723492	295.573556568381
120	295.575101212657	295.572738947745
125	295.574228215965	295.571945475888
130	295.573385150295	295.571173984203
135	295.57256897842	295.570422604061
140	295.571777113479	295.569689717339
145	295.571007341469	295.568973915812
150	295.570257758127	295.56827396774
155	295.5695267174	295.567588790311
160	295.568812789226	295.56691742685
165	295.568114724861	295.566259027913
170	295.567431428323	295.56561283558
175	295.566761932814	295.564978170368
180	295.566105381192	295.56435442028
185	295.565461009765	295.563741031636
190	295.564828134801	295.563137501364
195	295.564206141266	295.562543370498
200	295.563594473398	295.561958218674
205	295.562992626794	295.56138165947
210	295.562400141746	295.560813336432
215	295.561816597612	295.560252919662
220	295.561241608043	295.559700102925
225	295.560674816924	295.559154601129
230	295.560115894917	295.558616148155
235	295.559564536487	295.558084494983
240	295.559020457354	295.557559408059
245	295.558483392296	295.557040667852
250	295.557953093239	295.556528067603
255	295.557429327599	295.556021412223
260	295.556911876837	295.555520517309
265	295.556400535188	295.555025208284
270	295.555895108549	295.554535319614
275	295.555395413491	295.554050694122
280	295.554901276386	295.553571182371
285	295.554412532631	295.553096642103
290	295.553929025953	295.552626937735
295	295.55345060779	295.552161939911
300	295.552977136729	295.551701525076
305	295.552508478007	295.551245575114
310	295.552044503052	295.550793976992
315	295.55158508907	295.550346622449
320	295.551130118668	295.549903407717
325	295.550679479517	295.549464233237
330	295.550233064029	295.549029003436
335	295.549790769076	295.548597626485
340	295.549352495726	295.548170014101
345	295.548918148996	295.547746081342
350	295.548487637628	295.547325746447
355	295.548060873885	295.546908930646
360	295.547637773355	295.54649555802
365	295.547218254773	295.546085555357
370	295.54680223986	295.545678852004
375	295.546389653159	295.545275379759
380	295.545980421903	295.544875072737
385	295.545574475873	295.544477867265
390	295.545171747272	295.544083701779
395	295.544772170613	295.543692516729
400	295.544375682604	295.543304254481
405	295.543982222047	295.542918859235
410	295.543591729744	295.542536276939
415	295.543204148399	295.542156455223
420	295.542819422537	295.541779343311
425	295.542437498423	295.541404891965
430	295.542058323983	295.54103305342
435	295.541681848739	295.540663781313
440	295.541308023732	295.540297030635
445	295.540936801464	295.539932757673
450	295.540568135837	295.539570919958
455	295.540201982092	295.539211476214
460	295.539838296759	295.538854386314
465	295.539477037603	295.538499611235
470	295.539118163575	295.538147113014
475	295.538761634766	295.537796854711
480	295.538407412366	295.537448800367
485	295.538055458615	295.537102914972
490	295.537705736771	295.536759164425
495	295.537358211066	295.536417515509
500	295.537012846674	295.536077935847
505	295.536669609674	295.535740393885
510	295.53632846702	295.535404858858
515	295.535989386504	295.535071300757
520	295.535652336735	295.534739690315
525	295.535317287103	295.534409998973
530	295.534984207755	295.534082198856
535	295.534653069568	295.533756262752
540	295.534323844126	295.533432164092
545	295.533996503694	295.53310987693
550	295.533671021195	295.532789375918
555	295.533347370193	295.532470636284
560	295.533025524864	295.532153633828
565	295.532705459983	295.531838344887
570	295.532387150903	295.53152474633
575	295.532070573534	295.531212815535
580	295.531755704329	295.530902530377
585	295.531442520266	295.530593869211
590	295.531130998829	295.530286810858
595	295.530821117996	295.529981334593
600	295.530512856224	295.529677420125
605	295.530206192431	295.529375047595
610	295.529901105985	295.529074197553
615	295.529597576692	295.528774850951
620	295.529295584779	295.528476989134
625	295.528995110886	295.528180593822
630	295.52869613605	295.527885647104
635	295.528398641698	295.527592131429
640	295.528102609631	295.527300029596
645	295.52780802202	295.527009324733
650	295.527514861387	295.526720000307
655	295.527223110604	295.526432040099
660	295.526932752878	295.526145428207
665	295.526643771743	295.525860149028
670	295.526356151052	295.525576187256
675	295.526069874967	295.52529352787
680	295.525784927952	295.525012156135
685	295.525501294767	295.52473205758
690	295.525218960453	295.524453218008
695	295.524937910334	295.524175623475
700	295.524658130002	295.523899260296
705	295.524379605317	295.523624115025
710	295.524102322393	295.523350174458
715	295.523826267597	295.523077425629
720	295.52355142754	295.522805855795
725	295.523277789072	295.522535452441
730	295.523005339277	295.52226620326
735	295.522734065463	295.521998096166
740	295.522463955161	295.521731119279
745	295.52219499612	295.521465260914
750	295.521927176297	295.521200509594
755	295.521660483855	295.520936854026
760	295.521394907162	295.520674283105
765	295.521130434776	295.520412785917
770	295.520867055452	295.520152351721
775	295.52060475813	295.519892969955
780	295.520343531932	295.519634630226
785	295.52008336616	295.51937732231
790	295.519824250291	295.519121036148
795	295.519566173971	295.518865761837
800	295.519309127014	295.518611489634
805	295.519053099396	295.51835820995
810	295.518798081254	295.518105913343
815	295.518544062878	295.517854590521
820	295.518291034715	295.517604232331
825	295.518038987356	295.517354829766
830	295.517787911543	295.517106373954
835	295.517537798159	295.516858856151
840	295.517288638222	295.516612267755
845	295.517040422894	295.516366600288
850	295.516793143466	295.516121845398
855	295.516546791364	295.515877994857
860	295.516301358137	295.51563504056
865	295.516056835464	295.515392974516
870	295.515813215146	295.515151788856
875	295.515570489104	295.514911475819
880	295.515328649376	295.51467202776
885	295.515087688119	295.514433437143
890	295.514847597599	295.514195696536
895	295.514608370197	295.513958798613
900	295.5143699984	295.513722736156
905	295.514132474803	295.513487502039
910	295.513895792106	295.513253089244
915	295.51365994311	295.513019490844
920	295.513424920718	295.512786700009
925	295.51319071793	295.512554710004
930	295.512957327845	295.512323514183
935	295.512724743654	295.512093105991
940	295.512492958643	295.511863478965
945	295.51226196619	295.51163462672
950	295.51203175976	295.511406542963
955	295.511802332907	295.511179221483
960	295.511573679271	295.510952656152
965	295.511345792578	295.510726840916
970	295.511118666635	295.510501769807
975	295.510892295333	295.510277436931
980	295.510666672639	295.510053836472
985	295.510441792602	295.509830962687
990	295.510217649347	295.509608809908
995	295.509994237076	295.509387372537
1000	295.509771550063	295.50916664505
1005	295.509549582657	295.508946621988
1010	295.509328329279	295.508727297965
1015	295.509107784419	295.508508667659
1020	295.508887942637	295.508290725815
1025	295.508668798561	295.508073467243
1030	295.508450346885	295.507856886816
1035	295.508232582372	295.507640979473
1040	295.508015499846	295.507425740208
1045	295.507799094195	295.507211164082
1050	295.507583360371	295.506997246214
1055	295.507368293388	295.506783981777
1060	295.507153888316	295.506571366008
1065	295.506940140289	295.506359394197
1070	295.506727044498	295.506148061689
1075	295.506514596189	295.505937363886
1080	295.506302790667	295.505727296246
1085	295.506091623293	295.505517854272
1090	295.50588108948	295.505309033528
1095	295.505671184695	295.505100829624
1100	295.505461904461	295.504893238223
1105	295.50525324435	295.504686255033
1110	295.505045199984	295.504479875821
1115	295.504837767039	295.504274096389
1120	295.504630941238	295.504068912595
1125	295.504424718353	295.503864320346
1130	295.504219094205	295.503660315585
1135	295.50401406466	295.503456894308
1140	295.503809625633	295.503254052551
1145	295.503605773082	295.503051786401
1150	295.503402503014	295.502850091976
1155	295.503199811476	295.502648965449
1160	295.502997694561	295.502448403028
1165	295.502796148404	295.50224840096
1170	295.502595169183	295.502048955542
1175	295.502394753118	295.5018500631
1180	295.502194896468	295.501651720004
1185	295.501995595534	295.501453922666
1190	295.501796846657	295.501256667533
1195	295.501598646217	295.501059951088
1200	295.501400990633	295.500863769856
1205	295.50120387636	295.500668120393
1210	295.501007299894	295.500472999292
1215	295.500811257763	295.500278403183
1220	295.500615746536	295.500084328737
1225	295.500420762817	295.499890772645
1230	295.500226303243	295.499697731646
1235	295.500032364488	295.499505202505
1240	295.499838943261	295.499313182021
1245	295.499646036301	295.499121667027
1250	295.499453640384	295.498930654387
1255	295.499261752318	295.498740140997
1260	295.499070368944	295.498550123785
1265	295.498879487133	295.498360599708
1270	295.498689103788	295.498171565753
1275	295.498499215845	295.49798301894
1280	295.498309820269	295.497794956319
1285	295.498120914056	295.497607374961
1290	295.497932494231	295.497420271974
1295	295.497744557849	295.497233644494
1300	295.497557101995	295.497047489679
1305	295.497370123779	295.49686180472
1310	295.497183620343	295.496676586831
1315	295.496997588854	295.496491833257
1320	295.496812026509	295.496307541267
1325	295.496626930532	295.496123708158
1330	295.49644229817	295.495940331249
1335	295.496258126701	295.495757407888
1340	295.496074413426	295.495574935447
1345	295.495891155673	295.49539291132
1350	295.495708350795	295.49521133293
1355	295.495525996169	295.495030197722
1360	295.495344089199	295.494849503165
1365	295.49516262731	295.494669246749
1370	295.494981607954	295.494489425991
1375	295.494801028605	295.49431003843
1380	295.494620886762	295.494131081624
1385	295.494441179945	295.493952553157
1390	295.494261905698	295.493774450635
1395	295.494083061587	295.493596771687
1400	295.493904645202	295.493419513956
1405	295.493726654152	295.493242675117
1410	295.493549086071	295.493066252856
1415	295.49337193861	295.492890244888
1420	295.493195209446	295.492714648939
1425	295.493018896273	295.492539462764
1430	295.492842996807	295.492364684134
1435	295.492667508785	295.492190310841
1440	295.492492429964	295.492016340692
1445	295.492317758119	295.491842771521
1450	295.492143491047	295.491669601174
1455	295.491969626564	295.491496827517
1460	295.491796162501	295.491324448439
1465	295.491623096715	295.491152461841
1470	295.491450427075	295.490980865648
1475	295.491278151474	295.490809657797
1480	295.491106267818	295.490638836248
1485	295.490934774035	295.490468398973
1490	295.490763668069	295.490298343966
1495	295.490592947882	295.490128669234
1500	295.490422611452	295.489959372805
1505	295.490252656776	295.489790452719
1510	295.490083081866	295.489621907037
1515	295.489913884755	295.489453733834
1520	295.489745063486	295.489285931199
1525	295.489576616124	295.489118497238
1530	295.489408540746	295.488951430078
1535	295.48924083545	295.488784727851
1540	295.489073498343	295.488618388712
1545	295.488906527553	295.488452410833
1550	295.488739921222	295.488286792394
1555	295.488573677507	295.48812153159
1560	295.488407794579	295.487956626638
1565	295.488242270625	295.487792075764
1570	295.488077103847	295.487627877206
1575	295.487912292461	295.487464029224
1580	295.487747834697	295.487300530082
1585	295.4875837288	295.487137378067
1590	295.487419973029	295.486974571476
1595	295.487256565656	295.486812108615
1600	295.487093504968	295.486649987812
1605	295.486930789266	295.486488207401
1610	295.486768416861	295.486326765729
1615	295.486606386082	295.486165661164
1620	295.486444695267	295.486004892077
1625	295.486283342769	295.485844456859
1630	295.486122326956	295.485684353909
1635	295.485961646204	295.485524581636
1640	295.485801298904	295.485365138471
1645	295.485641283461	295.485206022849
1650	295.485481598291	295.485047233216
1655	295.48532224182	295.484888768036
1660	295.485163212489	295.484730625779
1665	295.485004508749	295.48457280493
1670	295.484846129065	295.484415303984
1675	295.484688071911	295.484258121448
1680	295.484530335774	295.48410125584
1685	295.484372919154	295.483944705689
1690	295.484215820558	295.483788469534
1695	295.484059038508	295.483632545925
1700	295.483902571535	295.483476933424
1705	295.483746418181	295.483321630606
1710	295.483590577001	295.483166636049
1715	295.483435046558	295.483011948349
1720	295.483279825428	295.482857566105
1725	295.483124912194	295.482703487936
1730	295.482970305454	295.482549712462
1735	295.482816003811	295.482396238316
1740	295.482662005882	295.482243064146
1745	295.482508310295	295.482090188599
1750	295.482354915684	295.48193761034
1755	295.482201820694	295.481785328042
1760	295.482049023982	295.481633340388
1765	295.481896524214	295.481481646066
1770	295.481744320062	295.481330243779
1775	295.481592410212	295.481179132233
1780	295.481440793357	295.481028310152
1785	295.4812894682	295.480877776258
1790	295.481138433453	295.480727529292
1795	295.480987687836	295.480577567997
1800	295.480837230079	295.480427891128
1805	295.480687058922	295.480278497445
1810	295.480537173112	295.480129385725
1815	295.480387571405	295.479980554744
1820	295.480238252566	295.479832003291
1825	295.480089215369	295.479683730161
1830	295.479940458595	295.47953573416
1835	295.479791981035	295.479388014102
1840	295.479643781488	295.479240568808
1845	295.479495858761	295.479093397104
1850	295.479348211668	295.478946497829
1855	295.479200839032	295.478799869828
1860	295.479053739684	295.478653511952
1865	295.478906912464	295.478507423063
1870	295.478760356217	295.478361602025
1875	295.478614069798	295.478216047717
1880	295.478468052069	295.478070759023
1885	295.4783223019	295.477925734826
1890	295.478176818167	295.477780974031
1895	295.478031599757	295.477636475539
1900	295.47788664556	295.477492238263
1905	295.477741954475	295.477348261121
1910	295.47759752541	295.47720454304
1915	295.477453357278	295.477061082951
1920	295.477309448999	295.476917879797
1925	295.477165799502	295.476774932524
1930	295.477022407722	295.476632240084
1935	295.4768792726	295.476489801437
1940	295.476736393084	295.476347615553
1945	295.47659376813	295.476205681403
1950	295.476451396701	295.476063997969
1955	295.476309277763	295.475922564234
1960	295.476167410294	295.475781379195
1965	295.476025793274	295.475640441849
1970	295.475884425691	295.475499751203
1975	295.475743306542	295.475359306266
1980	295.475602434825	295.475219106061
1985	295.475461809549	295.475079149609
1990	295.475321429727	295.47493943594
1995	295.475181294378	295.474799964092
2000	295.47504140253	295.474660733108
2005	295.474901753213	295.474521742032
2010	295.474762345465	295.474382989922
2015	295.47462317833	295.474244475836
2020	295.474484250858	295.474106198841
2025	295.474345562104	295.473968158007
2030	295.47420711113	295.47383035241
2035	295.474068897002	295.473692781136
2040	295.473930918794	295.47355544327
2045	295.473793175583	295.473418337907
2050	295.473655666455	295.473281464149
2055	295.473518390498	295.473144821092
2060	295.473381346807	295.473008407854
2065	295.473244534483	295.472872223547
2070	295.473107952632	295.472736267292
2075	295.472971600365	295.472600538215
2080	295.472835476798	295.472465035445
2085	295.472699581054	295.472329758118
2090	295.472563912258	295.472194705381
2095	295.472428469545	295.472059876371
2100	295.47229325205	295.471925270245
2105	295.472158258916	295.471790886157
2110	295.47202348929	295.471656723269
2115	295.471888942326	295.471522780746
2120	295.471754617178	295.47138905776
2125	295.471620513012	295.471255553484
2130	295.471486628993	295.471122267101
2135	295.471352964293	295.470989197792
2140	295.471219518089	295.470856344751
2145	295.471086289563	295.470723707169
2150	295.4709532779	295.470591284247
2155	295.47082048229	295.470459075186
2160	295.47068790193	295.470327079197
2165	295.47055553602	295.47019529549
2170	295.470423383764	295.470063723281
2175	295.470291444371	295.469932361794
2180	295.470159717054	295.469801210251
2185	295.470028201031	295.469670267887
2190	295.469896895526	295.469539533931
2195	295.469765799764	295.469409007623
2200	295.469634912976	295.469278688207
2205	295.469504234397	295.469148574928
2210	295.469373763268	295.469018667038
2215	295.469243498831	295.468888963794
2220	295.469113440335	295.468759464452
2225	295.468983587032	295.468630168275
2230	295.468853938178	295.468501074534
2235	295.468724493033	295.468372182495
2240	295.468595250861	295.468243491437
2245	295.468466210931	295.468115000639
2250	295.468337372514	295.467986709384
2255	295.468208734889	295.467858616956
2260	295.468080297333	295.467730722648
2265	295.467952059131	295.467603025756
2270	295.467824019572	295.467475525575
2275	295.467696177946	295.467348221409
2280	295.467568533549	295.467221112564
2285	295.467441085682	295.467094198347
2290	295.467313833645	295.466967478075
2295	295.467186776747	295.466840951061
2300	295.467059914298	295.466714616628
2305	295.466933245611	295.466588474098
2310	295.466806770005	295.4664625228
2315	295.4666804868	295.466336762063
2320	295.466554395322	295.466211191223
2325	295.466428494898	295.466085809619
2330	295.466302784861	295.465960616587
2335	295.466177264545	295.465835611477
2340	295.46605193329	295.465710793633
2345	295.465926790436	295.465586162413
2350	295.465801835332	295.465461717165
2355	295.465677067324	295.465337457248
2360	295.465552485766	295.465213382028
2365	295.465428090013	295.465089490865
2370	295.465303879423	295.464965783127
2375	295.46517985336	295.464842258188
2380	295.465056011188	295.464718915419
2385	295.464932352275	295.464595754201
2390	295.464808875996	295.464472773911
2395	295.464685581723	295.464349973934
2400	295.464562468836	295.464227353656
2405	295.464439536714	295.464104912468
2410	295.464316784744	295.46398264976
2415	295.464194212311	295.46386056493
2420	295.464071818807	295.463738657379
2425	295.463949603626	295.463616926503
2430	295.463827566163	295.463495371713
2435	295.463705705819	295.463373992413
2440	295.463584021996	295.463252788013
2445	295.463462514099	295.463131757929
2450	295.463341181537	295.463010901575
2455	295.463220023721	295.462890218372
2460	295.463099040065	295.462769707741
2465	295.462978229987	295.462649369105
2470	295.462857592906	295.462529201896
2475	295.462737128245	295.462409205539
2480	295.462616835429	295.462289379471
2485	295.462496713887	295.462169723125
2490	295.462376763048	295.462050235943
2495	295.462256982349	295.461930917363
2500	295.462137371225	295.461811766831
2505	295.462017929114	295.461692783791
2510	295.46189865546	295.461573967695
2515	295.461779549706	295.461455317991
2520	295.461660611299	295.461336834136
2525	295.46154183969	295.461218515589
2530	295.46142323433	295.461100361804
2535	295.461304794676	295.460982372246
2540	295.461186520183	295.46086454638
2545	295.461068410312	295.460746883671
2550	295.460950464527	295.460629383591
2555	295.460832682292	295.460512045612
2560	295.460715063075	295.460394869206
2565	295.460597606345	295.46027785385
2570	295.460480311576	295.460160999026
2575	295.460363178243	295.460044304213
2580	295.460246205823	295.459927768894
2585	295.460129393795	295.459811392559
2590	295.460012741643	295.459695174695
2595	295.45989624885	295.459579114793
2600	295.459779914904	295.459463212345
2605	295.459663739294	295.45934746685
2610	295.459547721512	295.459231877803
2615	295.459431861051	295.459116444707
2620	295.459316157409	295.459001167062
2625	295.459200610083	295.458886044373
2630	295.459085218575	295.45877107615
2635	295.458969982388	295.458656261899
2640	295.458854901028	295.458541601129
2645	295.458739973999	295.458427093362
2650	295.458625200815	295.458312738107
2655	295.458510580987	295.458198534882
2660	295.458396114027	295.45808448321
2665	295.458281799454	295.457970582612
2670	295.458167636784	295.457856832613
2675	295.458053625541	295.457743232738
2680	295.457939765244	295.457629782513
2685	295.45782605542	295.457516481477
2690	295.457712495596	295.457403329155
2695	295.457599085301	295.457290325082
2700	295.457485824064	295.4571774688
2705	295.457372711421	295.457064759843
2710	295.457259746906	295.456952197754
2715	295.457146930057	295.456839782073
2720	295.457034260411	295.456727512347
2725	295.456921737511	295.456615388122
2730	295.4568093609	295.456503408946
2735	295.456697130123	295.456391574371
2740	295.456585044727	295.456279883949
2745	295.456473104262	295.456168337234
2750	295.456361308278	295.456056933784
2755	295.456249656329	295.455945673154
2760	295.456138147969	295.455834554906
2765	295.456026782756	295.455723578602
2770	295.455915560247	295.455612743807
2775	295.455804480004	295.455502050084
2780	295.455693541589	295.455391497003
2785	295.455582744567	295.455281084131
2790	295.455472088502	295.45517081104
2795	295.455361572964	295.455060677304
2800	295.455251197522	295.454950682497
2805	295.455140961748	295.454840826195
2810	295.455030865216	295.454731107979
2815	295.4549209075	295.454621527426
2820	295.454811088178	295.454512084117
2825	295.454701406828	295.454402777638
2830	295.45459186303	295.454293607574
2835	295.454482456368	295.454184573512
2840	295.454373186425	295.454075675039
2845	295.454264052786	295.453966911749
2850	295.45415505504	295.453858283231
2855	295.454046192776	295.453749789079
2860	295.453937465584	295.453641428887
2865	295.453828873056	295.453533202257
2870	295.453720414787	295.453425108783
2875	295.453612090373	295.453317148067
2880	295.453503899411	295.453209319711
2885	295.4533958415	295.453101623321
2890	295.453287916243	295.452994058498
2895	295.45318012324	295.452886624851
2900	295.453072462095	295.452779321986
2905	295.452964932414	295.452672149518
2910	295.452857533805	295.452565107054
2915	295.452750265877	295.452458194213
2920	295.45264312824	295.452351410599
2925	295.452536120504	295.452244755838
2930	295.452429242286	295.452138229547
2935	295.452322493199	295.452031831338
2940	295.452215872859	295.45192556084
2945	295.452109380887	295.45181941767
2950	295.4520030169	295.451713401453
2955	295.451896780519	295.451607511816
2960	295.451790671368	295.451501748385
2965	295.451684689072	295.451396110788
2970	295.451578833255	295.451290598654
2975	295.451473103545	295.451185211614
2980	295.45136749957	295.451079949304
2985	295.451262020961	295.450974811353
2990	295.451156667349	295.450869797402
2995	295.451051438367	295.450764907083
3000	295.45094633365	295.450660140037
3005	295.450841352833	295.450555495903
3010	295.450736495553	295.450450974322
3015	295.450631761451	295.450346574938
3020	295.450527150165	295.450242297395
3025	295.450422661337	295.450138141335
3030	295.450318294611	295.450034106407
3035	295.45021404963	295.449930192259
3040	295.45010992604	295.449826398541
3045	295.450005923488	295.449722724903
3050	295.449902041623	295.449619170997
3055	295.449798280094	295.449515736478
3060	295.449694638552	295.449412420998
3065	295.449591116651	295.449309224217
3070	295.449487714044	295.449206145788
3075	295.449384430386	295.449103185372
3080	295.449281265332	295.449000342628
3085	295.449178218542	295.448897617221
3090	295.449075289675	295.448795008808
3095	295.448972478389	295.448692517058
3100	295.448869784349	295.448590141632
3105	295.448767207215	295.4484878822
3110	295.448664746654	295.448385738427
3115	295.448562402329	295.448283709982
3120	295.448460173907	295.448181796535
3125	295.448358061057	295.448079997761
3130	295.448256063448	295.447978313329
3135	295.448154180751	295.447876742914
3140	295.448052412637	295.447775286191
3145	295.447950758779	295.447673942837
3150	295.447849218851	295.447572712527
3155	295.447747792529	295.447471594943
3160	295.447646479489	295.447370589763
3165	295.447545279409	295.447269696669
3170	295.447444191969	295.447168915344
3175	295.447343216849	295.44706824547
3180	295.44724235373	295.446967686733
3185	295.447141602294	295.446867238814
3190	295.447040962225	295.446766901406
3195	295.446940433208	295.446666674195
3200	295.44684001493	295.446566556871
3205	295.446739707078	295.446466549121
3210	295.446639509339	295.446366650641
3215	295.446539421404	295.446266861121
3220	295.446439442963	295.446167180256
3225	295.446339573709	295.446067607739
3230	295.446239813333	295.44596814327
3235	295.44614016153	295.445868786541
3240	295.446040617996	295.445769537256
3245	295.445941182427	295.445670395109
3250	295.44584185452	295.445571359801
3255	295.445742633973	295.445472431039
3260	295.445643520487	295.445373608521
3265	295.445544513763	295.44527489195
3270	295.4454456135	295.445176281033
3275	295.445346819404	295.445077775474
3280	295.445248131177	295.444979374981
3285	295.445149548525	295.444881079263
3290	295.445051071153	295.444782888025
3295	295.444952698769	295.444684800981
3300	295.444854431081	295.44458681784
3305	295.444756267798	295.444488938316
3310	295.444658208631	295.44439116212
3315	295.44456025329	295.444293488969
3320	295.44446240149	295.444195918573
3325	295.444364652941	295.444098450655
3330	295.444267007361	295.444001084926
3335	295.444169464462	295.443903821108
3340	295.444072023962	295.443806658919
3345	295.443974685579	295.443709598077
3350	295.44387744903	295.443612638308
3355	295.443780314036	295.44351577933
3360	295.443683280316	295.443419020868
3365	295.443586347593	295.443322362645
3370	295.443489515588	295.443225804388
3375	295.443392784025	295.443129345821
3380	295.443296152628	295.443032986671
3385	295.443199621122	295.442936726668
3390	295.443103189235	295.44284056554
3395	295.443006856693	295.442744503017
3400	295.442910623225	295.442648538827
3405	295.442814488558	295.442552672705
3410	295.442718452425	295.442456904385
3415	295.442622514556	295.442361233598
3420	295.442526674683	295.442265660077
3425	295.442430932538	295.442170183562
3430	295.442335287856	295.442074803786
3435	295.442239740371	295.441979520486
3440	295.44214428982	295.441884333405
3445	295.442048935939	295.441789242276
3450	295.441953678465	295.441694246842
3455	295.441858517137	295.441599346844
3460	295.441763451694	295.441504542025
3465	295.441668481877	295.441409832125
3470	295.441573607427	295.44131521689
3475	295.441478828086	295.441220696062
3480	295.441384143597	295.441126269389
3485	295.441289553703	295.441031936615
3490	295.44119505815	295.440937697487
3495	295.441100656682	295.440843551757
3500	295.441006349047	295.44074949917
3505	295.440912134992	295.440655539476
3510	295.440818014265	295.440561672427
3515	295.440723986615	295.440467897773
3520	295.440630051793	295.440374215267
3525	295.440536209548	295.440280624662
3530	295.440442459632	295.440187125712
3535	295.440348801799	295.440093718173
3540	295.440255235801	295.4400004018
3545	295.440161761393	295.439907176348
3550	295.440068378329	295.439814041576
3555	295.439975086366	295.43972099724
3560	295.43988188526	295.439628043101
3565	295.439788774769	295.439535178917
3570	295.43969575465	295.439442404452
3575	295.439602824664	295.439349719464
3580	295.43950998457	295.439257123716
3585	295.439417234129	295.439164616971
3590	295.439324573103	295.439072198993
3595	295.439232001252	295.438979869545
3600	295.439139518342	295.438887628396
3605	295.439047124136	295.438795475309
3610	295.438954818399	295.438703410052
3615	295.438862600896	295.438611432394
3620	295.438770471394	295.438519542099
3625	295.438678429659	295.438427738942
3630	295.43858647546	295.438336022689
3635	295.438494608566	295.438244393113
3640	295.438402828746	295.438152849984
3645	295.438311135769	295.438061393077
3650	295.438219529408	295.437970022162
3655	295.438128009434	295.437878737012
3660	295.438036575619	295.437787537407
3665	295.437945227738	295.437696423116
3670	295.437853965562	295.437605393918
3675	295.437762788868	295.437514449592
3680	295.437671697431	295.437423589912
3685	295.437580691027	295.437332814658
3690	295.437489769434	295.437242123608
3695	295.437398932429	295.437151516543
3700	295.437308179791	295.437060993244
3705	295.437217511298	295.436970553491
3710	295.437126926732	295.436880197066
3715	295.437036425872	295.436789923751
3720	295.436946008499	295.436699733332
3725	295.436855674398	295.43660962559
3730	295.436765423349	295.436519600311
3735	295.436675255136	295.436429657281
3740	295.436585169545	295.436339796288
3745	295.436495166359	295.436250017115
3750	295.436405245365	295.436160319551
3755	295.436315406349	295.436070703384
3760	295.436225649098	295.435981168405
3765	295.436135973399	295.435891714401
3770	295.436046379041	295.435802341168
3775	295.435956865815	295.435713048488
3780	295.435867433509	295.435623836161
3785	295.435778081914	295.435534703974
3790	295.435688810821	295.435445651722
3795	295.435599620021	295.435356679201
3800	295.435510509309	295.435267786201
3805	295.435421478477	295.435178972521
3810	295.435332527318	295.435090237955
3815	295.435243655629	295.4350015823
3820	295.435154863203	295.434913005352
3825	295.435066149837	295.434824506909
3830	295.434977515327	295.434736086772
3835	295.434888959471	295.434647744736
3840	295.434800482067	295.434559480604
3845	295.434712082913	295.434471294176
3850	295.434623761808	295.434383185249
3855	295.434535518553	295.434295153629
3860	295.434447352947	295.434207199118
3865	295.434359264793	295.434119321518
3870	295.434271253891	295.434031520632
3875	295.434183320045	295.433943796266
3880	295.434095463058	295.433856148222
3885	295.434007682732	295.433768576307
3890	295.433919978873	295.433681080327
3895	295.433832351286	295.433593660089
3900	295.433744799775	295.433506315401
3905	295.433657324148	295.43341904607
3910	295.433569924212	295.433331851905
3915	295.433482599773	295.433244732715
3920	295.433395350641	295.433157688307
3925	295.433308176622	295.433070718496
3930	295.433221077528	295.432983823092
3935	295.433134053168	295.432897001904
3940	295.433047103352	295.432810254747
3945	295.432960227891	295.432723581432
3950	295.432873426598	295.432636981772
3955	295.432786699285	295.432550455583
3960	295.432700045764	295.432464002678
3965	295.43261346585	295.432377622872
3970	295.432526959355	295.432291315982
3975	295.432440526096	295.432205081825
3980	295.432354165887	295.432118920215
3985	295.432267878545	295.432032830971
3990	295.432181663884	295.431946813914
3995	295.432095521725	295.431860868857
4000	295.432009451882	295.431774995623
4005	295.431923454176	295.431689194031
4010	295.431837528424	295.431603463902
4015	295.431751674445	295.431517805056
4020	295.431665892061	295.431432217315
4025	295.431580181091	295.4313467005
4030	295.431494541357	295.431261254437
4035	295.431408972681	295.431175878944
4040	295.431323474883	295.43109057385
4045	295.431238047789	295.431005338976
4050	295.431152691219	295.430920174147
4055	295.431067405	295.430835079189
4060	295.430982188954	295.430750053928
4065	295.430897042906	295.43066509819
4070	295.430811966684	295.430580211805
4075	295.430726960112	295.430495394597
4080	295.430642023017	295.430410646395
4085	295.430557155227	295.430325967029
4090	295.43047235657	295.430241356327
4095	295.430387626873	295.430156814119
4100	295.430302965965	295.430072340236
4105	295.430218373676	295.429987934507
4110	295.430133849836	295.429903596765
4115	295.430049394275	295.429819326842
4120	295.429965006824	295.429735124568
4125	295.429880687314	295.42965098978
4130	295.429796435578	295.429566922307
4135	295.429712251448	295.429482921986
4140	295.429628134757	295.429398988651
4145	295.429544085339	295.429315122137
4150	295.429460103027	295.429231322278
4155	295.429376187658	295.429147588913
4160	295.429292339065	295.429063921874
4165	295.429208557083	295.428980321004
4170	295.429124841551	295.428896786134
4175	295.429041192303	295.428813317108
4180	295.428957609178	295.428729913761
4185	295.428874092013	295.428646575932
4190	295.428790640646	295.428563303462
4195	295.428707254915	295.428480096191
4200	295.428623934661	295.428396953959
4205	295.428540679722	295.428313876609
4210	295.42845748994	295.428230863977
4215	295.428374365154	295.428147915913
4220	295.428291305206	295.428065032252
4225	295.428208309937	295.427982212843
4230	295.42812537919	295.427899457525
4235	295.428042512808	295.427816766144
4240	295.427959710633	295.427734138545
4245	295.427876972508	295.427651574572
4250	295.42779429828	295.427569074071
4255	295.427711687791	295.427486636887
4260	295.427629140886	295.427404262867
4265	295.427546657413	295.427321951857
4270	295.427464237215	295.427239703707
4275	295.427381880141	295.427157518262
4280	295.427299586036	295.42707539537
4285	295.427217354749	295.426993334881
4290	295.427135186126	295.426911336645
4295	295.427053080018	295.426829400511
4300	295.426971036272	295.426747526327
4305	295.426889054737	295.426665713948
4310	295.426807135265	295.426583963221
4315	295.426725277704	295.426502274
4320	295.426643481906	295.426420646134
4325	295.426561747721	295.426339079477
4330	295.426480075001	295.426257573884
4335	295.426398463599	295.426176129207
4340	295.426316913367	295.426094745295
4345	295.426235424157	295.426013422011
4350	295.426153995824	295.425932159202
4355	295.426072628221	295.425850956727
4360	295.425991321202	295.425769814441
4365	295.425910074623	295.425688732199
4370	295.425828888337	295.425607709859
4375	295.425747762202	295.425526747278
4380	295.425666696074	295.42544584431
4385	295.425585689808	295.425365000814
4390	295.425504743261	295.425284216649
4395	295.425423856291	295.425203491675
4400	295.425343028756	295.425122825751
4405	295.425262260515	295.425042218733
4410	295.425181551425	295.424961670484
4415	295.425100901346	295.42488118086
4420	295.425020310138	295.424800749729
4425	295.42493977766	295.424720376948
4430	295.424859303773	295.424640062378
4435	295.424778888339	295.424559805883
4440	295.424698531218	295.424479607321
4445	295.424618232271	295.424399466561
4450	295.424537991361	295.424319383461
4455	295.424457808351	295.424239357889
4460	295.424377683103	295.424159389707
4465	295.424297615481	295.424079478777
4470	295.424217605348	295.42399962497
4475	295.42413765257	295.423919828146
4480	295.424057757009	295.423840088172
4485	295.423977918532	295.423760404915
4490	295.423898137004	295.42368077824
4495	295.42381841229	295.423601208017
4500	295.423738744257	295.423521694113
4505	295.423659132773	295.42344223639
4510	295.423579577702	295.423362834721
4515	295.423500078913	295.423283488975
4520	295.423420636273	295.42320419902
4525	295.423341249652	295.423124964725
4530	295.423261918918	295.423045785959
4535	295.42318264394	295.422966662593
4540	295.423103424586	295.422887594498
4545	295.423024260728	295.422808581543
4550	295.422945152234	295.422729623601
4555	295.422866098976	295.422650720544
4560	295.422787100826	295.422571872243
4565	295.422708157653	295.422493078571
4570	295.422629269331	295.422414339399
4575	295.42255043573	295.422335654604
4580	295.422471656724	295.422257024056
4585	295.422392932186	295.422178447631
4590	295.422314261989	295.422099925202
4595	295.422235646006	295.422021456645
4600	295.422157084112	295.421943041836
4605	295.422078576182	295.421864680647
4610	295.422000122089	295.421786372956
4615	295.421921721709	295.421708118639
4620	295.421843374919	295.421629917574
4625	295.421765081593	295.421551769636
4630	295.421686841608	295.421473674703
4635	295.421608654841	295.421395632653
4640	295.421530521169	295.421317643364
4645	295.421452440469	295.421239706714
4650	295.421374412619	295.421161822581
4655	295.421296437497	295.421083990847
4660	295.421218514982	295.421006211389
4665	295.421140644953	295.420928484089
4670	295.42106282729	295.420850808825
4675	295.420985061871	295.420773185477
4680	295.420907348576	295.420695613929
4685	295.420829687286	295.42061809406
4690	295.420752077881	295.420540625753
4695	295.420674520243	295.420463208888
4700	295.420597014253	295.420385843352
4705	295.420519559794	295.420308529021
4710	295.420442156745	295.420231265783
4715	295.420364804992	295.420154053519
4720	295.420287504415	295.420076892114
4725	295.420210254898	295.419999781453
4730	295.420133056326	295.419922721421
4735	295.420055908582	295.419845711897
4740	295.419978811549	295.419768752772
4745	295.419901765112	295.419691843932
4750	295.419824769158	295.419614985258
4755	295.419747823569	295.419538176639
4760	295.419670928233	295.419461417963
4765	295.419594083035	295.419384709113
4770	295.419517287862	295.419308049981
4775	295.4194405426	295.419231440451
4780	295.419363847135	295.419154880409
4785	295.419287201356	295.419078369748
4790	295.419210605149	295.419001908355
4795	295.419134058403	295.418925496118
4800	295.419057561007	295.418849132925
4805	295.418981112847	295.418772818668
4810	295.418904713815	295.418696553236
4815	295.418828363798	295.418620336519
4820	295.418752062687	295.418544168405
4825	295.41867581037	295.418468048792
4830	295.41859960674	295.418391977562
4835	295.418523451686	295.418315954612
4840	295.418447345098	295.418239979832
4845	295.418371286869	295.418164053116
4850	295.418295276889	295.418088174354
4855	295.418219315051	295.418012343439
4860	295.418143401247	295.417936560266
4865	295.418067535369	295.417860824727
4870	295.41799171731	295.417785136715
4875	295.417915946963	295.417709496125
4880	295.417840224222	295.417633902854
4885	295.417764548981	295.417558356793
4890	295.417688921134	295.417482857835
4895	295.417613340574	295.417407405879
4900	295.417537807197	295.417332000819
4905	295.417462320897	295.417256642553
4910	295.41738688157	295.417181330974
4915	295.417311489112	295.417106065981
4920	295.417236143418	295.41703084747
4925	295.417160844385	295.416955675334
4930	295.417085591909	295.416880549479
4935	295.417010385888	295.416805469795
4940	295.416935226217	295.416730436187
4945	295.416860112797	295.416655448546
4950	295.416785045522	295.416580506774
4955	295.416710024292	295.416505610768
4960	295.416635049005	295.416430760431
4965	295.416560119559	295.41635595566
4970	295.416485235855	295.416281196355
4975	295.41641039779	295.416206482414
4980	295.416335605264	295.416131813742
4985	295.416260858177	295.416057190237
4990	295.41618615643	295.4159826118
4995	295.416111499923	295.415908078331
5000	295.416036888557	295.415833589733
5005	295.415962322231	295.415759145907
5010	295.415887800849	295.415684746757
5015	295.415813324311	295.415610392183
5020	295.415738892519	295.415536082091
5025	295.415664505376	295.41546181638
5030	295.415590162784	295.415387594953
5035	295.415515864645	295.415313417719
5040	295.415441610864	295.415239284576
5045	295.415367401342	295.415165195432
5050	295.415293235985	295.415091150187
5055	295.415219114694	295.41501714875
5060	295.415145037375	295.414943191025
5065	295.415071003933	295.414869276915
5070	295.414997014271	295.414795406329
5075	295.414923068296	295.41472157917
5080	295.414849165911	295.414647795344
5085	295.414775307024	295.414574054759
5090	295.414701491539	295.41450035732
5095	295.414627719362	295.414426702935
5100	295.414553990401	295.414353091509
5105	295.414480304561	295.414279522952
5110	295.414406661749	295.41420599717
5115	295.414333061873	295.414132514074
5120	295.414259504841	295.414059073568
5125	295.41418599056	295.413985675564
5130	295.414112518938	295.413912319966
5135	295.414039089883	295.413839006688
5140	295.413965703304	295.413765735636
5145	295.413892359109	295.413692506723
5150	295.413819057209	295.413619319854
5155	295.413745797511	295.413546174945
5160	295.413672579926	295.4134730719
5165	295.413599404363	295.413400010634
5170	295.413526270733	295.413326991055
5175	295.413453178946	295.413254013077
5180	295.413380128913	295.41318107661
5185	295.413307120545	295.413108181565
5190	295.413234153752	295.413035327855
5195	295.413161228446	295.412962515391
5200	295.41308834454	295.412889744086
5205	295.413015501944	295.412817013852
5210	295.412942700571	295.412744324604
5215	295.412869940334	295.412671676252
5220	295.412797221145	295.412599068711
5225	295.412724542917	295.412526501896
5230	295.412651905564	295.412453975718
5235	295.412579308998	295.41238149009
5240	295.412506753133	295.412309044932
5245	295.412434237883	295.412236640158
5250	295.412361763164	295.412164275678
5255	295.412289328889	295.412091951411
5260	295.412216934973	295.412019667269
5265	295.412144581331	295.41194742317
5270	295.412072267877	295.41187521903
5275	295.411999994528	295.411803054766
5280	295.4119277612	295.411730930292
5285	295.411855567807	295.411658845526
5290	295.411783414267	295.411586800385
5295	295.411711300495	295.411514794785
5300	295.411639226409	295.411442828645
5305	295.411567191926	295.411370901881
5310	295.411495196961	295.41129901441
5315	295.411423241434	295.411227166154
5320	295.411351325262	295.411155357026
5325	295.411279448361	295.411083586949
5330	295.411207610651	295.411011855837
5335	295.411135812049	295.410940163614
5340	295.411064052475	295.410868510198
5345	295.410992331847	295.410796895506
5350	295.410920650085	295.410725319458
5355	295.410849007106	295.410653781977
5360	295.410777402831	295.410582282981
5365	295.41070583718	295.410510822391
5370	295.410634310073	295.410439400125
5375	295.41056282143	295.41036801611
5380	295.410491371171	295.410296670259
5385	295.410419959217	295.410225362499
5390	295.410348585489	295.41015409275
5395	295.410277249909	295.410082860934
5400	295.410205952396	295.410011666972
5405	295.410134692873	295.409940510786
5410	295.410063471262	295.4098693923
5415	295.409992287484	295.409798311437
5420	295.409921141463	295.409727268117
5425	295.40985003312	295.409656262266
5430	295.409778962378	295.409585293805
5435	295.409707929161	295.409514362659
5440	295.40963693339	295.409443468751
5445	295.40956597499	295.409372612007
5450	295.409495053885	295.409301792347
5455	295.409424169997	295.409231009699
5460	295.409353323251	295.409160263988
5465	295.409282513571	295.409089555135
5470	295.409211740882	295.40901888307
5475	295.409141005109	295.408948247713
5480	295.409070306176	295.408877648992
5485	295.408999644007	295.408807086833
5490	295.40892901853	295.408736561162
5495	295.408858429668	295.408666071906
5500	295.408787877348	295.408595618988
5505	295.408717361496	295.408525202336
5510	295.408646882038	295.40845482188
5515	295.408576438901	295.408384477542
5520	295.40850603201	295.408314169253
5525	295.408435661293	295.408243896939
5530	295.408365326677	295.408173660526
5535	295.408295028089	295.408103459945
5540	295.408224765456	295.40803329512
5545	295.408154538706	295.407963165982
5550	295.408084347767	295.407893072458
5555	295.408014192567	295.40782301448
5560	295.407944073034	295.407752991974
5565	295.407873989098	295.407683004867
5570	295.407803940685	295.407613053091
5575	295.407733927725	295.407543136577
5580	295.407663950148	295.407473255248
5585	295.407594007881	295.407403409042
5590	295.407524100856	295.407333597884
5595	295.407454229002	295.407263821706
5600	295.407384392248	295.407194080439
5605	295.407314590525	295.407124374012
5610	295.407244823763	295.407054702355
5615	295.407175091893	295.406985065401
5620	295.407105394843	295.406915463082
5625	295.407035732548	295.406845895326
5630	295.406966104936	295.406776362068
5635	295.406896511939	295.406706863239
5640	295.40682695349	295.406637398769
5645	295.406757429518	295.406567968592
5650	295.406687939956	295.40649857264
5655	295.406618484737	295.406429210845
5660	295.406549063792	295.406359883143
5665	295.406479677055	295.406290589461
5670	295.406410324456	295.406221329737
5675	295.40634100593	295.406152103902
5680	295.40627172141	295.406082911891
5685	295.406202470828	295.406013753639
5690	295.406133254119	295.405944629074
5695	295.406064071214	295.405875538137
5700	295.405994922049	295.405806480757
5705	295.405925806557	295.40573745687
5710	295.405856724671	295.405668466415
5715	295.405787676328	295.405599509322
5720	295.405718661462	295.405530585524
5725	295.405649680005	295.405461694962
5730	295.405580731895	295.405392837569
5735	295.405511817066	295.405324013281
5740	295.405442935453	295.405255222033
5745	295.405374086991	295.405186463759
5750	295.405305271617	295.405117738398
5755	295.405236489265	295.405049045886
5760	295.405167739872	295.404980386157
5765	295.405099023374	295.404911759152
5770	295.405030339707	295.404843164804
5775	295.404961688809	295.404774603053
5780	295.404893070615	295.404706073834
5785	295.404824485063	295.404637577085
5790	295.40475593209	295.404569112742
5795	295.404687411632	295.404500680748
5800	295.404618923628	295.404432281034
5805	295.404550468014	295.404363913541
5810	295.404482044729	295.40429557821
5815	295.404413653711	295.404227274975
5820	295.404345294897	295.404159003778
5825	295.404276968227	295.404090764556
5830	295.404208673638	295.404022557248
5835	295.404140411069	295.403954381794
5840	295.40407218046	295.403886238132
5845	295.404003981748	295.403818126201
5850	295.403935814873	295.403750045945
5855	295.403867679775	295.403681997297
5860	295.403799576392	295.403613980203
5865	295.403731504666	295.403545994599
5870	295.403663464535	295.403478040427
5875	295.403595455938	295.403410117628
5880	295.403527478818	295.403342226142
5885	295.403459533113	295.403274365911
5890	295.403391618766	295.403206536875
5895	295.403323735716	295.403138738973
5900	295.403255883903	295.403070972151
5905	295.403188063271	295.403003236348
5910	295.403120273758	295.402935531501
5915	295.403052515307	295.40286785756
5920	295.402984787859	295.40280021446
5925	295.402917091355	295.402732602151
5930	295.402849425739	295.402665020569
5935	295.402781790952	295.402597469659
5940	295.402714186935	295.40252994936
5945	295.402646613632	295.40246245962
5950	295.402579070984	295.402395000378
5955	295.402511558935	295.402327571579
5960	295.402444077427	295.402260173167
5965	295.402376626404	295.402192805082
5970	295.402309205807	295.402125467272
5975	295.402241815582	295.402058159676
5980	295.40217445567	295.401990882242
5985	295.402107126016	295.401923634913
5990	295.402039826563	295.401856417633
5995	295.401972557256	295.401789230346
6000	295.401905318039	295.401722072997
